Title,Player,Card Number,Set,Manufacturer,Season,League,Features,Images,Market Avg (eBay 90d USD),Last Sold Raw (USD),Last Sold Raw Title,Last Sold Raw URL,Last Sold Raw Ended,Team,id,sport,year,set,subset,card_number,player,team,league,parallel,insert,rookie,autograph,serial_number,grade,condition,quantity,purchase_price,value,currency,notes,image,image_back,source,timestamp,Custom label (SKU),Notes
2024 Topps Finest MLS 137 Liel Abada Aqua Refractor,Liel Abada,137,Topps Finest MLS,Topps,2023-2024,MLS,Aqua Refractor,https://sportscards.standard.us-east-1.oortstorages.com/new%20card%20scans%202/card%20matcher/Untitled-4_0001_Layer%205.jpg|https://sportscards.standard.us-east-1.oortstorages.com/new%20card%20scans%202/card%20matcher/Untitled-5_0001_Layer%206.jpg,,,,,,Charlotte FC,c_f5655a90,,2023.0,Topps Finest MLS,,137,Liel Abada,Charlotte FC,MLS,,,,,,,raw,1.0,,,USD,,https://sportscards.standard.us-east-1.oortstorages.com/new%20card%20scans%202/card%20matcher/Untitled-4_0001_Layer%205.jpg,https://sportscards.standard.us-east-1.oortstorages.com/new%20card%20scans%202/card%20matcher/Untitled-5_0001_Layer%206.jpg,,2026-02-04T01:59:04.877Z,,
2024 Topps Finest MLS 285 Zardes Refractor,Gyasi Zardes,285,Topps Finest MLS,Topps,2024,MLS,Oil Spill Refractor,https://sportscards.standard.us-east-1.oortstorages.com/new%20card%20scans%202/card%20matcher/Untitled-15_0011_Layer%20120.jpg|https://sportscards.standard.us-east-1.oortstorages.com/new%20card%20scans%202/card%20matcher/Untitled-15_0005_Layer%20126.jpg,,,,,,Austin FC,c_35b8ce18,,2024.0,Topps Finest MLS,,285,Gyasi Zardes,Austin FC,MLS,,,,,,,raw,1.0,,,USD,,https://sportscards.standard.us-east-1.oortstorages.com/new%20card%20scans%202/card%20matcher/Untitled-15_0011_Layer%20120.jpg,https://sportscards.standard.us-east-1.oortstorages.com/new%20card%20scans%202/card%20matcher/Untitled-15_0005_Layer%20126.jpg,,2026-02-04T01:59:04.879Z,,
2022-23 Topps Merlin Chrome UEFA Club Competitions 16 Gabriel Jesus Refractor,Gabriel Jesus,16,2223 Topps Merlin Chrome UEFA Club Competitions,Topps,2022-23,Premier League,Refractor,https://sportscards.standard.us-east-1.oortstorages.com/new%20card%20scans%202/card%20matcher/Untitled-24_0003_Layer%20133.jpg|https://sportscards.standard.us-east-1.oortstorages.com/new%20card%20scans%202/card%20matcher/Untitled-24-back_0005_Layer%20132.jpg,,,,,,Arsenal,c_7dc56992,,2022.0,2223 Topps Merlin Chrome UEFA Club Competitions,,16,Gabriel Jesus,Arsenal,Premier League,,,,,,,raw,1.0,,,USD,,https://sportscards.standard.us-east-1.oortstorages.com/new%20card%20scans%202/card%20matcher/Untitled-24_0003_Layer%20133.jpg,https://sportscards.standard.us-east-1.oortstorages.com/new%20card%20scans%202/card%20matcher/Untitled-24-back_0005_Layer%20132.jpg,,2026-02-04T01:59:04.879Z,,
2023-24 Panini Select Premier League 223 Gabriel Martinelli Red Ice,Gabriel Martinelli,223,Panini Select Premier League,Panini,2023-24,Premier League,Red Ice,https://sportscards.standard.us-east-1.oortstorages.com/new%20card%20scans%202/card%20matcher/Untitled-44_0006_Layer%2029.jpg|https://sportscards.standard.us-east-1.oortstorages.com/new%20card%20scans%202/card%20matcher/Untitled-44_0000_Layer%2035.jpg,,,,,,Arsenal,c_1ed8ecf3,,2023.0,Panini Select Premier League,,223,Gabriel Martinelli,Arsenal,Premier League,,,,,,,raw,1.0,,,USD,,https://sportscards.standard.us-east-1.oortstorages.com/new%20card%20scans%202/card%20matcher/Untitled-44_0006_Layer%2029.jpg,https://sportscards.standard.us-east-1.oortstorages.com/new%20card%20scans%202/card%20matcher/Untitled-44_0000_Layer%2035.jpg,,2026-02-04T01:59:04.879Z,,
2024 Topps Finest MLS Gabriel Pec,Gabriel Pec,FD11,Topps Finest MLS,Topps,2024,MLS,-,https://sportscards.standard.us-east-1.oortstorages.com/new%20card%20scans%202/card%20matcher/Untitled-20_0006_Layer%20174.jpg|https://sportscards.standard.us-east-1.oortstorages.com/new%20card%20scans%202/card%20matcher/Untitled-20_0000_Layer%20180.jpg,,,,,,LA Galaxy,c_fb5a51df,,2024.0,Topps Finest MLS,,FD11,Gabriel Pec,LA Galaxy,MLS,,,,,,,raw,1.0,,,USD,,https://sportscards.standard.us-east-1.oortstorages.com/new%20card%20scans%202/card%20matcher/Untitled-20_0006_Layer%20174.jpg,https://sportscards.standard.us-east-1.oortstorages.com/new%20card%20scans%202/card%20matcher/Untitled-20_0000_Layer%20180.jpg,,2026-02-04T01:59:04.879Z,,
2024 Finest MLS Gabriel Pirani #79 Neon Green Refractor RC,Gabriel Pirani,79,2024 Topps Finest MLS,Topps,2024,MLS,Neon Green Refractor,https://sportscards.standard.us-east-1.oortstorages.com/new%20card%20scans%202/card%20matcher/nexr_0005_Layer%2045.jpg|https://sportscards.standard.us-east-1.oortstorages.com/new%20card%20scans%202/card%20matcher/nexr_0000_Layer%2050.jpg,,,,,,DC United (on loan from Santos FC),c_be87ac96,,2024.0,2024 Topps Finest MLS,,79,Gabriel Pirani,DC United (on loan from Santos FC),MLS,,,,,,,raw,1.0,,,USD,,https://sportscards.standard.us-east-1.oortstorages.com/new%20card%20scans%202/card%20matcher/nexr_0005_Layer%2045.jpg,https://sportscards.standard.us-east-1.oortstorages.com/new%20card%20scans%202/card%20matcher/nexr_0000_Layer%2050.jpg,,2026-02-04T01:59:04.880Z,,
2023-24 Panini Select Premier League 222 Martin Odegaard Red Ice,Martin Odegaard,222,Panini Select Premier League,Panini,2023–24,Premier League,Red Ice,https://sportscards.standard.us-east-1.oortstorages.com/new%20card%20scans%202/card%20matcher/Untitled-44_0010_Layer%2025.jpg|https://sportscards.standard.us-east-1.oortstorages.com/new%20card%20scans%202/card%20matcher/Untitled-56_0002_Layer%2042.jpg,,,,,,Arsenal,c_2ed0bd33,,2023.0,Panini Select Premier League,,222,Martin Odegaard,Arsenal,Premier League,,,,,,,raw,1.0,,,USD,,https://sportscards.standard.us-east-1.oortstorages.com/new%20card%20scans%202/card%20matcher/Untitled-44_0010_Layer%2025.jpg,https://sportscards.standard.us-east-1.oortstorages.com/new%20card%20scans%202/card%20matcher/Untitled-56_0002_Layer%2042.jpg,,2026-02-04T01:59:04.879Z,,
2024-25 Panini Donruss FIFA #92 Martin Odegaard Silver Prizm Arsenal,Martin Odegaard,92,Panini Donruss,Panini,2024-2025,Premier League,Silver,https://sportscards.standard.us-east-1.oortstorages.com/new%20card%20scans%202/card%20matcher/Untitled-6_0002_Layer%2011.jpg|https://sportscards.standard.us-east-1.oortstorages.com/new%20card%20scans%202/card%20matcher/Untitled-7_0002_Layer%2017.jpg,,,,,,Arsenal,c_f904a6de,,2024.0,Panini Donruss,,92,Martin Odegaard,Arsenal,Premier League,,,,,,,raw,1.0,,,USD,,https://sportscards.standard.us-east-1.oortstorages.com/new%20card%20scans%202/card%20matcher/Untitled-6_0002_Layer%2011.jpg,https://sportscards.standard.us-east-1.oortstorages.com/new%20card%20scans%202/card%20matcher/Untitled-7_0002_Layer%2017.jpg,,2026-02-04T01:59:04.878Z,,
2024-25 Panini Donruss FIFA Magicians #4 Martin Odegaard Insert Arsenal,Martin Odegaard,4,Panini Donruss,Panini,2024-2025,Premier League,Optic,https://sportscards.standard.us-east-1.oortstorages.com/new%20card%20scans%202/card%20matcher/Untitled-6_0001_Layer%2012.jpg|https://sportscards.standard.us-east-1.oortstorages.com/new%20card%20scans%202/card%20matcher/Untitled-7_0001_Layer%2018.jpg,,,,,,Arsenal,c_4ec6cc33,,2024.0,Panini Donruss,,4,Martin Odegaard,Arsenal,Premier League,,,,,,,raw,1.0,,,USD,,https://sportscards.standard.us-east-1.oortstorages.com/new%20card%20scans%202/card%20matcher/Untitled-6_0001_Layer%2012.jpg,https://sportscards.standard.us-east-1.oortstorages.com/new%20card%20scans%202/card%20matcher/Untitled-7_0001_Layer%2018.jpg,,2026-02-04T01:59:04.878Z,,
2023-24 Panini Select Premier League 200 Mario Lemina Pink,Mario Lemina,200,Topps Merlin,Topps,2023-24,Premier League,Select,https://sportscards.standard.us-east-1.oortstorages.com/new%20card%20scans%202/card%20matcher/Untitled-55_0010_Layer%2034.jpg|https://sportscards.standard.us-east-1.oortstorages.com/new%20card%20scans%202/card%20matcher/Untitled-55_0004_Layer%2040.jpg,,,,,,VfB Stuttgart,c_e1b14a8e,,2023.0,Topps Merlin,,200,Mario Lemina,VfB Stuttgart,Premier League,,,,,,,raw,1.0,,,USD,,https://sportscards.standard.us-east-1.oortstorages.com/new%20card%20scans%202/card%20matcher/Untitled-55_0010_Layer%2034.jpg,https://sportscards.standard.us-east-1.oortstorages.com/new%20card%20scans%202/card%20matcher/Untitled-55_0004_Layer%2040.jpg,,2026-02-04T01:59:04.876Z,,
2023-24 Panini Select Premier League 200 Mario Lemina Red Ice,Mario Lemina,200,Panini Select Premier League,Panini,2023–24,Premier League,Red Ice,https://sportscards.standard.us-east-1.oortstorages.com/new%20card%20scans%202/card%20matcher/Untitled-16_0002_Layer%2092.jpg|https://sportscards.standard.us-east-1.oortstorages.com/new%20card%20scans%202/card%20matcher/Untitled-55_0004_Layer%2040.jpg,,,,,,Wolverhampton Wanderers,c_10b8071f,,2023.0,Panini Select Premier League,,200,Mario Lemina,Wolverhampton Wanderers,Premier League,,,,,,,raw,1.0,,,USD,,https://sportscards.standard.us-east-1.oortstorages.com/new%20card%20scans%202/card%20matcher/Untitled-16_0002_Layer%2092.jpg,https://sportscards.standard.us-east-1.oortstorages.com/new%20card%20scans%202/card%20matcher/Untitled-55_0004_Layer%2040.jpg,,2026-02-04T01:59:04.879Z,,
2024 Topps Finest MLS Prized Footballers Fusion #PFF10 Marco Reus Yellow/Red Insert,Marco Reus,PFF10,Topps Finest MLS,Topps,2023-24,MLS,Yellow/Red (Prized Footballers),https://sportscards.standard.us-east-1.oortstorages.com/new%20card%20scans%202/card%20matcher/Untitled-8_0006_Layer%2074.jpg|https://sportscards.standard.us-east-1.oortstorages.com/new%20card%20scans%202/card%20matcher/Untitled-8_0001_Layer%2079.jpg,,,,,,LA Galaxy,c_77a976dc,,2023.0,Topps Finest MLS,,PFF10,Marco Reus,LA Galaxy,MLS,,,,,,,raw,1.0,,,USD,,https://sportscards.standard.us-east-1.oortstorages.com/new%20card%20scans%202/card%20matcher/Untitled-8_0006_Layer%2074.jpg,https://sportscards.standard.us-east-1.oortstorages.com/new%20card%20scans%202/card%20matcher/Untitled-8_0001_Layer%2079.jpg,,2026-02-04T01:59:04.878Z,,
2022-23 Topps Merlin Chrome UEFA Club Competitions Merlin's Masters MM2 Mykhailo Mudryk,Mykhailo Mudryk,MM2,Topps Merlin,Topps,2022-23,UEFA Club Competitions,RC,https://sportscards.standard.us-east-1.oortstorages.com/new%20card%20scans%202/card%20matcher/Untitled-58_0008_Layer%2060.jpg|https://sportscards.standard.us-east-1.oortstorages.com/new%20card%20scans%202/card%20matcher/Untitled-58_0002_Layer%2066.jpg,,,,,,Chelsea,c_887000b,,2022.0,Topps Merlin,,MM2,Mykhailo Mudryk,Chelsea,UEFA Club Competitions,,,,,,,raw,1.0,,,USD,,https://sportscards.standard.us-east-1.oortstorages.com/new%20card%20scans%202/card%20matcher/Untitled-58_0008_Layer%2060.jpg,https://sportscards.standard.us-east-1.oortstorages.com/new%20card%20scans%202/card%20matcher/Untitled-58_0002_Layer%2066.jpg,,2026-02-04T01:59:04.878Z,,
2023-24 Panini Select Premier League 199 Hee-Chan Hwang Pink Ice,Hee-Chan Hwang,199,Panini Select Premier League,Panini,2023–24,Premier League,Pink Ice,https://sportscards.standard.us-east-1.oortstorages.com/new%20card%20scans%202/card%20matcher/Untitled-16_0004_Layer%2090.jpg|https://sportscards.standard.us-east-1.oortstorages.com/new%20card%20scans%202/card%20matcher/Untitled-16-back_0004_Layer%2090.jpg,,,,,,Wolverhampton Wanderers,c_eb3c4b3e,,2023.0,Panini Select Premier League,,199,Hee-Chan Hwang,Wolverhampton Wanderers,Premier League,,,,,,,raw,1.0,,,USD,,https://sportscards.standard.us-east-1.oortstorages.com/new%20card%20scans%202/card%20matcher/Untitled-16_0004_Layer%2090.jpg,https://sportscards.standard.us-east-1.oortstorages.com/new%20card%20scans%202/card%20matcher/Untitled-16-back_0004_Layer%2090.jpg,,2026-02-04T01:59:04.879Z,,
2024 Finest MLS Marco Reus #PA9 Pop Art Insert,Marco Reus,PA9,2024 Topps Finest MLS,Topps,2024,UEFA,Pop Art,https://sportscards.standard.us-east-1.oortstorages.com/new%20card%20scans%202/card%20matcher/firstin%20_0014_Layer%2020.jpg|https://sportscards.standard.us-east-1.oortstorages.com/new%20card%20scans%202/card%20matcher/firstin%20_0012_Layer%2034.jpg,,,,,,Borussia Dortmund,c_9b50b77c,,2024.0,2024 Topps Finest MLS,,PA9,Marco Reus,Borussia Dortmund,UEFA,,,,,,,raw,1.0,,,USD,,https://sportscards.standard.us-east-1.oortstorages.com/new%20card%20scans%202/card%20matcher/firstin%20_0014_Layer%2020.jpg,https://sportscards.standard.us-east-1.oortstorages.com/new%20card%20scans%202/card%20matcher/firstin%20_0012_Layer%2034.jpg,,2026-02-04T01:59:04.880Z,,
2023-24 Panini Select Premier League 250 Hee-Chan Hwang Red Ice,Hee-Chan Hwang,250,Panini Select Premier League,Panini,2023–24,Premier League,Red Ice,https://sportscards.standard.us-east-1.oortstorages.com/new%20card%20scans%202/card%20matcher/Untitled-16_0003_Layer%2091.jpg|https://sportscards.standard.us-east-1.oortstorages.com/new%20card%20scans%202/card%20matcher/Untitled-16-back_0003_Layer%2091.jpg,,,,,,Wolverhampton Wanderers,c_7f05e882,,2023.0,Panini Select Premier League,,250,Hee-Chan Hwang,Wolverhampton Wanderers,Premier League,,,,,,,raw,1.0,,,USD,,https://sportscards.standard.us-east-1.oortstorages.com/new%20card%20scans%202/card%20matcher/Untitled-16_0003_Layer%2091.jpg,https://sportscards.standard.us-east-1.oortstorages.com/new%20card%20scans%202/card%20matcher/Untitled-16-back_0003_Layer%2091.jpg,,2026-02-04T01:59:04.879Z,,
2024 Finest MLS Marco Reus #277 Oil Spill Refractor,Marco Reus,277,2024 Topps Finest MLS,Topps,2024,UEFA,Oil Spill Refractor,https://sportscards.standard.us-east-1.oortstorages.com/new%20card%20scans%202/card%20matcher/SCN20250517214949571%204.jpg|https://sportscards.standard.us-east-1.oortstorages.com/new%20card%20scans%202/card%20matcher/SCN20250517215126245%205.jpg,,,,,,Borussia Dortmund,c_b6b78712,,2024.0,2024 Topps Finest MLS,,277,Marco Reus,Borussia Dortmund,UEFA,,,,,,,raw,1.0,,,USD,,https://sportscards.standard.us-east-1.oortstorages.com/new%20card%20scans%202/card%20matcher/SCN20250517215126245%205.jpg,https://sportscards.standard.us-east-1.oortstorages.com/new%20card%20scans%202/card%20matcher/SCN20250517214949571%204.jpg,,2026-02-04T01:59:04.879Z,,
2024 Finest MLS Houston Dynamo #TL15 Team Logo Patch,Houston Dynamo,TL15,2024 Topps Finest MLS,Topps,2024,MLS,Team Logo,https://sportscards.standard.us-east-1.oortstorages.com/new%20card%20scans%202/card%20matcher/nexr_0009_Layer%2041.jpg|https://sportscards.standard.us-east-1.oortstorages.com/new%20card%20scans%202/card%20matcher/nexr_0001_Layer%2049.jpg,,,,,,Houston Dynamo,c_97c90e7b,,2024.0,2024 Topps Finest MLS,,TL15,Houston Dynamo,Houston Dynamo,MLS,,,,,,,raw,1.0,,,USD,,https://sportscards.standard.us-east-1.oortstorages.com/new%20card%20scans%202/card%20matcher/nexr_0009_Layer%2041.jpg,https://sportscards.standard.us-east-1.oortstorages.com/new%20card%20scans%202/card%20matcher/nexr_0001_Layer%2049.jpg,,2026-02-04T01:59:04.877Z,,
2024 Topps Finest MLS Hugo Cuypers,Hugo Cuypers,7,Topps Finest MLS,Topps,2024,MLS,Base,https://sportscards.standard.us-east-1.oortstorages.com/new%20card%20scans%202/card%20matcher/Untitled-18_0008_Layer%20148.jpg|https://sportscards.standard.us-east-1.oortstorages.com/new%20card%20scans%202/card%20matcher/Untitled-18_0002_Layer%20154.jpg,,,,,,Chicago Fire FC,c_935334e0,,2024.0,Topps Finest MLS,,7,Hugo Cuypers,Chicago Fire FC,MLS,,,,,,,raw,1.0,,,USD,,https://sportscards.standard.us-east-1.oortstorages.com/new%20card%20scans%202/card%20matcher/Untitled-18_0008_Layer%20148.jpg,https://sportscards.standard.us-east-1.oortstorages.com/new%20card%20scans%202/card%20matcher/Untitled-18_0002_Layer%20154.jpg,,2026-02-04T01:59:04.879Z,,
2023-24 Topps Merlin UEFA Club Competitions Merlin's Chosen Ones MC6 Marc Guiu,Marc Guiu,MC6,Topps Merlin,Topps,2023-24,UEFA Club Competitions,RC,https://sportscards.standard.us-east-1.oortstorages.com/new%20card%20scans%202/card%20matcher/Untitled-57_0010_Layer%2046.jpg|https://sportscards.standard.us-east-1.oortstorages.com/new%20card%20scans%202/card%20matcher/Untitled-57_0004_Layer%2052.jpg,,,,,,Barcelona B,c_bacf50d9,,2023.0,Topps Merlin,,MC6,Marc Guiu,Barcelona B,UEFA Club Competitions,,,,,,,raw,1.0,,,USD,,https://sportscards.standard.us-east-1.oortstorages.com/new%20card%20scans%202/card%20matcher/Untitled-57_0010_Layer%2046.jpg,https://sportscards.standard.us-east-1.oortstorages.com/new%20card%20scans%202/card%20matcher/Untitled-57_0004_Layer%2052.jpg,,2026-02-04T01:59:04.878Z,,
2023-24 Topps Merlin UEFA Club Competitions Merlin's Chosen Ones MC5 Ibrahim Osman,Ibrahim Osman,MC5,Topps Merlin,Topps,2023-24,UEFA Club Competitions,RC,https://sportscards.standard.us-east-1.oortstorages.com/new%20card%20scans%202/card%20matcher/Untitled-57_0011_Layer%2045.jpg|https://sportscards.standard.us-east-1.oortstorages.com/new%20card%20scans%202/card%20matcher/Untitled-57_0005_Layer%2051.jpg,,,,,,FC Nordsjælland,c_98efccdd,,2023.0,Topps Merlin,,MC5,Ibrahim Osman,FC Nordsjælland,UEFA Club Competitions,,,,,,,raw,1.0,,,USD,,https://sportscards.standard.us-east-1.oortstorages.com/new%20card%20scans%202/card%20matcher/Untitled-57_0011_Layer%2045.jpg,https://sportscards.standard.us-east-1.oortstorages.com/new%20card%20scans%202/card%20matcher/Untitled-57_0005_Layer%2051.jpg,,2026-02-04T01:59:04.878Z,,
2022 UEFA Isak Bergmann Jóhannesson #189 Neon Green Foil,Isak Bergmann Johannesson,189,2022 Topps UEFA Club Competitions,Topps,2022,UEFA,Neon Green Foil,https://sportscards.standard.us-east-1.oortstorages.com/new%20card%20scans%202/card%20matcher/Untitled-41_0000_Layer%206.jpg|https://sportscards.standard.us-east-1.oortstorages.com/new%20card%20scans%202/card%20matcher/Untitled-42_0004_Layer%206.jpg,,,,,,Copenhagen,c_98a5e2ad,,2022.0,2022 Topps UEFA Club Competitions,,189,Isak Bergmann Johannesson,Copenhagen,UEFA,,,,,,,raw,1.0,,,USD,,https://sportscards.standard.us-east-1.oortstorages.com/new%20card%20scans%202/card%20matcher/Untitled-41_0000_Layer%206.jpg,https://sportscards.standard.us-east-1.oortstorages.com/new%20card%20scans%202/card%20matcher/Untitled-42_0004_Layer%206.jpg,,2026-02-04T01:59:04.880Z,,
2024 Topps Finest MLS 249 Robin Lod Oil Spill Refractor,Robin Lod,249,Topps Finest MLS,Topps,2024,MLS,Oil Spill Refractor,https://sportscards.standard.us-east-1.oortstorages.com/new%20card%20scans%202/card%20matcher/Untitled-15_0007_Layer%20124.jpg|https://sportscards.standard.us-east-1.oortstorages.com/new%20card%20scans%202/card%20matcher/Untitled-15_0001_Layer%20130.jpg,,,,,,Minnesota United FC,c_4beba53d,,2024.0,Topps Finest MLS,,249,Robin Lod,Minnesota United FC,MLS,,,,,,,raw,1.0,,,USD,,https://sportscards.standard.us-east-1.oortstorages.com/new%20card%20scans%202/card%20matcher/Untitled-15_0007_Layer%20124.jpg,https://sportscards.standard.us-east-1.oortstorages.com/new%20card%20scans%202/card%20matcher/Untitled-15_0001_Layer%20130.jpg,,2026-02-04T01:59:04.879Z,,
2023-24 Panini Select Premier League 220 Matheus Cunha Red Ice,Matheus Cunha,220,Panini Select Premier League,Panini,2023–24,Premier League,Red Ice,https://sportscards.standard.us-east-1.oortstorages.com/new%20card%20scans%202/card%20matcher/Untitled-15_0000_Layer%2088.jpg|https://sportscards.standard.us-east-1.oortstorages.com/new%20card%20scans%202/card%20matcher/Untitled-15-back_0000_Layer%2093.jpg,,,,,,Wolverhampton Wanderers,c_ae09e373,,2023.0,Panini Select Premier League,,220,Matheus Cunha,Wolverhampton Wanderers,Premier League,,,,,,,raw,2.0,,,USD,,https://sportscards.standard.us-east-1.oortstorages.com/new%20card%20scans%202/card%20matcher/Untitled-15_0000_Layer%2088.jpg,https://sportscards.standard.us-east-1.oortstorages.com/new%20card%20scans%202/card%20matcher/Untitled-15-back_0000_Layer%2093.jpg,,2026-02-04T01:59:04.877Z,,
2023-24 Panini Select Premier League 220 Matheus Cunha Camo,Matheus Cunha,220,Panini Select,Panini,2023-24,Premier League,Select,https://sportscards.standard.us-east-1.oortstorages.com/new%20card%20scans%202/card%20matcher/Untitled-15_0001_Layer%2087.jpg|https://sportscards.standard.us-east-1.oortstorages.com/new%20card%20scans%202/card%20matcher/Untitled-15-back_0001_Layer%2092.jpg,,,,,,Wolverhampton Wanderers,c_31c4fa60,,2023.0,Panini Select,,220,Matheus Cunha,Wolverhampton Wanderers,Premier League,,,,,,,raw,1.0,,,USD,,https://sportscards.standard.us-east-1.oortstorages.com/new%20card%20scans%202/card%20matcher/Untitled-15_0001_Layer%2087.jpg,https://sportscards.standard.us-east-1.oortstorages.com/new%20card%20scans%202/card%20matcher/Untitled-15-back_0001_Layer%2092.jpg,,2026-02-04T01:59:04.877Z,,
2024 Topps Finest MLS Finest Fabrics Relics #FFRP Riqui Puig Gold Refractor LA Galaxy,Riqui Puig,FFRP,Topps Finest MLS,Topps,2023-24,MLS,Gold Refractor,https://sportscards.standard.us-east-1.oortstorages.com/new%20card%20scans%202/card%20matcher/Puig_Jersey_0000_Layer%201.jpg|https://sportscards.standard.us-east-1.oortstorages.com/new%20card%20scans%202/card%20matcher/Puig_Jersey_0001_Layer%202.jpg,,,,,,LA Galaxy,c_c496186b,,2023.0,Topps Finest MLS,,FFRP,Riqui Puig,LA Galaxy,MLS,,,,,,,raw,1.0,,,USD,,https://sportscards.standard.us-east-1.oortstorages.com/new%20card%20scans%202/card%20matcher/Puig_Jersey_0000_Layer%201.jpg,https://sportscards.standard.us-east-1.oortstorages.com/new%20card%20scans%202/card%20matcher/Puig_Jersey_0001_Layer%202.jpg,,2026-02-04T01:59:04.878Z,,
2023-24 Topps Chrome UEFA Club Competitions 1998 Topps Chrome Shooting Stars 98-7 Vitor Roque,Vitor Roque,98-7,Topps Chrome,Topps,2023-24,UEFA Club Competitions,RC,https://sportscards.standard.us-east-1.oortstorages.com/new%20card%20scans%202/card%20matcher/Untitled-1_0011_Layer%2037.jpg|https://sportscards.standard.us-east-1.oortstorages.com/new%20card%20scans%202/card%20matcher/Untitled-1_0005_Layer%2043.jpg,,,,,,Barcelona,c_81fce492,,2023.0,Topps Chrome,,98-7,Vitor Roque,Barcelona,UEFA Club Competitions,,,,,,,raw,1.0,,,USD,,https://sportscards.standard.us-east-1.oortstorages.com/new%20card%20scans%202/card%20matcher/Untitled-1_0011_Layer%2037.jpg,https://sportscards.standard.us-east-1.oortstorages.com/new%20card%20scans%202/card%20matcher/Untitled-1_0005_Layer%2043.jpg,,2026-02-04T01:59:04.878Z,,
2022-23 Topps Merlin Chrome UEFA Club Competitions 13 Eddie Nketiah Refractor,Eddie Nketiah,13,2223 Topps Merlin Chrome UEFA Club Competitions,Topps,2022-23,Premier League,Refractor,https://sportscards.standard.us-east-1.oortstorages.com/new%20card%20scans%202/card%20matcher/Untitled-24_0004_Layer%20132.jpg|https://sportscards.standard.us-east-1.oortstorages.com/new%20card%20scans%202/card%20matcher/Untitled-24-back_0004_Layer%20133.jpg,,,,,,Arsenal,c_d63bc658,,2022.0,2223 Topps Merlin Chrome UEFA Club Competitions,,13,Eddie Nketiah,Arsenal,Premier League,,,,,,,raw,1.0,,,USD,,https://sportscards.standard.us-east-1.oortstorages.com/new%20card%20scans%202/card%20matcher/Untitled-24_0004_Layer%20132.jpg,https://sportscards.standard.us-east-1.oortstorages.com/new%20card%20scans%202/card%20matcher/Untitled-24-back_0004_Layer%20133.jpg,,2026-02-04T01:59:04.877Z,,
2024 Topps Finest MLS #123 Eduard Lowen Aqua Refractor St. Louis City,Eduard Lowen,123,Topps Finest MLS,Topps,2023-24,MLS,Aqua Refractor,https://sportscards.standard.us-east-1.oortstorages.com/new%20card%20scans%202/card%20matcher/Untitled-10_0008_Layer%2085.jpg|https://sportscards.standard.us-east-1.oortstorages.com/new%20card%20scans%202/card%20matcher/Untitled-10_0002_Layer%2091.jpg,,,,,,St. Louis City SC,c_8c4d496c,,2023.0,Topps Finest MLS,,123,Eduard Lowen,St. Louis City SC,MLS,,,,,,,raw,1.0,,,USD,,https://sportscards.standard.us-east-1.oortstorages.com/new%20card%20scans%202/card%20matcher/Untitled-10_0008_Layer%2085.jpg,https://sportscards.standard.us-east-1.oortstorages.com/new%20card%20scans%202/card%20matcher/Untitled-10_0002_Layer%2091.jpg,,2026-02-04T01:59:04.879Z,,
2024 Topps Finest MLS CF Montreal Team Logo,Montreal,TL3,Topps Finest MLS,Topps,2024,MLS,Team Logo,https://sportscards.standard.us-east-1.oortstorages.com/new%20card%20scans%202/card%20matcher/Untitled-21_0008_Layer%20173.jpg|https://sportscards.standard.us-east-1.oortstorages.com/new%20card%20scans%202/card%20matcher/Untitled-21_0002_Layer%20179.jpg,,,,,,CF Montreal,c_57dd0ed0,,2024.0,Topps Finest MLS,,TL3,Montreal,CF Montreal,MLS,,,,,,,raw,1.0,,,USD,,https://sportscards.standard.us-east-1.oortstorages.com/new%20card%20scans%202/card%20matcher/Untitled-21_0008_Layer%20173.jpg,https://sportscards.standard.us-east-1.oortstorages.com/new%20card%20scans%202/card%20matcher/Untitled-21_0002_Layer%20179.jpg,,2026-02-04T01:59:04.879Z,,
2024-25 Panini Donruss FIFA Emiliano Martinez Crunch Time,Emiliano Martinez,19,Panini Donruss FIFA,Panini,2024,FIFA,Crunch Time,https://sportscards.standard.us-east-1.oortstorages.com/new%20card%20scans%202/card%20matcher/Untitled-19_0008_Layer%20160.jpg|https://sportscards.standard.us-east-1.oortstorages.com/new%20card%20scans%202/card%20matcher/Untitled-19_0002_Layer%20166.jpg,,,,,,Argentina,c_db30e15f,,2024.0,Panini Donruss FIFA,,19,Emiliano Martinez,Argentina,FIFA,,,,,,,raw,1.0,,,USD,,https://sportscards.standard.us-east-1.oortstorages.com/new%20card%20scans%202/card%20matcher/Untitled-19_0008_Layer%20160.jpg,https://sportscards.standard.us-east-1.oortstorages.com/new%20card%20scans%202/card%20matcher/Untitled-19_0002_Layer%20166.jpg,,2026-02-04T01:59:04.879Z,,
2023-24 Panini Select Premier League 15 Emiliano Martinez Red,Emiliano Martinez,15,Panini Select Premier League,Panini,2023-24,Premier League,Red,https://sportscards.standard.us-east-1.oortstorages.com/new%20card%20scans%202/card%20matcher/Untitled-45_0009_Layer%203.jpg|https://sportscards.standard.us-east-1.oortstorages.com/new%20card%20scans%202/card%20matcher/Untitled-45_0003_Layer%209.jpg,,,,,,Aston Villa,c_4eb8b8c5,,2023.0,Panini Select Premier League,,15,Emiliano Martinez,Aston Villa,Premier League,,,,,,,raw,2.0,,,USD,,https://sportscards.standard.us-east-1.oortstorages.com/new%20card%20scans%202/card%20matcher/Untitled-45_0009_Layer%203.jpg,https://sportscards.standard.us-east-1.oortstorages.com/new%20card%20scans%202/card%20matcher/Untitled-45_0003_Layer%209.jpg,,2026-02-04T01:59:04.879Z,,
2024-25 Panini Donruss FIFA Enzo Fernandez Zero Gravity,Enzo Fernandez,21,Panini Donruss FIFA,Panini,2024-25,Premier League,Zero Gravity,https://sportscards.standard.us-east-1.oortstorages.com/new%20card%20scans%202/card%20matcher/Untitled-19_0006_Layer%20162.jpg|https://sportscards.standard.us-east-1.oortstorages.com/new%20card%20scans%202/card%20matcher/Untitled-19_0000_Layer%20168.jpg,,,,,,Argentina,c_83b1eae5,,2024.0,Panini Donruss FIFA,,21,Enzo Fernandez,Argentina,Premier League,,,,,,,raw,1.0,,,USD,,https://sportscards.standard.us-east-1.oortstorages.com/new%20card%20scans%202/card%20matcher/Untitled-19_0006_Layer%20162.jpg,https://sportscards.standard.us-east-1.oortstorages.com/new%20card%20scans%202/card%20matcher/Untitled-19_0000_Layer%20168.jpg,,2026-02-04T01:59:04.876Z,,
2022 UEFA Mohamed Daramy #81 Icy Aqua Foil,Mohamed Daramy,81,2022 Topps UEFA Club Competitions,Topps,2022,UEFA,Icy Aqua Foil,https://sportscards.standard.us-east-1.oortstorages.com/new%20card%20scans%202/card%20matcher/Untitled-41_0002_Layer%204.jpg|https://sportscards.standard.us-east-1.oortstorages.com/new%20card%20scans%202/card%20matcher/Untitled-42_0000_Layer%2010.jpg,,,,,,Reims (on loan from Ajax),c_8b509603,,2022.0,2022 Topps UEFA Club Competitions,,81,Mohamed Daramy,Reims (on loan from Ajax),UEFA,,,,,,,raw,1.0,,,USD,,https://sportscards.standard.us-east-1.oortstorages.com/new%20card%20scans%202/card%20matcher/Untitled-41_0002_Layer%204.jpg,https://sportscards.standard.us-east-1.oortstorages.com/new%20card%20scans%202/card%20matcher/Untitled-42_0000_Layer%2010.jpg,,2026-02-04T01:59:04.880Z,,
2022-23 Topps Merlin Chrome UEFA Club Competitions 147 Enzo Fernandez Aqua Prism Refractor,Enzo Fernández,147,Topps Merlin,Topps,2022-23,UEFA Club Competitions,RC,https://sportscards.standard.us-east-1.oortstorages.com/new%20card%20scans%202/card%20matcher/Untitled-59_0006_Layer%2063.jpg|https://sportscards.standard.us-east-1.oortstorages.com/new%20card%20scans%202/card%20matcher/Untitled-59_0000_Layer%2069.jpg,,,,,,Chelsea,c_374b5c16,,2022.0,Topps Merlin,,147,Enzo Fernández,Chelsea,UEFA Club Competitions,,,,,,,raw,1.0,,,USD,,https://sportscards.standard.us-east-1.oortstorages.com/new%20card%20scans%202/card%20matcher/Untitled-59_0006_Layer%2063.jpg,https://sportscards.standard.us-east-1.oortstorages.com/new%20card%20scans%202/card%20matcher/Untitled-59_0000_Layer%2069.jpg,,2026-02-04T01:59:04.876Z,,
2022-23 Topps Merlin Chrome UEFA Club Competitions 123 Mohamed Ali Cho Aqua Prism Refractor,Mohamed Ali Cho,123,Topps Merlin,Topps,2022-23,UEFA Club Competitions,RC,https://sportscards.standard.us-east-1.oortstorages.com/new%20card%20scans%202/card%20matcher/Untitled-49_0007_Layer%2020.jpg|https://sportscards.standard.us-east-1.oortstorages.com/new%20card%20scans%202/card%20matcher/Untitled-49_0001_Layer%2026.jpg,,,,,,Nice,c_e87e9f50,,2022.0,Topps Merlin,,123,Mohamed Ali Cho,Nice,UEFA Club Competitions,,,,,,,raw,1.0,,,USD,,https://sportscards.standard.us-east-1.oortstorages.com/new%20card%20scans%202/card%20matcher/Untitled-49_0007_Layer%2020.jpg,https://sportscards.standard.us-east-1.oortstorages.com/new%20card%20scans%202/card%20matcher/Untitled-49_0001_Layer%2026.jpg,,2026-02-04T01:59:04.877Z,,
2024 Topps Finest MLS 100 Riqui Puig Refractor,Riqui Puig,100,Topps Finest MLS,Topps,2024,MLS,Refractor,https://sportscards.standard.us-east-1.oortstorages.com/new%20card%20scans%202/card%20matcher/Untitled-16_0010_Layer%20133.jpg|https://sportscards.standard.us-east-1.oortstorages.com/new%20card%20scans%202/card%20matcher/Untitled-16_0004_Layer%20139.jpg,,,,,,LA Galaxy,c_5f3bca69,,2024.0,Topps Finest MLS,,100,Riqui Puig,LA Galaxy,MLS,,,,,,,raw,1.0,,,USD,,https://sportscards.standard.us-east-1.oortstorages.com/new%20card%20scans%202/card%20matcher/Untitled-16_0010_Layer%20133.jpg,https://sportscards.standard.us-east-1.oortstorages.com/new%20card%20scans%202/card%20matcher/Untitled-16_0004_Layer%20139.jpg,,2026-02-04T01:59:04.879Z,,
2024-25 Panini Donruss FIFA #96 Erling Haaland Optic Prizm Manchester City,Erling Haaland,96,Panini Donruss,Panini,2024-2025,Premier League,Optic,https://sportscards.standard.us-east-1.oortstorages.com/new%20card%20scans%202/card%20matcher/Untitled-6_0000_Layer%2013.jpg|https://sportscards.standard.us-east-1.oortstorages.com/new%20card%20scans%202/card%20matcher/Untitled-7_0002_Layer%2017.jpg,,,,,,Manchester City,c_9eee9a22,,2024.0,Panini Donruss,,96,Erling Haaland,Manchester City,Premier League,,,,,,,raw,1.0,,,USD,,https://sportscards.standard.us-east-1.oortstorages.com/new%20card%20scans%202/card%20matcher/Untitled-6_0000_Layer%2013.jpg,https://sportscards.standard.us-east-1.oortstorages.com/new%20card%20scans%202/card%20matcher/Untitled-7_0002_Layer%2017.jpg,,2026-02-04T01:59:04.878Z,,
2024 Finest MLS Maya Yoshida #264 Oil Spill Refractor,Maya Yoshida,264,2024 Topps Finest MLS,Topps,2024,MLS,Oil Spill Refractor,https://sportscards.standard.us-east-1.oortstorages.com/new%20card%20scans%202/card%20matcher/oilspills_0000_Layer%208.jpg|https://sportscards.standard.us-east-1.oortstorages.com/new%20card%20scans%202/card%20matcher/oilspills_0005_Layer%203.jpg,,,,,,LA Galaxy,c_be24fb64,,2024.0,2024 Topps Finest MLS,,264,Maya Yoshida,LA Galaxy,MLS,,,,,,,raw,1.0,,,USD,,https://sportscards.standard.us-east-1.oortstorages.com/new%20card%20scans%202/card%20matcher/oilspills_0000_Layer%208.jpg,https://sportscards.standard.us-east-1.oortstorages.com/new%20card%20scans%202/card%20matcher/oilspills_0005_Layer%203.jpg,,2026-02-04T01:59:04.879Z,,
2024-25 Topps UEFA Club Competitions #9 Erling Haaland Manchester City NM-MT,Erling Haaland,9,Topps UEFA,Topps,2024-2025,Premier League,Base,https://sportscards.standard.us-east-1.oortstorages.com/new%20card%20scans%202/card%20matcher/Untitled-6_0003_Layer%2010.jpg|https://sportscards.standard.us-east-1.oortstorages.com/new%20card%20scans%202/card%20matcher/Untitled-7_0003_Layer%2016.jpg,,,,,,Manchester City,c_7c6d5d26,,2024.0,Topps UEFA,,9,Erling Haaland,Manchester City,Premier League,,,,,,,raw,1.0,,,USD,,https://sportscards.standard.us-east-1.oortstorages.com/new%20card%20scans%202/card%20matcher/Untitled-6_0003_Layer%2010.jpg,https://sportscards.standard.us-east-1.oortstorages.com/new%20card%20scans%202/card%20matcher/Untitled-7_0003_Layer%2016.jpg,,2026-02-04T01:59:04.878Z,,
2023-24 Topps Stadium Club Chrome UEFA #69 Mauro Icardi Galatasaray,Mauro Icardi,69,Topps Stadium Club Chrome,Topps,2023-24,Ligue 1,Base,https://sportscards.standard.us-east-1.oortstorages.com/new%20card%20scans%202/card%20matcher/Untitled-11_0006_Layer%2099.jpg|https://sportscards.standard.us-east-1.oortstorages.com/new%20card%20scans%202/card%20matcher/Untitled-11_0000_Layer%20105.jpg,,,,,,Paris Saint-Germain F.C.,c_22342eeb,,2023.0,Topps Stadium Club Chrome,,69,Mauro Icardi,Paris Saint-Germain F.C.,Ligue 1,,,,,,,raw,1.0,,,USD,,https://sportscards.standard.us-east-1.oortstorages.com/new%20card%20scans%202/card%20matcher/Untitled-11_0006_Layer%2099.jpg,https://sportscards.standard.us-east-1.oortstorages.com/new%20card%20scans%202/card%20matcher/Untitled-11_0000_Layer%20105.jpg,,2026-02-04T01:59:04.879Z,,
2024 Topps Finest MLS Riqui Puig Neon Green Refractor /99 LA Galaxy,Riqui Puig,202,Topps Finest MLS,Topps,2024-25,MLS,Neon Green Refractor,https://sportscards.standard.us-east-1.oortstorages.com/new%20card%20scans%202/card%20matcher/Untitled-9_0006_Layer%2086.jpg|https://sportscards.standard.us-east-1.oortstorages.com/new%20card%20scans%202/card%20matcher/Untitled-16_0003_Layer%20140.jpg,,,,,,LA Galaxy,c_507cdec6,,2024.0,Topps Finest MLS,,202,Riqui Puig,LA Galaxy,MLS,,,,,,,raw,2.0,,,USD,,https://sportscards.standard.us-east-1.oortstorages.com/new%20card%20scans%202/card%20matcher/Untitled-9_0006_Layer%2086.jpg,https://sportscards.standard.us-east-1.oortstorages.com/new%20card%20scans%202/card%20matcher/Untitled-16_0003_Layer%20140.jpg,,2026-02-04T01:59:04.879Z,,
2023-24 Panini Select Premier League 13 Matty Cash Red Ice,Matty Cash,13,Panini Select Premier League,Panini,2023-24,Premier League,Red Ice,https://sportscards.standard.us-east-1.oortstorages.com/new%20card%20scans%202/card%20matcher/Untitled-1_0022_Layer%2026.jpg|https://sportscards.standard.us-east-1.oortstorages.com/new%20card%20scans%202/card%20matcher/Untitled-1_0016_Layer%2032.jpg,,,,,,Aston Villa,c_66dc1717,,2023.0,Panini Select Premier League,,13,Matty Cash,Aston Villa,Premier League,,,,,,,raw,1.0,,,USD,,https://sportscards.standard.us-east-1.oortstorages.com/new%20card%20scans%202/card%20matcher/Untitled-1_0022_Layer%2026.jpg,https://sportscards.standard.us-east-1.oortstorages.com/new%20card%20scans%202/card%20matcher/Untitled-1_0016_Layer%2032.jpg,,2026-02-04T01:59:04.879Z,,
2024 Panini Prizm Conmebol Copa America New Era 25 Facundo Buonanotte,Facundo Buonanotte,25,Panini Prizm,Panini,2024,Copa America,RC,https://sportscards.standard.us-east-1.oortstorages.com/new%20card%20scans%202/card%20matcher/Untitled-57_0008_Layer%2048.jpg|https://sportscards.standard.us-east-1.oortstorages.com/new%20card%20scans%202/card%20matcher/Untitled-57_0000_Layer%2056.jpg,,,,,,Brighton & Hove Albion,c_b3d5cb63,,2024.0,Panini Prizm,,25,Facundo Buonanotte,Brighton & Hove Albion,Copa America,,,,,,,raw,1.0,,,USD,,https://sportscards.standard.us-east-1.oortstorages.com/new%20card%20scans%202/card%20matcher/Untitled-57_0008_Layer%2048.jpg,https://sportscards.standard.us-east-1.oortstorages.com/new%20card%20scans%202/card%20matcher/Untitled-57_0000_Layer%2056.jpg,,2026-02-04T01:59:04.878Z,,
2023-24 Topps Merlin UEFA Club Competitions 30 Facundo Buonanotte Rose Gold Shimmer,Facundo Buonanotte,30,Topps Merlin,Topps,2023-24,UEFA Club Competitions,RC,https://sportscards.standard.us-east-1.oortstorages.com/new%20card%20scans%202/card%20matcher/Untitled-60_0006_Layer%2075.jpg|https://sportscards.standard.us-east-1.oortstorages.com/new%20card%20scans%202/card%20matcher/Untitled-60_0000_Layer%2081.jpg,,,,,,Brighton & Hove Albion,c_8db25ec8,,2023.0,Topps Merlin,,30,Facundo Buonanotte,Brighton & Hove Albion,UEFA Club Competitions,,,,,,,raw,1.0,,,USD,,https://sportscards.standard.us-east-1.oortstorages.com/new%20card%20scans%202/card%20matcher/Untitled-60_0006_Layer%2075.jpg,https://sportscards.standard.us-east-1.oortstorages.com/new%20card%20scans%202/card%20matcher/Untitled-60_0000_Layer%2081.jpg,,2026-02-04T01:59:04.878Z,,
2024 Topps Finest MLS 211 Ryan Gauld Oil Spill Refractor,Ryan Gauld,211,Topps Finest MLS,Topps,2024,MLS,Oil Spill Refractor,https://sportscards.standard.us-east-1.oortstorages.com/new%20card%20scans%202/card%20matcher/Untitled-14_0006_Layer%20124.jpg|https://sportscards.standard.us-east-1.oortstorages.com/new%20card%20scans%202/card%20matcher/Untitled-14_0000_Layer%20130.jpg,,,,,,Vancouver Whitecaps,c_1286b17a,,2024.0,Topps Finest MLS,,211,Ryan Gauld,Vancouver Whitecaps,MLS,,,,,,,raw,1.0,,,USD,,https://sportscards.standard.us-east-1.oortstorages.com/new%20card%20scans%202/card%20matcher/Untitled-14_0006_Layer%20124.jpg,https://sportscards.standard.us-east-1.oortstorages.com/new%20card%20scans%202/card%20matcher/Untitled-14_0000_Layer%20130.jpg,,2026-02-04T01:59:04.879Z,,
2022-23 Topps Merlin Chrome UEFA Club Competitions 75 Issa Kabore Aqua Prism Refractor,Issa Kabore,75,Topps Merlin,Topps,2022-23,UEFA Club Competitions,RC,https://sportscards.standard.us-east-1.oortstorages.com/new%20card%20scans%202/card%20matcher/Untitled-50_0007_Layer%2021.jpg|https://sportscards.standard.us-east-1.oortstorages.com/new%20card%20scans%202/card%20matcher/Untitled-50_0001_Layer%2027.jpg,,,,,,Luton Town,c_eb027bbf,,2022.0,Topps Merlin,,75,Issa Kabore,Luton Town,UEFA Club Competitions,,,,,,,raw,1.0,,,USD,,https://sportscards.standard.us-east-1.oortstorages.com/new%20card%20scans%202/card%20matcher/Untitled-50_0007_Layer%2021.jpg,https://sportscards.standard.us-east-1.oortstorages.com/new%20card%20scans%202/card%20matcher/Untitled-50_0001_Layer%2027.jpg,,2026-02-04T01:59:04.877Z,,
2023-24 Topps Merlin UEFA Club Competitions 75 Jack Grealish Green Mojo,Jack Grealish,75,Topps Merlin,Topps,2023-24,UEFA Club Competitions,"Green, Mojo",https://sportscards.standard.us-east-1.oortstorages.com/new%20card%20scans%202/card%20matcher/Untitled-56_0010_Layer%2034.jpg|https://sportscards.standard.us-east-1.oortstorages.com/new%20card%20scans%202/card%20matcher/Untitled-56_0004_Layer%2040.jpg,,,,,,Manchester City,c_d1efd4fc,,2023.0,Topps Merlin,,75,Jack Grealish,Manchester City,UEFA Club Competitions,,,,,,,raw,1.0,,,USD,,https://sportscards.standard.us-east-1.oortstorages.com/new%20card%20scans%202/card%20matcher/Untitled-56_0010_Layer%2034.jpg,https://sportscards.standard.us-east-1.oortstorages.com/new%20card%20scans%202/card%20matcher/Untitled-56_0004_Layer%2040.jpg,,2026-02-04T01:59:04.876Z,,
2024 Topps Finest MLS Finest Dominators DO1 Lionel Messi,Lionel Messi,1,Topps Finest MLS,Topps,2023-2024,MLS,Dominators,https://sportscards.standard.us-east-1.oortstorages.com/new%20card%20scans%202/card%20matcher/Untitled-4_0002_Layer%204.jpg|https://sportscards.standard.us-east-1.oortstorages.com/new%20card%20scans%202/card%20matcher/Untitled-5_0002_Layer%205.jpg,,,,,,Inter Miami CF,c_466d68a7,,2023.0,Topps Finest MLS,,1,Lionel Messi,Inter Miami CF,MLS,,,,,,,raw,2.0,,,USD,,https://sportscards.standard.us-east-1.oortstorages.com/new%20card%20scans%202/card%20matcher/Untitled-4_0002_Layer%204.jpg,https://sportscards.standard.us-east-1.oortstorages.com/new%20card%20scans%202/card%20matcher/Untitled-5_0002_Layer%205.jpg,,2026-02-04T01:59:04.876Z,,
2023-24 Topps Stadium Club Chrome UEFA Kang-in Lee Green Refractor,Kang-in Lee,51,Topps Stadium Club Chrome UEFA,Topps,2024,Ligue 1,Green Refractor,https://sportscards.standard.us-east-1.oortstorages.com/new%20card%20scans%202/card%20matcher/Untitled-13_0010_Layer%20108.jpg|https://sportscards.standard.us-east-1.oortstorages.com/new%20card%20scans%202/card%20matcher/Untitled-13_0004_Layer%20114.jpg,,,,,,Paris Saint-Germain F.C.,c_26f68dd,,2024.0,Topps Stadium Club Chrome UEFA,,51,Kang-in Lee,Paris Saint-Germain F.C.,Ligue 1,,,,,,,raw,1.0,,,USD,,https://sportscards.standard.us-east-1.oortstorages.com/new%20card%20scans%202/card%20matcher/Untitled-13_0010_Layer%20108.jpg,https://sportscards.standard.us-east-1.oortstorages.com/new%20card%20scans%202/card%20matcher/Untitled-13_0004_Layer%20114.jpg,,2026-02-04T01:59:04.877Z,,
2023-24 Topps Stadium Club Chrome UEFA Kang-in Lee Fully Charged,Kang-in Lee,FCKIL,Topps Stadium Club Chrome UEFA,Topps,2024,Ligue 1,Fully Charged,https://sportscards.standard.us-east-1.oortstorages.com/new%20card%20scans%202/card%20matcher/Untitled-13_0009_Layer%20109.jpg|https://sportscards.standard.us-east-1.oortstorages.com/new%20card%20scans%202/card%20matcher/Untitled-13_0003_Layer%20115.jpg,,,,,,Paris Saint-Germain F.C.,c_7d86d996,,2024.0,Topps Stadium Club Chrome UEFA,,FCKIL,Kang-in Lee,Paris Saint-Germain F.C.,Ligue 1,,,,,,,raw,1.0,,,USD,,https://sportscards.standard.us-east-1.oortstorages.com/new%20card%20scans%202/card%20matcher/Untitled-13_0009_Layer%20109.jpg,https://sportscards.standard.us-east-1.oortstorages.com/new%20card%20scans%202/card%20matcher/Untitled-13_0003_Layer%20115.jpg,,2026-02-04T01:59:04.877Z,,
2024 Topps Finest MLS Santiago Rodriguez,Santiago Rodriguez,FD14,Topps Finest MLS,Topps,2024,MLS,-,https://sportscards.standard.us-east-1.oortstorages.com/new%20card%20scans%202/card%20matcher/Untitled-21_0006_Layer%20175.jpg|https://sportscards.standard.us-east-1.oortstorages.com/new%20card%20scans%202/card%20matcher/Untitled-21_0000_Layer%20181.jpg,,,,,,New York City FC,c_ef9b0b87,,2024.0,Topps Finest MLS,,FD14,Santiago Rodriguez,New York City FC,MLS,,,,,,,raw,1.0,,,USD,,https://sportscards.standard.us-east-1.oortstorages.com/new%20card%20scans%202/card%20matcher/Untitled-21_0006_Layer%20175.jpg,https://sportscards.standard.us-east-1.oortstorages.com/new%20card%20scans%202/card%20matcher/Untitled-21_0000_Layer%20181.jpg,,2026-02-04T01:59:04.879Z,,
2024 Finest MLS Seattle Sounders #TL25 Team Logo Patch,Seattle Sounders FC,TL25,2024 Topps Finest MLS,Topps,2024,MLS,Team Logo,https://sportscards.standard.us-east-1.oortstorages.com/new%20card%20scans%202/card%20matcher/firstin%20_0020_Layer%2014.jpg|https://sportscards.standard.us-east-1.oortstorages.com/new%20card%20scans%202/card%20matcher/firstin%20_0011_Layer%2029.jpg,,,,,,Seattle Sounders FC,c_6af9e36e,,2024.0,2024 Topps Finest MLS,,TL25,Seattle Sounders FC,Seattle Sounders FC,MLS,,,,,,,raw,1.0,,,USD,,https://sportscards.standard.us-east-1.oortstorages.com/new%20card%20scans%202/card%20matcher/firstin%20_0020_Layer%2014.jpg,https://sportscards.standard.us-east-1.oortstorages.com/new%20card%20scans%202/card%20matcher/firstin%20_0011_Layer%2029.jpg,,2026-02-04T01:59:04.880Z,,
2024 Topps Finest MLS 94 Lewis Morgan Checkerboard,Lewis Morgan,94,Topps Finest MLS,Topps,2024,MLS,Checkerboard,https://sportscards.standard.us-east-1.oortstorages.com/new%20card%20scans%202/card%20matcher/Untitled-12_0008_Layer%2098.jpg|https://sportscards.standard.us-east-1.oortstorages.com/new%20card%20scans%202/card%20matcher/Untitled-12_0002_Layer%20104.jpg,,,,,,New York Red Bulls,c_fa8ba394,,2024.0,Topps Finest MLS,,94,Lewis Morgan,New York Red Bulls,MLS,,,,,,,raw,1.0,,,USD,,https://sportscards.standard.us-east-1.oortstorages.com/new%20card%20scans%202/card%20matcher/Untitled-12_0008_Layer%2098.jpg,https://sportscards.standard.us-east-1.oortstorages.com/new%20card%20scans%202/card%20matcher/Untitled-12_0002_Layer%20104.jpg,,2026-02-04T01:59:04.879Z,,
2023-24 Panini Select Premier League 73 Lewis Miley Red Ice,Lewis Miley,73,Panini Select,Panini,2023-24,Premier League,RC,https://sportscards.standard.us-east-1.oortstorages.com/new%20card%20scans%202/card%20matcher/sportscards4_0007_Layer%2012.jpg|https://sportscards.standard.us-east-1.oortstorages.com/new%20card%20scans%202/card%20matcher/sportscards4_0001_Layer%2018.jpg,,,,,,Manchester City,c_be8b1f30,,2023.0,Panini Select,,73,Lewis Miley,Manchester City,Premier League,,,,,,,raw,1.0,,,USD,,https://sportscards.standard.us-east-1.oortstorages.com/new%20card%20scans%202/card%20matcher/sportscards4_0007_Layer%2012.jpg,https://sportscards.standard.us-east-1.oortstorages.com/new%20card%20scans%202/card%20matcher/sportscards4_0001_Layer%2018.jpg,,2026-02-04T01:59:04.877Z,,
2023-24 Topps Chrome UEFA Club Competitions Wonderkids WK8 Karim Konate,Karim Konaté,WK8,Topps Chrome,Topps,2023-24,UEFA Club Competitions,RC,https://sportscards.standard.us-east-1.oortstorages.com/new%20card%20scans%202/card%20matcher/sportscards6_0011_Layer%2021.jpg|https://sportscards.standard.us-east-1.oortstorages.com/new%20card%20scans%202/card%20matcher/sportscards6_0005_Layer%2028.jpg,,,,,,RB Salzburg,c_4443f181,,2023.0,Topps Chrome,,WK8,Karim Konaté,RB Salzburg,UEFA Club Competitions,,,,,,,raw,1.0,,,USD,,https://sportscards.standard.us-east-1.oortstorages.com/new%20card%20scans%202/card%20matcher/sportscards6_0011_Layer%2021.jpg,https://sportscards.standard.us-east-1.oortstorages.com/new%20card%20scans%202/card%20matcher/sportscards6_0005_Layer%2028.jpg,,2026-02-04T01:59:04.878Z,,
2024 Finest MLS Kei Kamara #299 Oil Spill Refractor,Kei Kamara,299,2024 Topps Finest MLS,Topps,2024,MLS,Oil Spill Refractor,https://sportscards.standard.us-east-1.oortstorages.com/new%20card%20scans%202/card%20matcher/oilspills_0001_Layer%207.jpg|https://sportscards.standard.us-east-1.oortstorages.com/new%20card%20scans%202/card%20matcher/oilspills_0004_Layer%204.jpg,,,,,,Free Agent (Last: Chicago Fire),c_8931e2b5,,2024.0,2024 Topps Finest MLS,,299,Kei Kamara,Free Agent (Last: Chicago Fire),MLS,,,,,,,raw,1.0,,,USD,,https://sportscards.standard.us-east-1.oortstorages.com/new%20card%20scans%202/card%20matcher/oilspills_0001_Layer%207.jpg,https://sportscards.standard.us-east-1.oortstorages.com/new%20card%20scans%202/card%20matcher/oilspills_0004_Layer%204.jpg,,2026-02-04T01:59:04.879Z,,
2024 Topps Finest MLS Sebastian Driussi,Sebastian Driussi,PF24,Topps Finest MLS,Topps,2024,MLS,-,https://sportscards.standard.us-east-1.oortstorages.com/new%20card%20scans%202/card%20matcher/Untitled-12_0010_Layer%2096.jpg|https://sportscards.standard.us-east-1.oortstorages.com/new%20card%20scans%202/card%20matcher/Untitled-12_0004_Layer%20102.jpg,,,,,,Austin FC,c_5868baf8,,2024.0,Topps Finest MLS,,PF24,Sebastian Driussi,Austin FC,MLS,,,,,,,raw,1.0,,,USD,,https://sportscards.standard.us-east-1.oortstorages.com/new%20card%20scans%202/card%20matcher/Untitled-12_0010_Layer%2096.jpg,https://sportscards.standard.us-east-1.oortstorages.com/new%20card%20scans%202/card%20matcher/Untitled-12_0004_Layer%20102.jpg,,2026-02-04T01:59:04.879Z,,
2024 Finest MLS Ted Ku-DiPietro #73 Gold Refractor,Ted KU-DiPietro,73,2024 Topps Finest MLS,Topps,2024,MLS,Gold Refractor,https://sportscards.standard.us-east-1.oortstorages.com/new%20card%20scans%202/card%20matcher/nexr_0006_Layer%2044.jpg|https://sportscards.standard.us-east-1.oortstorages.com/new%20card%20scans%202/card%20matcher/nexr_0002_Layer%2048.jpg,,,,,,DC United,c_ceafc781,,2024.0,2024 Topps Finest MLS,,73,Ted KU-DiPietro,DC United,MLS,,,,,,,raw,1.0,,,USD,,https://sportscards.standard.us-east-1.oortstorages.com/new%20card%20scans%202/card%20matcher/nexr_0006_Layer%2044.jpg,https://sportscards.standard.us-east-1.oortstorages.com/new%20card%20scans%202/card%20matcher/nexr_0002_Layer%2048.jpg,,2026-02-04T01:59:04.880Z,,
2024 Topps Finest MLS Kerwin Vargas Charlotte FC RC,Kerwin Vargas,FD7,Topps Finest MLS,Topps,2024,MLS,-,https://sportscards.standard.us-east-1.oortstorages.com/new%20card%20scans%202/card%20matcher/Untitled-12_0009_Layer%2097.jpg|https://sportscards.standard.us-east-1.oortstorages.com/new%20card%20scans%202/card%20matcher/Untitled-12_0003_Layer%20103.jpg,,,,,,Charlotte FC,c_61c34562,,2024.0,Topps Finest MLS,,FD7,Kerwin Vargas,Charlotte FC,MLS,,,,,,,raw,1.0,,,USD,,https://sportscards.standard.us-east-1.oortstorages.com/new%20card%20scans%202/card%20matcher/Untitled-12_0009_Layer%2097.jpg,https://sportscards.standard.us-east-1.oortstorages.com/new%20card%20scans%202/card%20matcher/Untitled-12_0003_Layer%20103.jpg,,2026-02-04T01:59:04.879Z,,
2022-23 Topps Merlin Chrome UEFA Club Competitions 141 Simon Adingra Aqua Prism Refractor,Simon Adingra,141,Topps Merlin,Topps,2022-23,UEFA Club Competitions,RC,https://sportscards.standard.us-east-1.oortstorages.com/new%20card%20scans%202/card%20matcher/Untitled-50_0006_Layer%2022.jpg|https://sportscards.standard.us-east-1.oortstorages.com/new%20card%20scans%202/card%20matcher/Untitled-50_0000_Layer%2028.jpg,,,,,,Brighton & Hove Albion,c_258d4297,,2022.0,Topps Merlin,,141,Simon Adingra,Brighton & Hove Albion,UEFA Club Competitions,,,,,,,raw,1.0,,,USD,,https://sportscards.standard.us-east-1.oortstorages.com/new%20card%20scans%202/card%20matcher/Untitled-50_0006_Layer%2022.jpg,https://sportscards.standard.us-east-1.oortstorages.com/new%20card%20scans%202/card%20matcher/Untitled-50_0000_Layer%2028.jpg,,2026-02-04T01:59:04.877Z,,
2023-24 Topps Chrome UEFA Club Competitions 154 Leny Yoro Refractor,Leny Yoro,154,Chrome,Topps,2023-24,UEFA,"Refractor, Chrome",https://sportscards.standard.us-east-1.oortstorages.com/new%20card%20scans%202/card%20matcher/cards3_0002_Layer-3.png|https://sportscards.standard.us-east-1.oortstorages.com/new%20card%20scans%202/card%20matcher/cards3_0008_Layer-10.png,,,,,,LOSC Lille,c_e4a60fde,,2023.0,Chrome,,154,Leny Yoro,LOSC Lille,UEFA,,,,,,,raw,1.0,,,USD,,https://sportscards.standard.us-east-1.oortstorages.com/new%20card%20scans%202/card%20matcher/cards3_0002_Layer-3.png,https://sportscards.standard.us-east-1.oortstorages.com/new%20card%20scans%202/card%20matcher/cards3_0008_Layer-10.png,,2026-02-04T01:59:04.875Z,,
2023-24 Topps Chrome UEFA Club Competitions 57 Kobbie Mainoo Aqua Prism Refractor,Kobbie Mainoo,57,Topps Chrome,Topps,2023-24,UEFA Club Competitions,RC,https://sportscards.standard.us-east-1.oortstorages.com/new%20card%20scans%202/card%20matcher/Untitled-11_0000_Layer%2055.jpg|https://sportscards.standard.us-east-1.oortstorages.com/new%20card%20scans%202/card%20matcher/Untitled-49_0002_Layer%2025.jpg,,,,,,Manchester United,c_36fa69dc,,2023.0,Topps Chrome,,57,Kobbie Mainoo,Manchester United,UEFA Club Competitions,,,,,,,raw,1.0,,,USD,,https://sportscards.standard.us-east-1.oortstorages.com/new%20card%20scans%202/card%20matcher/Untitled-11_0000_Layer%2055.jpg,https://sportscards.standard.us-east-1.oortstorages.com/new%20card%20scans%202/card%20matcher/Untitled-49_0002_Layer%2025.jpg,,2026-02-04T01:59:04.877Z,,
2022-23 Topps Merlin Chrome UEFA Club Competitions Under 21 Stars 8 Kobbie Mainoo,Kobbie Mainoo,8,Topps Merlin,Topps,2022-23,UEFA Club Competitions,Chrome,https://sportscards.standard.us-east-1.oortstorages.com/new%20card%20scans%202/card%20matcher/Untitled-53_0009_Layer%2033.jpg|https://sportscards.standard.us-east-1.oortstorages.com/new%20card%20scans%202/card%20matcher/Untitled-53_0003_Layer%2039.jpg,,,,,,Manchester United,c_e5dbddb6,,2022.0,Topps Merlin,,8,Kobbie Mainoo,Manchester United,UEFA Club Competitions,,,,,,,raw,1.0,,,USD,,https://sportscards.standard.us-east-1.oortstorages.com/new%20card%20scans%202/card%20matcher/Untitled-53_0009_Layer%2033.jpg,https://sportscards.standard.us-east-1.oortstorages.com/new%20card%20scans%202/card%20matcher/Untitled-53_0003_Layer%2039.jpg,,2026-02-04T01:59:04.877Z,,
2024-25 Panini Donruss FIFA Lautaro Martinez Net Marvels,Lautaro Martinez,22,Panini Donruss FIFA,Panini,2024,FIFA,Net Marvels,https://sportscards.standard.us-east-1.oortstorages.com/new%20card%20scans%202/card%20matcher/Untitled-19_0010_Layer%20158.jpg|https://sportscards.standard.us-east-1.oortstorages.com/new%20card%20scans%202/card%20matcher/Untitled-19_0004_Layer%20164.jpg,,,,,,Argentina,c_99231ddb,,2024.0,Panini Donruss FIFA,,22,Lautaro Martinez,Argentina,FIFA,,,,,,,raw,1.0,,,USD,,https://sportscards.standard.us-east-1.oortstorages.com/new%20card%20scans%202/card%20matcher/Untitled-19_0010_Layer%20158.jpg,https://sportscards.standard.us-east-1.oortstorages.com/new%20card%20scans%202/card%20matcher/Untitled-19_0004_Layer%20164.jpg,,2026-02-04T01:59:04.879Z,,
2024-25 Panini Donruss FIFA 93 Kristoffer Ajer Optic-Argyle,Kristoffer Ajer,93,Panini Donruss FIFA,Panini,2024-25,FIFA,Optic-Argyle,https://sportscards.standard.us-east-1.oortstorages.com/new%20card%20scans%202/card%20matcher/Untitled-23_0009_Layer%20173.jpg|https://sportscards.standard.us-east-1.oortstorages.com/new%20card%20scans%202/card%20matcher/Untitled-23_0003_Layer%20179.jpg,,,,,,Norway,c_427ef502,,2024.0,Panini Donruss FIFA,,93,Kristoffer Ajer,Norway,FIFA,,,,,,,raw,1.0,,,USD,,https://sportscards.standard.us-east-1.oortstorages.com/new%20card%20scans%202/card%20matcher/Untitled-23_0009_Layer%20173.jpg,https://sportscards.standard.us-east-1.oortstorages.com/new%20card%20scans%202/card%20matcher/Untitled-23_0003_Layer%20179.jpg,,2026-02-04T01:59:04.879Z,,
2022 UEFA Lautaro Martínez #59-30 Gold Parallel,Lautaro Martinez,59-30,2022 Topps UEFA Club Competitions,Topps,2022,UEFA,Gold,https://sportscards.standard.us-east-1.oortstorages.com/new%20card%20scans%202/card%20matcher/Untitled-41_0003_Layer%203.jpg|https://sportscards.standard.us-east-1.oortstorages.com/new%20card%20scans%202/card%20matcher/Untitled-41-back_0003_Layer%203.jpg,,,,,,Inter Milan,c_83e8fc23,,2022.0,2022 Topps UEFA Club Competitions,,59-30,Lautaro Martinez,Inter Milan,UEFA,,,,,,,raw,1.0,,,USD,,https://sportscards.standard.us-east-1.oortstorages.com/new%20card%20scans%202/card%20matcher/Untitled-41_0003_Layer%203.jpg,https://sportscards.standard.us-east-1.oortstorages.com/new%20card%20scans%202/card%20matcher/Untitled-41-back_0003_Layer%203.jpg,,2026-02-04T01:59:04.880Z,,
2024 Topps Finest MLS Team Logo #TL12 LA Galaxy Relic,La Galaxy,12,Topps Finest MLS,Topps,2023-24,MLS,Team Logo,https://sportscards.standard.us-east-1.oortstorages.com/new%20card%20scans%202/card%20matcher/Untitled-9_0008_Layer%2084.jpg|https://sportscards.standard.us-east-1.oortstorages.com/new%20card%20scans%202/card%20matcher/Untitled-9_0002_Layer%2090.jpg,,,,,,LA Galaxy,c_a9b4fbe8,,2023.0,Topps Finest MLS,,12,La Galaxy,LA Galaxy,MLS,,,,,,,raw,1.0,,,USD,,https://sportscards.standard.us-east-1.oortstorages.com/new%20card%20scans%202/card%20matcher/Untitled-9_0008_Layer%2084.jpg,https://sportscards.standard.us-east-1.oortstorages.com/new%20card%20scans%202/card%20matcher/Untitled-9_0002_Layer%2090.jpg,,2026-02-04T01:59:04.879Z,,
2023-24 Panini Select Premier League 110 Kai Havertz,Kai Havertz,110,Panini Select Premier League,Panini,2023–24,Premier League,Red Ice,https://sportscards.standard.us-east-1.oortstorages.com/new%20card%20scans%202/card%20matcher/Untitled-10_0000_Layer%2061.jpg|https://sportscards.standard.us-east-1.oortstorages.com/new%20card%20scans%202/card%20matcher/Untitled-10-back_0000_Layer%2062.jpg,,,,,,Arsenal,c_12b4d186,,2023.0,Panini Select Premier League,,110,Kai Havertz,Arsenal,Premier League,,,,,,,raw,2.0,,,USD,,https://sportscards.standard.us-east-1.oortstorages.com/new%20card%20scans%202/card%20matcher/Untitled-10_0000_Layer%2061.jpg,https://sportscards.standard.us-east-1.oortstorages.com/new%20card%20scans%202/card%20matcher/Untitled-10-back_0000_Layer%2062.jpg,,2026-02-04T01:59:04.879Z,,
2023-24 Topps Chrome UEFA Club Competitions 191 Julien Duranville Aqua Prism Refractor,Julien Duranville,191,Topps Chrome,Topps,2023-24,UEFA Club Competitions,RC,https://sportscards.standard.us-east-1.oortstorages.com/new%20card%20scans%202/card%20matcher/Untitled-8_0001_Layer%2035.jpg|https://sportscards.standard.us-east-1.oortstorages.com/new%20card%20scans%202/card%20matcher/Untitled-8-back_0001_Layer%2041.jpg,,,,,,Borussia Dortmund,c_ef93d5e3,,2023.0,Topps Chrome,,191,Julien Duranville,Borussia Dortmund,UEFA Club Competitions,,,,,,,raw,1.0,,,USD,,https://sportscards.standard.us-east-1.oortstorages.com/new%20card%20scans%202/card%20matcher/Untitled-8_0001_Layer%2035.jpg,https://sportscards.standard.us-east-1.oortstorages.com/new%20card%20scans%202/card%20matcher/Untitled-8-back_0001_Layer%2041.jpg,,2026-02-04T01:59:04.876Z,,
2024 Topps Finest MLS 222 Jack Mcglynn Oil Spill Refractor,Jack Mcglynn,222,Topps Finest MLS,Topps,2024,MLS,Oil Spill Refractor,https://sportscards.standard.us-east-1.oortstorages.com/new%20card%20scans%202/card%20matcher/Untitled-14_0007_Layer%20123.jpg|https://sportscards.standard.us-east-1.oortstorages.com/new%20card%20scans%202/card%20matcher/Untitled-14_0001_Layer%20129.jpg,,,,,,Philadelphia Union,c_2b3f50,,2024.0,Topps Finest MLS,,222,Jack Mcglynn,Philadelphia Union,MLS,,,,,,,raw,1.0,,,USD,,https://sportscards.standard.us-east-1.oortstorages.com/new%20card%20scans%202/card%20matcher/Untitled-14_0007_Layer%20123.jpg,https://sportscards.standard.us-east-1.oortstorages.com/new%20card%20scans%202/card%20matcher/Untitled-14_0001_Layer%20129.jpg,,2026-02-04T01:59:04.879Z,,
2023-24 Topps Chrome Bundesliga 1963 Topps Autographs JJ Julian Justvan,Julian Justvan,1963,Topps Chrome Bundesliga,Topps,2023-2024,Bundesliga,Topps Autograph,https://sportscards.standard.us-east-1.oortstorages.com/new%20card%20scans%202/card%20matcher/Untitled-4_0004_Layer%202.jpg|https://sportscards.standard.us-east-1.oortstorages.com/new%20card%20scans%202/card%20matcher/Untitled-5_0004_Layer%203.jpg,,,,,,SV Darmstadt 98,c_6005def6,,2023.0,Topps Chrome Bundesliga,,1963,Julian Justvan,SV Darmstadt 98,Bundesliga,,,,,,,raw,1.0,,,USD,,https://sportscards.standard.us-east-1.oortstorages.com/new%20card%20scans%202/card%20matcher/Untitled-4_0004_Layer%202.jpg,https://sportscards.standard.us-east-1.oortstorages.com/new%20card%20scans%202/card%20matcher/Untitled-5_0004_Layer%203.jpg,,2026-02-04T01:59:04.878Z,,
2024 Topps Finest MLS Luis Suarez Inter Miami,Luis Suarez,FD3,Topps Finest MLS,Topps,2024,MLS,-,https://sportscards.standard.us-east-1.oortstorages.com/new%20card%20scans%202/card%20matcher/Untitled-20_0010_Layer%20170.jpg|https://sportscards.standard.us-east-1.oortstorages.com/new%20card%20scans%202/card%20matcher/Untitled-20_0004_Layer%20176.jpg,,,,,,Inter Miami CF,c_cba8ab45,,2024.0,Topps Finest MLS,,FD3,Luis Suarez,Inter Miami CF,MLS,,,,,,,raw,1.0,,,USD,,https://sportscards.standard.us-east-1.oortstorages.com/new%20card%20scans%202/card%20matcher/Untitled-20_0010_Layer%20170.jpg,https://sportscards.standard.us-east-1.oortstorages.com/new%20card%20scans%202/card%20matcher/Untitled-20_0004_Layer%20176.jpg,,2026-02-04T01:59:04.879Z,,
2024 Topps Finest MLS Prized Footballers Auto #PFALU Lucho Acosta Orange Refractor /25,Lucho Acosta,PFALU,Topps Finest,Topps,2023-2024,MLS,Orange Refractor,https://sportscards.standard.us-east-1.oortstorages.com/new%20card%20scans%202/card%20matcher/Untitled-2_0004_Layer%202.jpg|https://sportscards.standard.us-east-1.oortstorages.com/new%20card%20scans%202/card%20matcher/Untitled-1_0004_Layer%202.jpg,,,,,,FC Cincinati,c_f4d590f6,,2023.0,Topps Finest,,PFALU,Lucho Acosta,FC Cincinati,MLS,,,,,,,raw,1.0,,,USD,,https://sportscards.standard.us-east-1.oortstorages.com/new%20card%20scans%202/card%20matcher/Untitled-2_0004_Layer%202.jpg,https://sportscards.standard.us-east-1.oortstorages.com/new%20card%20scans%202/card%20matcher/Untitled-1_0004_Layer%202.jpg,,2026-02-04T01:59:04.878Z,,
2024-25 Panini Donruss FIFA Valentin Barco Optic-Argyle,Valentin Barco,185,Panini Donruss FIFA,Panini,2024-25,Premier League,Optic-Argyle,https://sportscards.standard.us-east-1.oortstorages.com/new%20card%20scans%202/card%20matcher/Untitled-19_0007_Layer%20161.jpg|https://sportscards.standard.us-east-1.oortstorages.com/new%20card%20scans%202/card%20matcher/Untitled-19_0001_Layer%20167.jpg,,,,,,Argentina,c_f060ba03,,2024.0,Panini Donruss FIFA,,185,Valentin Barco,Argentina,Premier League,,,,,,,raw,1.0,,,USD,,https://sportscards.standard.us-east-1.oortstorages.com/new%20card%20scans%202/card%20matcher/Untitled-19_0007_Layer%20161.jpg,https://sportscards.standard.us-east-1.oortstorages.com/new%20card%20scans%202/card%20matcher/Untitled-19_0001_Layer%20167.jpg,,2026-02-04T01:59:04.879Z,,
2023-24 Panini Select Premier League Select Stars 19 Jarrod Bowen Blue Pulsar,Jarrod Bowen,19,Panini Select Premier League Select Stars,Panini,2023–24,Premier League,Blue Pulsar,https://sportscards.standard.us-east-1.oortstorages.com/new%20card%20scans%202/card%20matcher/Untitled-14_0001_Layer%2086.jpg|https://sportscards.standard.us-east-1.oortstorages.com/new%20card%20scans%202/card%20matcher/Untitled-14-back_0000_Layer%2088.jpg,,,,,,West Ham United,c_f02cb89,,2023.0,Panini Select Premier League Select Stars,,19,Jarrod Bowen,West Ham United,Premier League,,,,,,,raw,2.0,,,USD,,https://sportscards.standard.us-east-1.oortstorages.com/new%20card%20scans%202/card%20matcher/Untitled-14_0001_Layer%2086.jpg,https://sportscards.standard.us-east-1.oortstorages.com/new%20card%20scans%202/card%20matcher/Untitled-14-back_0000_Layer%2088.jpg,,2026-02-04T01:59:04.879Z,,
2023-24 Panini Select Premier League 249 Jarrod Bowen Red Ice,Jarrod Bowen,249,Panini Select Premier League,Panini,2023–24,Premier League,Red Ice,https://sportscards.standard.us-east-1.oortstorages.com/new%20card%20scans%202/card%20matcher/Untitled-14-back_0004_Layer%2084.jpg|https://sportscards.standard.us-east-1.oortstorages.com/new%20card%20scans%202/card%20matcher/Untitled-14-back_0003_Layer%2085.jpg,,,,,,West Ham United,c_13930175,,2023.0,Panini Select Premier League,,249,Jarrod Bowen,West Ham United,Premier League,,,,,,,raw,1.0,,,USD,,https://sportscards.standard.us-east-1.oortstorages.com/new%20card%20scans%202/card%20matcher/Untitled-14-back_0004_Layer%2084.jpg,https://sportscards.standard.us-east-1.oortstorages.com/new%20card%20scans%202/card%20matcher/Untitled-14-back_0003_Layer%2085.jpg,,2026-02-04T01:59:04.879Z,,
2024 Topps Finest MLS 65 Tyler Wolff Refractor,Tyler Wolff,65,Topps Finest MLS,Topps,2024,MLS,Refractor,https://sportscards.standard.us-east-1.oortstorages.com/new%20card%20scans%202/card%20matcher/Untitled-15_0010_Layer%20121.jpg|https://sportscards.standard.us-east-1.oortstorages.com/new%20card%20scans%202/card%20matcher/Untitled-15_0004_Layer%20127.jpg,,,,,,Atlanta United FC,c_887d96d4,,2024.0,Topps Finest MLS,,65,Tyler Wolff,Atlanta United FC,MLS,,,,,,,raw,1.0,,,USD,,https://sportscards.standard.us-east-1.oortstorages.com/new%20card%20scans%202/card%20matcher/Untitled-15_0010_Layer%20121.jpg,https://sportscards.standard.us-east-1.oortstorages.com/new%20card%20scans%202/card%20matcher/Untitled-15_0004_Layer%20127.jpg,,2026-02-04T01:59:04.877Z,,
2023-24 Panini Select Premier League 99 Jean-Ricner Bellegarde Red Ice,Jean-Ricner Bellegarde,99,Panini Select Premier League,Panini,2023–24,Premier League,Red Ice,https://sportscards.standard.us-east-1.oortstorages.com/new%20card%20scans%202/card%20matcher/Untitled-15_0003_Layer%2085.jpg|https://sportscards.standard.us-east-1.oortstorages.com/new%20card%20scans%202/card%20matcher/Untitled-15-back_0003_Layer%2090.jpg,,,,,,Wolverhampton Wanderers,c_fc141eee,,2023.0,Panini Select Premier League,,99,Jean-Ricner Bellegarde,Wolverhampton Wanderers,Premier League,,,,,,,raw,1.0,,,USD,,https://sportscards.standard.us-east-1.oortstorages.com/new%20card%20scans%202/card%20matcher/Untitled-15_0003_Layer%2085.jpg,https://sportscards.standard.us-east-1.oortstorages.com/new%20card%20scans%202/card%20matcher/Untitled-15-back_0003_Layer%2090.jpg,,2026-02-04T01:59:04.879Z,,
2023-24 Topps Stadium Club Chrome UEFA #23 Randal Kolo Muani PSG,Randal Kolo Muani,23,Topps Stadium Club Chrome,Topps,2023-24,Ligue 1,Base,https://sportscards.standard.us-east-1.oortstorages.com/new%20card%20scans%202/card%20matcher/Untitled-11_0008_Layer%2097.jpg|https://sportscards.standard.us-east-1.oortstorages.com/new%20card%20scans%202/card%20matcher/Untitled-11_0002_Layer%20103.jpg,,,,,,Paris Saint-Germain F.C.,c_688df310,,2023.0,Topps Stadium Club Chrome,,23,Randal Kolo Muani,Paris Saint-Germain F.C.,Ligue 1,,,,,,,raw,1.0,,,USD,,https://sportscards.standard.us-east-1.oortstorages.com/new%20card%20scans%202/card%20matcher/Untitled-11_0008_Layer%2097.jpg,https://sportscards.standard.us-east-1.oortstorages.com/new%20card%20scans%202/card%20matcher/Untitled-11_0002_Layer%20103.jpg,,2026-02-04T01:59:04.879Z,,
2024 Topps Finest MLS Autographs #BALU Lucho Acosta Neon Green Refractor Auto /99,Lucho Acosta,BALU,Topps Finest,Topps,2023-2024,MLS,Neon Green Refractor,https://sportscards.standard.us-east-1.oortstorages.com/new%20card%20scans%202/card%20matcher/Untitled-2_0005_Layer%201.jpg|https://sportscards.standard.us-east-1.oortstorages.com/new%20card%20scans%202/card%20matcher/Untitled-1_0005_Layer%201.jpg,,,,,,FC Cincinati,c_cc8bb1ea,,2023.0,Topps Finest,,BALU,Lucho Acosta,FC Cincinati,MLS,,,,,,,raw,1.0,,,USD,,https://sportscards.standard.us-east-1.oortstorages.com/new%20card%20scans%202/card%20matcher/Untitled-2_0005_Layer%201.jpg,https://sportscards.standard.us-east-1.oortstorages.com/new%20card%20scans%202/card%20matcher/Untitled-1_0005_Layer%201.jpg,,2026-02-04T01:59:04.878Z,,
2024 Topps Finest MLS 218 Lucho Acosta Oil Spill Refractor,Lucho Acosta,218,Topps Finest MLS,Topps,2024,MLS,Oil Spill Refractor,https://sportscards.standard.us-east-1.oortstorages.com/new%20card%20scans%202/card%20matcher/Untitled-14_0009_Layer%20121.jpg|https://sportscards.standard.us-east-1.oortstorages.com/new%20card%20scans%202/card%20matcher/Untitled-14_0003_Layer%20127.jpg,,,,,,FC Cincinnati,c_792c1de,,2024.0,Topps Finest MLS,,218,Lucho Acosta,FC Cincinnati,MLS,,,,,,,raw,1.0,,,USD,,https://sportscards.standard.us-east-1.oortstorages.com/new%20card%20scans%202/card%20matcher/Untitled-14_0009_Layer%20121.jpg,https://sportscards.standard.us-east-1.oortstorages.com/new%20card%20scans%202/card%20matcher/Untitled-14_0003_Layer%20127.jpg,,2026-02-04T01:59:04.879Z,,
2024 Topps Finest MLS Autographs #BATH Thomas Williams Auto Rookie,Thomas Williams,BATH,Topps Finest MLS,Topps,2023-24,MLS,Topps Autograph,https://sportscards.standard.us-east-1.oortstorages.com/new%20card%20scans%202/card%20matcher/Untitled-2_0001_Layer%205.jpg|https://sportscards.standard.us-east-1.oortstorages.com/new%20card%20scans%202/card%20matcher/Untitled-1_0001_Layer%205.jpg,,,,,,Orlando City SC,c_8203f20b,,2023.0,Topps Finest MLS,,BATH,Thomas Williams,Orlando City SC,MLS,,,,,,,raw,1.0,,,USD,,https://sportscards.standard.us-east-1.oortstorages.com/new%20card%20scans%202/card%20matcher/Untitled-2_0001_Layer%205.jpg,https://sportscards.standard.us-east-1.oortstorages.com/new%20card%20scans%202/card%20matcher/Untitled-1_0001_Layer%205.jpg,,2026-02-04T01:59:04.878Z,,
2022-23 Topps Merlin Chrome UEFA Club Competitions 108 Johan Bakayoko Aqua Prism Refractor,Johan Bakayoko,108,Topps Merlin,Topps,2022-23,UEFA Club Competitions,RC,https://sportscards.standard.us-east-1.oortstorages.com/new%20card%20scans%202/card%20matcher/Untitled-49_0010_Layer%2017.jpg|https://sportscards.standard.us-east-1.oortstorages.com/new%20card%20scans%202/card%20matcher/Untitled-49_0004_Layer%2023.jpg,,,,,,PSV Eindhoven,c_9ba5d841,,2022.0,Topps Merlin,,108,Johan Bakayoko,PSV Eindhoven,UEFA Club Competitions,,,,,,,raw,1.0,,,USD,,https://sportscards.standard.us-east-1.oortstorages.com/new%20card%20scans%202/card%20matcher/Untitled-49_0010_Layer%2017.jpg,https://sportscards.standard.us-east-1.oortstorages.com/new%20card%20scans%202/card%20matcher/Untitled-49_0004_Layer%2023.jpg,,2026-02-04T01:59:04.877Z,,
2024-25 Panini Donruss FIFA 19 Lorenzo Pellegrini Silver,Lorenzo Pellegrini,19,Panini Donruss FIFA,Panini,2024-25,FIFA,Silver,https://sportscards.standard.us-east-1.oortstorages.com/new%20card%20scans%202/card%20matcher/Untitled-21_0010_Layer%20171.jpg|https://sportscards.standard.us-east-1.oortstorages.com/new%20card%20scans%202/card%20matcher/Untitled-21_0004_Layer%20177.jpg,,,,,,Italy,c_a30093c9,,2024.0,Panini Donruss FIFA,,19,Lorenzo Pellegrini,Italy,FIFA,,,,,,,raw,1.0,,,USD,,https://sportscards.standard.us-east-1.oortstorages.com/new%20card%20scans%202/card%20matcher/Untitled-21_0010_Layer%20171.jpg,https://sportscards.standard.us-east-1.oortstorages.com/new%20card%20scans%202/card%20matcher/Untitled-21_0004_Layer%20177.jpg,,2026-02-04T01:59:04.879Z,,
2024 Topps Finest MLS Joseph Paintsil,Joseph Paintsil,FD10,Topps Finest MLS,Topps,2024,MLS,-,https://sportscards.standard.us-east-1.oortstorages.com/new%20card%20scans%202/card%20matcher/Untitled-20_0008_Layer%20172.jpg|https://sportscards.standard.us-east-1.oortstorages.com/new%20card%20scans%202/card%20matcher/Untitled-20_0002_Layer%20178.jpg,,,,,,Joseph Paintsil,c_191966b3,,2024.0,Topps Finest MLS,,FD10,Joseph Paintsil,Joseph Paintsil,MLS,,,,,,,raw,1.0,,,USD,,https://sportscards.standard.us-east-1.oortstorages.com/new%20card%20scans%202/card%20matcher/Untitled-20_0008_Layer%20172.jpg,https://sportscards.standard.us-east-1.oortstorages.com/new%20card%20scans%202/card%20matcher/Untitled-20_0002_Layer%20178.jpg,,2026-02-04T01:59:04.879Z,,
2024-25 Topps UEFA Club Competitions Historic Captains HC4 Lionel Messi,Lionel Messi,HC4,Topps UEFA,Topps,2024-2025,MLS,Historic Captains,https://sportscards.standard.us-east-1.oortstorages.com/new%20card%20scans%202/card%20matcher/Untitled-6_0005_Layer%208.jpg|https://sportscards.standard.us-east-1.oortstorages.com/new%20card%20scans%202/card%20matcher/Untitled-7_0005_Layer%2014.jpg,,,,,,Inter Miami CF,c_9ca010e4,,2024.0,Topps UEFA,,HC4,Lionel Messi,Inter Miami CF,MLS,,,,,,,raw,1.0,,,USD,,https://sportscards.standard.us-east-1.oortstorages.com/new%20card%20scans%202/card%20matcher/Untitled-6_0005_Layer%208.jpg,https://sportscards.standard.us-east-1.oortstorages.com/new%20card%20scans%202/card%20matcher/Untitled-7_0005_Layer%2014.jpg,,2026-02-04T01:59:04.876Z,,
2024-25 Topps UEFA Ultimate Stage Chrome #USC16 Lionel Messi Inter Miami,Lionel Messi,USC16,Topps Finest MLS,Topps,2023-24,MLS,Ultimate Stage Chrome,https://sportscards.standard.us-east-1.oortstorages.com/new%20card%20scans%202/card%20matcher/Untitled-11_0009_Layer%2096.jpg|https://sportscards.standard.us-east-1.oortstorages.com/new%20card%20scans%202/card%20matcher/Untitled-11_0003_Layer%20102.jpg,,,,,,Inter Miami CF,c_4b05b0e,,2023.0,Topps Finest MLS,,USC16,Lionel Messi,Inter Miami CF,MLS,,,,,,,raw,1.0,,,USD,,https://sportscards.standard.us-east-1.oortstorages.com/new%20card%20scans%202/card%20matcher/Untitled-11_0009_Layer%2096.jpg,https://sportscards.standard.us-east-1.oortstorages.com/new%20card%20scans%202/card%20matcher/Untitled-11_0003_Layer%20102.jpg,,2026-02-04T01:59:04.879Z,,
2023-24 Topps Chrome Bundesliga Ultrabeam UB12 Jude Bellingham,Jude Bellingham,UB12,Topps Chrome,Topps,2023-24,Bundesliga,Chrome,https://sportscards.standard.us-east-1.oortstorages.com/new%20card%20scans%202/card%20matcher/jude_bellingham_front.png|https://sportscards.standard.us-east-1.oortstorages.com/new%20card%20scans%202/card%20matcher/jude_bellingham.png,,,,,,Real Madrid,c_d90f07b8,,2023.0,Topps Chrome,,UB12,Jude Bellingham,Real Madrid,Bundesliga,,,,,,,raw,1.0,,,USD,,https://sportscards.standard.us-east-1.oortstorages.com/new%20card%20scans%202/card%20matcher/jude_bellingham_front.png,https://sportscards.standard.us-east-1.oortstorages.com/new%20card%20scans%202/card%20matcher/jude_bellingham.png,,2026-02-04T01:59:04.876Z,,
2024 Topps Finest MLS Lionel Messi Inter Miami,Lionel Messi,FD1,Topps Finest MLS,Topps,2024,MLS,-,https://sportscards.standard.us-east-1.oortstorages.com/new%20card%20scans%202/card%20matcher/Untitled-20_0009_Layer%20171.jpg|https://sportscards.standard.us-east-1.oortstorages.com/new%20card%20scans%202/card%20matcher/Untitled-20_0003_Layer%20177.jpg,,,,,,Inter Miami CF,c_bc5836a6,,2024.0,Topps Finest MLS,,FD1,Lionel Messi,Inter Miami CF,MLS,,,,,,,raw,1.0,,,USD,,https://sportscards.standard.us-east-1.oortstorages.com/new%20card%20scans%202/card%20matcher/Untitled-20_0009_Layer%20171.jpg,https://sportscards.standard.us-east-1.oortstorages.com/new%20card%20scans%202/card%20matcher/Untitled-20_0003_Layer%20177.jpg,,2026-02-04T01:59:04.879Z,,
2024-25 Panini Donruss FIFA Julian Alvarez Pitch Kings,Julian Alvarez,22,Panini Donruss FIFA,Panini,2024,FIFA,Pitch Kings,https://sportscards.standard.us-east-1.oortstorages.com/new%20card%20scans%202/card%20matcher/Untitled-19_0009_Layer%20159.jpg|https://sportscards.standard.us-east-1.oortstorages.com/new%20card%20scans%202/card%20matcher/Untitled-19_0003_Layer%20165.jpg,,,,,,Argentina,c_8ea15c3b,,2024.0,Panini Donruss FIFA,,22,Julian Alvarez,Argentina,FIFA,,,,,,,raw,1.0,,,USD,,https://sportscards.standard.us-east-1.oortstorages.com/new%20card%20scans%202/card%20matcher/Untitled-19_0009_Layer%20159.jpg,https://sportscards.standard.us-east-1.oortstorages.com/new%20card%20scans%202/card%20matcher/Untitled-19_0003_Layer%20165.jpg,,2026-02-04T01:59:04.879Z,,
2024 Topps Finest MLS Riqui Puig Orange Refractor LA Galaxy,Riqui Puig,100,Topps Finest MLS,Topps,2023-24,MLS,Orange Refractor,https://sportscards.standard.us-east-1.oortstorages.com/new%20card%20scans%202/card%20matcher/Untitled-9_0007_Layer%2085.jpg|https://sportscards.standard.us-east-1.oortstorages.com/new%20card%20scans%202/card%20matcher/Untitled-9_0001_Layer%2091.jpg,,,,,,LA Galaxy,c_e1640e68,,2023.0,Topps Finest MLS,,100,Riqui Puig,LA Galaxy,MLS,,,,,,,raw,1.0,,,USD,,https://sportscards.standard.us-east-1.oortstorages.com/new%20card%20scans%202/card%20matcher/Untitled-9_0007_Layer%2085.jpg,https://sportscards.standard.us-east-1.oortstorages.com/new%20card%20scans%202/card%20matcher/Untitled-9_0001_Layer%2091.jpg,,2026-02-04T01:59:04.879Z,,
2024 Topps Finest MLS Autographs #BASJ Stiven Jimenez Gold Refractor Auto /50,Stiven Jimenez,BASJ,Topps Finest MLS,Topps,2023-24,MLS,Topps Autograph,https://sportscards.standard.us-east-1.oortstorages.com/new%20card%20scans%202/card%20matcher/Untitled-2_0002_Layer%204.jpg|https://sportscards.standard.us-east-1.oortstorages.com/new%20card%20scans%202/card%20matcher/Untitled-1_0000_Layer%206.jpg,,,,,,FC Cincinati,c_f435d981,,2023.0,Topps Finest MLS,,BASJ,Stiven Jimenez,FC Cincinati,MLS,,,,,,,raw,1.0,,,USD,,https://sportscards.standard.us-east-1.oortstorages.com/new%20card%20scans%202/card%20matcher/Untitled-2_0002_Layer%204.jpg,https://sportscards.standard.us-east-1.oortstorages.com/new%20card%20scans%202/card%20matcher/Untitled-1_0000_Layer%206.jpg,,2026-02-04T01:59:04.878Z,,
2023-24 Panini Select Premier League 93 Nayef Aguerd Red Ice,Nayef Aguerd,93,Panini Select Premier League,Panini,2023–24,Premier League,Red Ice,https://sportscards.standard.us-east-1.oortstorages.com/new%20card%20scans%202/card%20matcher/Untitled-14_0004_Layer%2083.jpg|https://sportscards.standard.us-east-1.oortstorages.com/new%20card%20scans%202/card%20matcher/Untitled-14-back_0004_Layer%2084.jpg,,,,,,West Ham United,c_5361cc32,,2023.0,Panini Select Premier League,,93,Nayef Aguerd,West Ham United,Premier League,,,,,,,raw,1.0,,,USD,,https://sportscards.standard.us-east-1.oortstorages.com/new%20card%20scans%202/card%20matcher/Untitled-14_0004_Layer%2083.jpg,https://sportscards.standard.us-east-1.oortstorages.com/new%20card%20scans%202/card%20matcher/Untitled-14-back_0004_Layer%2084.jpg,,2026-02-04T01:59:04.879Z,,
2023-24 Panini Select Premier League 64 Oscar Bobb Red Ice,Oscar Bobb,64,Topps Merlin,Topps,2023-24,Premier League,RC,https://sportscards.standard.us-east-1.oortstorages.com/new%20card%20scans%202/card%20matcher/sportscards4_0008_Layer%2011.jpg|https://sportscards.standard.us-east-1.oortstorages.com/new%20card%20scans%202/card%20matcher/Untitled-30-back_0004_Layer%202.jpg,,,,,,RB Salzburg,c_4183095b,,2023.0,Topps Merlin,,64,Oscar Bobb,RB Salzburg,Premier League,,,,,,,raw,1.0,,,USD,,https://sportscards.standard.us-east-1.oortstorages.com/new%20card%20scans%202/card%20matcher/sportscards4_0008_Layer%2011.jpg,https://sportscards.standard.us-east-1.oortstorages.com/new%20card%20scans%202/card%20matcher/Untitled-30-back_0004_Layer%202.jpg,,2026-02-04T01:59:04.878Z,,
2023-24 Stadium Club Chrome Bradley Barcola #86 Pink Red Electric Refractor,Bradley Barcola,86,2023-24 Topps Stadium Club Chrome UEFA,Topps,2023-24,UEFA,Pink Red Electric Charge Refractor,https://sportscards.standard.us-east-1.oortstorages.com/new%20card%20scans%202/card%20matcher/Untitled-11_0011_Layer%2094.jpg|https://sportscards.standard.us-east-1.oortstorages.com/new%20card%20scans%202/card%20matcher/Untitled-11_0005_Layer%20100.jpg,,,,,,Paris Saint-Germain,c_832d81c0,,2023.0,2023-24 Topps Stadium Club Chrome UEFA,,86,Bradley Barcola,Paris Saint-Germain,UEFA,,,,,,,raw,1.0,,,USD,,https://sportscards.standard.us-east-1.oortstorages.com/new%20card%20scans%202/card%20matcher/Untitled-11_0011_Layer%2094.jpg,https://sportscards.standard.us-east-1.oortstorages.com/new%20card%20scans%202/card%20matcher/Untitled-11_0005_Layer%20100.jpg,,2026-02-04T01:59:04.880Z,,
2023-24 Topps Merlin UEFA Club Competitions 96 Bradley Barcola Neon Green Shimmer,Bradley Barcola,96,Topps Merlin,Topps,2023-24,UEFA Club Competitions,"Green, Shimmer, Neon",https://sportscards.standard.us-east-1.oortstorages.com/new%20card%20scans%202/card%20matcher/Untitled-60_0007_Layer%2074.jpg|https://sportscards.standard.us-east-1.oortstorages.com/new%20card%20scans%202/card%20matcher/Untitled-60_0001_Layer%2080.jpg,,,,,,Paris Saint-Germain,c_893268e2,,2023.0,Topps Merlin,,96,Bradley Barcola,Paris Saint-Germain,UEFA Club Competitions,,,,,,,raw,2.0,,,USD,,https://sportscards.standard.us-east-1.oortstorages.com/new%20card%20scans%202/card%20matcher/Untitled-60_0007_Layer%2074.jpg,https://sportscards.standard.us-east-1.oortstorages.com/new%20card%20scans%202/card%20matcher/Untitled-60_0001_Layer%2080.jpg,,2026-02-04T01:59:04.876Z,,
2024 Finest MLS Zlatan Ibrahimović #MLS9 SP Short Print,Zlatan Ibrahimovic,MLS9,2024 Topps Finest MLS,Topps,2024,UEFA,Short Print,https://sportscards.standard.us-east-1.oortstorages.com/new%20card%20scans%202/card%20matcher/firstin%20_0004_Layer%2023.jpg|https://sportscards.standard.us-east-1.oortstorages.com/new%20card%20scans%202/card%20matcher/firstin%20_0002_Layer%2025.jpg,,,,,,Retired (Last: AC Milan),c_6279dead,,2024.0,2024 Topps Finest MLS,,MLS9,Zlatan Ibrahimovic,Retired (Last: AC Milan),UEFA,,,,,,,raw,1.0,,,USD,,https://sportscards.standard.us-east-1.oortstorages.com/new%20card%20scans%202/card%20matcher/firstin%20_0004_Layer%2023.jpg,https://sportscards.standard.us-east-1.oortstorages.com/new%20card%20scans%202/card%20matcher/firstin%20_0002_Layer%2025.jpg,,2026-02-04T01:59:04.880Z,,
2024 Topps Finest MLS #132 Andre Blake Red Refractor Philadelphia Union,Andre Blake,132,Topps Finest MLS,Topps,2023-24,MLS,Red Refractor,https://sportscards.standard.us-east-1.oortstorages.com/new%20card%20scans%202/card%20matcher/andre_blake_0001_Layer%201.jpg|https://sportscards.standard.us-east-1.oortstorages.com/new%20card%20scans%202/card%20matcher/andre_blake_0000_Layer%202.jpg,,,,,,Philidelphia Union,c_1c7ceb07,,2023.0,Topps Finest MLS,,132,Andre Blake,Philidelphia Union,MLS,,,,,,,raw,1.0,,,USD,,https://sportscards.standard.us-east-1.oortstorages.com/new%20card%20scans%202/card%20matcher/andre_blake_0001_Layer%201.jpg,https://sportscards.standard.us-east-1.oortstorages.com/new%20card%20scans%202/card%20matcher/andre_blake_0000_Layer%202.jpg,,2026-02-04T01:59:04.878Z,,
2024 Finest MLS Pedro de la Vega #231 Aqua Refractor,Pedro de La Vega,231,2024 Topps Finest MLS,Topps,2024,MLS,Aqua Refractor,https://sportscards.standard.us-east-1.oortstorages.com/new%20card%20scans%202/card%20matcher/firstin%20_0016_Layer%2018.jpg|https://sportscards.standard.us-east-1.oortstorages.com/new%20card%20scans%202/card%20matcher/firstin%20_0015_Layer%2019.jpg,,,,,,Seattle Sounders FC,c_e7edb6f6,,2024.0,2024 Topps Finest MLS,,231,Pedro de La Vega,Seattle Sounders FC,MLS,,,,,,,raw,3.0,,,USD,,https://sportscards.standard.us-east-1.oortstorages.com/new%20card%20scans%202/card%20matcher/firstin%20_0016_Layer%2018.jpg,https://sportscards.standard.us-east-1.oortstorages.com/new%20card%20scans%202/card%20matcher/firstin%20_0015_Layer%2019.jpg,,2026-02-04T01:59:04.877Z,,
2024 Topps Finest MLS 290 Quinn Sullivan Oil Spill Refractor,Quinn Sullivan,290,Topps Finest MLS,Topps,2024,MLS,Oil Spill Refractor,https://sportscards.standard.us-east-1.oortstorages.com/new%20card%20scans%202/card%20matcher/Untitled-14_0008_Layer%20122.jpg|https://sportscards.standard.us-east-1.oortstorages.com/new%20card%20scans%202/card%20matcher/Untitled-14_0002_Layer%20128.jpg,,,,,,Philadelphia Union,c_7bad1f3,,2024.0,Topps Finest MLS,,290,Quinn Sullivan,Philadelphia Union,MLS,,,,,,,raw,1.0,,,USD,,https://sportscards.standard.us-east-1.oortstorages.com/new%20card%20scans%202/card%20matcher/Untitled-14_0008_Layer%20122.jpg,https://sportscards.standard.us-east-1.oortstorages.com/new%20card%20scans%202/card%20matcher/Untitled-14_0002_Layer%20128.jpg,,2026-02-04T01:59:04.879Z,,
2022-23 Topps Merlin Chrome UEFA Club Competitions 27 Pablo Barrios Aqua Prism Refractor,Pablo Barrios,27,Topps Merlin,Topps,2022-23,UEFA Club Competitions,RC,https://sportscards.standard.us-east-1.oortstorages.com/new%20card%20scans%202/card%20matcher/Untitled-49_0011_Layer%2016.jpg|https://sportscards.standard.us-east-1.oortstorages.com/new%20card%20scans%202/card%20matcher/Untitled-49_0005_Layer%2022.jpg,,,,,,Atlético Madrid,c_9cc1738a,,2022.0,Topps Merlin,,27,Pablo Barrios,Atlético Madrid,UEFA Club Competitions,,,,,,,raw,1.0,,,USD,,https://sportscards.standard.us-east-1.oortstorages.com/new%20card%20scans%202/card%20matcher/Untitled-49_0011_Layer%2016.jpg,https://sportscards.standard.us-east-1.oortstorages.com/new%20card%20scans%202/card%20matcher/Untitled-49_0005_Layer%2022.jpg,,2026-02-04T01:59:04.877Z,,
2024 Topps Finest MLS 32 Osman Bukari Refractor,Osman Bukari,32,Topps Finest MLS,Topps,2024,MLS,Refractor,https://sportscards.standard.us-east-1.oortstorages.com/new%20card%20scans%202/card%20matcher/Untitled-15_0008_Layer%20123.jpg|https://sportscards.standard.us-east-1.oortstorages.com/new%20card%20scans%202/card%20matcher/Untitled-15_0002_Layer%20129.jpg,,,,,,Austin FC,c_106680fe,,2024.0,Topps Finest MLS,,32,Osman Bukari,Austin FC,MLS,,,,,,,raw,1.0,,,USD,,https://sportscards.standard.us-east-1.oortstorages.com/new%20card%20scans%202/card%20matcher/Untitled-15_0008_Layer%20123.jpg,https://sportscards.standard.us-east-1.oortstorages.com/new%20card%20scans%202/card%20matcher/Untitled-15_0002_Layer%20129.jpg,,2026-02-04T01:59:04.879Z,,
2024 Finest MLS Christian Benteke #PFF5 Orange/Red Prized Footballers,Christian Benteke,PFF5,2024 Topps Finest MLS,Topps,2024,MLS,Orange/Red,https://sportscards.standard.us-east-1.oortstorages.com/new%20card%20scans%202/card%20matcher/nexr_0008_Layer%2042.jpg|https://sportscards.standard.us-east-1.oortstorages.com/new%20card%20scans%202/card%20matcher/nexr_0004_Layer%2046.jpg,,,,,,DC United,c_ee17f8f9,,2024.0,2024 Topps Finest MLS,,PFF5,Christian Benteke,DC United,MLS,,,,,,,raw,1.0,,,USD,,https://sportscards.standard.us-east-1.oortstorages.com/new%20card%20scans%202/card%20matcher/nexr_0008_Layer%2042.jpg,https://sportscards.standard.us-east-1.oortstorages.com/new%20card%20scans%202/card%20matcher/nexr_0004_Layer%2046.jpg,,2026-02-04T01:59:04.880Z,,
2024 Topps Finest MLS #111 Alonso Martinez Gold Refractor /50 NYCFC,Alonso Martinez,111,Topps Finest MLS,Topps,2023-24,MLS,Gold Refractor,https://sportscards.standard.us-east-1.oortstorages.com/new%20card%20scans%202/card%20matcher/Untitled-1_0021_Layer%2027.jpg|https://sportscards.standard.us-east-1.oortstorages.com/new%20card%20scans%202/card%20matcher/Untitled-1_0017_Layer%2031.jpg,,,,,,New York City FC,c_b4227b57,,2023.0,Topps Finest MLS,,111,Alonso Martinez,New York City FC,MLS,,,,,,,raw,1.0,,,USD,,https://sportscards.standard.us-east-1.oortstorages.com/new%20card%20scans%202/card%20matcher/Untitled-1_0021_Layer%2027.jpg,https://sportscards.standard.us-east-1.oortstorages.com/new%20card%20scans%202/card%20matcher/Untitled-1_0017_Layer%2031.jpg,,2026-02-04T01:59:04.879Z,,
2023-24 Panini Select Premier League 144 Youssef Chermiti White Ice,Youssef Chermiti,144,Panini Select,Panini,2023-24,Premier League,RC,https://sportscards.standard.us-east-1.oortstorages.com/new%20card%20scans%202/card%20matcher/Untitled-55_0008_Layer%2036.jpg|https://sportscards.standard.us-east-1.oortstorages.com/new%20card%20scans%202/card%20matcher/Untitled-55_0002_Layer%2042.jpg,,,,,,Everton,c_15149f32,,2023.0,Panini Select,,144,Youssef Chermiti,Everton,Premier League,,,,,,,raw,1.0,,,USD,,https://sportscards.standard.us-east-1.oortstorages.com/new%20card%20scans%202/card%20matcher/Untitled-55_0008_Layer%2036.jpg,https://sportscards.standard.us-east-1.oortstorages.com/new%20card%20scans%202/card%20matcher/Untitled-55_0002_Layer%2042.jpg,,2026-02-04T01:59:04.877Z,,
2024 Finest MLS Clint Dempsey #PA4 Pop Art Insert,Clint Dempsey,PA4,2024 Topps Finest MLS,Topps,2024,MLS,Pop Art,https://sportscards.standard.us-east-1.oortstorages.com/new%20card%20scans%202/card%20matcher/firstin%20_0021_Layer%2013.jpg|https://sportscards.standard.us-east-1.oortstorages.com/new%20card%20scans%202/card%20matcher/firstin%20_0013_Layer%2028.jpg,,,,,,Retired (Last: Seattle Sounders FC),c_bbbf320f,,2024.0,2024 Topps Finest MLS,,PA4,Clint Dempsey,Retired (Last: Seattle Sounders FC),MLS,,,,,,,raw,1.0,,,USD,,https://sportscards.standard.us-east-1.oortstorages.com/new%20card%20scans%202/card%20matcher/firstin%20_0021_Layer%2013.jpg,https://sportscards.standard.us-east-1.oortstorages.com/new%20card%20scans%202/card%20matcher/firstin%20_0013_Layer%2028.jpg,,2026-02-04T01:59:04.880Z,,
2024 Topps Finest MLS Omar Campos,Omar Campos,FD9,Topps Finest MLS,Topps,2024,MLS,-,https://sportscards.standard.us-east-1.oortstorages.com/new%20card%20scans%202/card%20matcher/Untitled-20_0011_Layer%20169.jpg|https://sportscards.standard.us-east-1.oortstorages.com/new%20card%20scans%202/card%20matcher/Untitled-20_0005_Layer%20175.jpg,,,,,,Los Angeles FC,c_58b6cacc,,2024.0,Topps Finest MLS,,FD9,Omar Campos,Los Angeles FC,MLS,,,,,,,raw,1.0,,,USD,,https://sportscards.standard.us-east-1.oortstorages.com/new%20card%20scans%202/card%20matcher/Untitled-20_0011_Layer%20169.jpg,https://sportscards.standard.us-east-1.oortstorages.com/new%20card%20scans%202/card%20matcher/Untitled-20_0005_Layer%20175.jpg,,2026-02-04T01:59:04.879Z,,
2024 Topps Finest MLS #145 Cody Baker Gold Refractor /50 Real Salt Lake,Cody Baker,145,Topps Finest MLS,Topps,2023-24,MLS,Gold Refractor,https://sportscards.standard.us-east-1.oortstorages.com/new%20card%20scans%202/card%20matcher/Untitled-1_0044_Layer%204.jpg|https://sportscards.standard.us-east-1.oortstorages.com/new%20card%20scans%202/card%20matcher/Untitled-1_0038_Layer%2010.jpg,,,,,,Seattle Sounders FC,c_ff68548c,,2023.0,Topps Finest MLS,,145,Cody Baker,Seattle Sounders FC,MLS,,,,,,,raw,1.0,,,USD,,https://sportscards.standard.us-east-1.oortstorages.com/new%20card%20scans%202/card%20matcher/Untitled-1_0044_Layer%204.jpg,https://sportscards.standard.us-east-1.oortstorages.com/new%20card%20scans%202/card%20matcher/Untitled-1_0038_Layer%2010.jpg,,2026-02-04T01:59:04.879Z,,
2024 Topps Finest MLS #266 Alonso Martinez Aqua Refractor NYCFC,Alonso Martinez,266,Topps Finest MLS,Topps,2023-24,MLS,Aqua Refractor,https://sportscards.standard.us-east-1.oortstorages.com/new%20card%20scans%202/card%20matcher/Untitled-10_0009_Layer%2084.jpg|https://sportscards.standard.us-east-1.oortstorages.com/new%20card%20scans%202/card%20matcher/Untitled-10_0003_Layer%2090.jpg,,,,,,New York City FC,c_ebf79db8,,2023.0,Topps Finest MLS,,266,Alonso Martinez,New York City FC,MLS,,,,,,,raw,1.0,,,USD,,https://sportscards.standard.us-east-1.oortstorages.com/new%20card%20scans%202/card%20matcher/Untitled-10_0009_Layer%2084.jpg,https://sportscards.standard.us-east-1.oortstorages.com/new%20card%20scans%202/card%20matcher/Untitled-10_0003_Layer%2090.jpg,,2026-02-04T01:59:04.879Z,,
2024 Topps Finest MLS 145 Cody Baker Refractor,Cody Baker,145,Topps Finest MLS,Topps,2024,MLS,Refractor,https://sportscards.standard.us-east-1.oortstorages.com/new%20card%20scans%202/card%20matcher/Untitled-12_0007_Layer%2099.jpg|https://sportscards.standard.us-east-1.oortstorages.com/new%20card%20scans%202/card%20matcher/Untitled-12_0001_Layer%20105.jpg,,,,,,Seattle Sounders FC,c_7d40108d,,2024.0,Topps Finest MLS,,145,Cody Baker,Seattle Sounders FC,MLS,,,,,,,raw,1.0,,,USD,,https://sportscards.standard.us-east-1.oortstorages.com/new%20card%20scans%202/card%20matcher/Untitled-12_0007_Layer%2099.jpg,https://sportscards.standard.us-east-1.oortstorages.com/new%20card%20scans%202/card%20matcher/Untitled-12_0001_Layer%20105.jpg,,2026-02-04T01:59:04.879Z,,
2024 Topps Finest MLS 45 Cody Baker Checkerboard,Cody Baker,45,Topps Finest MLS,Topps,2024,MLS,Checkerboard,https://sportscards.standard.us-east-1.oortstorages.com/new%20card%20scans%202/card%20matcher/Untitled-12_0006_Layer%20100.jpg|https://sportscards.standard.us-east-1.oortstorages.com/new%20card%20scans%202/card%20matcher/Untitled-12_0000_Layer%20106.jpg,,,,,,Seattle Sounders FC,c_5d69d42c,,2024.0,Topps Finest MLS,,45,Cody Baker,Seattle Sounders FC,MLS,,,,,,,raw,1.0,,,USD,,https://sportscards.standard.us-east-1.oortstorages.com/new%20card%20scans%202/card%20matcher/Untitled-12_0006_Layer%20100.jpg,https://sportscards.standard.us-east-1.oortstorages.com/new%20card%20scans%202/card%20matcher/Untitled-12_0000_Layer%20106.jpg,,2026-02-04T01:59:04.879Z,,
2023 Chrome MLS Connor Ronan #113 Aqua Lava Refractor,Connor Ronan,113,2023 Topps Chrome MLS,Topps,2023,MLS,Aqua Lava,https://sportscards.standard.us-east-1.oortstorages.com/new%20card%20scans%202/card%20matcher/Untitled-4_0003_Layer%203.jpg|https://sportscards.standard.us-east-1.oortstorages.com/new%20card%20scans%202/card%20matcher/connor-back.png,,,,,,Colorado Rapids,c_cb4ee98,,2023.0,2023 Topps Chrome MLS,,113,Connor Ronan,Colorado Rapids,MLS,,,,,,,raw,1.0,,,USD,,https://sportscards.standard.us-east-1.oortstorages.com/new%20card%20scans%202/card%20matcher/Untitled-4_0003_Layer%203.jpg,https://sportscards.standard.us-east-1.oortstorages.com/new%20card%20scans%202/card%20matcher/connor-back.png,,2026-02-04T01:59:04.880Z,,
2023-24 Panini Select Premier League 241 Phil Foden White Ice,Phil Foden,241,Panini Select,Panini,2023-24,Premier League,Select,https://sportscards.standard.us-east-1.oortstorages.com/new%20card%20scans%202/card%20matcher/Untitled-59_0007_Layer%2062.jpg|https://sportscards.standard.us-east-1.oortstorages.com/new%20card%20scans%202/card%20matcher/Untitled-59_0001_Layer%2068.jpg,,,,,,Manchester City,c_ad72a2f0,,2023.0,Panini Select,,241,Phil Foden,Manchester City,Premier League,,,,,,,raw,1.0,,,USD,,https://sportscards.standard.us-east-1.oortstorages.com/new%20card%20scans%202/card%20matcher/Untitled-59_0007_Layer%2062.jpg,https://sportscards.standard.us-east-1.oortstorages.com/new%20card%20scans%202/card%20matcher/Untitled-59_0001_Layer%2068.jpg,,2026-02-04T01:59:04.877Z,,
2024-25 Panini Donruss FIFA Phil Foden,Phil Foden,66,Panini Donruss FIFA,Panini,2024,Premier League,-,https://sportscards.standard.us-east-1.oortstorages.com/new%20card%20scans%202/card%20matcher/Untitled-21_0009_Layer%20172.jpg|https://sportscards.standard.us-east-1.oortstorages.com/new%20card%20scans%202/card%20matcher/Untitled-21_0003_Layer%20178.jpg,,,,,,Manchester City,c_d2b3b3b4,,2024.0,Panini Donruss FIFA,,66,Phil Foden,Manchester City,Premier League,,,,,,,raw,1.0,,,USD,,https://sportscards.standard.us-east-1.oortstorages.com/new%20card%20scans%202/card%20matcher/Untitled-21_0009_Layer%20172.jpg,https://sportscards.standard.us-east-1.oortstorages.com/new%20card%20scans%202/card%20matcher/Untitled-21_0003_Layer%20178.jpg,,2026-02-04T01:59:04.879Z,,
2024 Finest MLS Pedro de la Vega #82 Holo Glow Gold Refractor,Pedro de La Vega,82,2024 Topps Finest MLS,Topps,2024,MLS,Holo Glow Variation-Gold Refractor,https://sportscards.standard.us-east-1.oortstorages.com/new%20card%20scans%202/card%20matcher/firstin%20_0003_Layer%2024.jpg|https://sportscards.standard.us-east-1.oortstorages.com/new%20card%20scans%202/card%20matcher/firstin%20_0015_Layer%2019.jpg,,,,,,Seattle Sounders FC,c_2ab4222a,,2024.0,2024 Topps Finest MLS,,82,Pedro de La Vega,Seattle Sounders FC,MLS,,,,,,,raw,1.0,,,USD,,https://sportscards.standard.us-east-1.oortstorages.com/new%20card%20scans%202/card%20matcher/firstin%20_0003_Layer%2024.jpg,https://sportscards.standard.us-east-1.oortstorages.com/new%20card%20scans%202/card%20matcher/firstin%20_0015_Layer%2019.jpg,,2026-02-04T01:59:04.880Z,,
2024 Topps Finest MLS 149 Bongokuhle Hlongwane Checkerboard,Bongokuhle Hlongwane,149,Topps Finest MLS,Topps,2024,MLS,Checkerboard,https://sportscards.standard.us-east-1.oortstorages.com/new%20card%20scans%202/card%20matcher/Untitled-15_0006_Layer%20125.jpg|https://sportscards.standard.us-east-1.oortstorages.com/new%20card%20scans%202/card%20matcher/Untitled-16_0002_Layer%20141.jpg,,,,,,Minnesota United FC,c_fcc21b22,,2024.0,Topps Finest MLS,,149,Bongokuhle Hlongwane,Minnesota United FC,MLS,,,,,,,raw,2.0,,,USD,,https://sportscards.standard.us-east-1.oortstorages.com/new%20card%20scans%202/card%20matcher/Untitled-15_0006_Layer%20125.jpg,https://sportscards.standard.us-east-1.oortstorages.com/new%20card%20scans%202/card%20matcher/Untitled-16_0002_Layer%20141.jpg,,2026-02-04T01:59:04.879Z,,
2022-23 Topps Merlin Chrome UEFA Club Competitions Under 21 Stars 18 Antonio Silva,Antonio Silva,18,Topps Merlin,Topps,2022-23,UEFA Club Competitions,RC,https://sportscards.standard.us-east-1.oortstorages.com/new%20card%20scans%202/card%20matcher/Untitled-53_0008_Layer%2034.jpg|https://sportscards.standard.us-east-1.oortstorages.com/new%20card%20scans%202/card%20matcher/Untitled-53_0002_Layer%2040.jpg,,,,,,Benfica,c_201553d7,,2022.0,Topps Merlin,,18,Antonio Silva,Benfica,UEFA Club Competitions,,,,,,,raw,1.0,,,USD,,https://sportscards.standard.us-east-1.oortstorages.com/new%20card%20scans%202/card%20matcher/Untitled-53_0008_Layer%2034.jpg,https://sportscards.standard.us-east-1.oortstorages.com/new%20card%20scans%202/card%20matcher/Untitled-53_0002_Layer%2040.jpg,,2026-02-04T01:59:04.878Z,,
2023-24 Panini Select Premier League 97 Pedro Neto Red Ice,Pedro Neto,97,Panini Select Premier League,Panini,2023–24,Premier League,Red Ice,https://sportscards.standard.us-east-1.oortstorages.com/new%20card%20scans%202/card%20matcher/Untitled-15_0002_Layer%2086.jpg|https://sportscards.standard.us-east-1.oortstorages.com/new%20card%20scans%202/card%20matcher/Untitled-15-back_0002_Layer%2091.jpg,,,,,,Wolverhampton Wanderers,c_2ebe4493,,2023.0,Panini Select Premier League,,97,Pedro Neto,Wolverhampton Wanderers,Premier League,,,,,,,raw,1.0,,,USD,,https://sportscards.standard.us-east-1.oortstorages.com/new%20card%20scans%202/card%20matcher/Untitled-15_0002_Layer%2086.jpg,https://sportscards.standard.us-east-1.oortstorages.com/new%20card%20scans%202/card%20matcher/Untitled-15-back_0002_Layer%2091.jpg,,2026-02-04T01:59:04.879Z,,
2024 Topps Finest MLS Pedro de La Vega,Pedro de La Vega,FD2,Topps Finest MLS,Topps,2024,MLS,-,https://sportscards.standard.us-east-1.oortstorages.com/new%20card%20scans%202/card%20matcher/Untitled-21_0007_Layer%20174.jpg|https://sportscards.standard.us-east-1.oortstorages.com/new%20card%20scans%202/card%20matcher/Untitled-21_0001_Layer%20180.jpg,,,,,,Seattle Sounders FC,c_814912fa,,2024.0,Topps Finest MLS,,FD2,Pedro de La Vega,Seattle Sounders FC,MLS,,,,,,,raw,1.0,,,USD,,https://sportscards.standard.us-east-1.oortstorages.com/new%20card%20scans%202/card%20matcher/Untitled-21_0007_Layer%20174.jpg,https://sportscards.standard.us-east-1.oortstorages.com/new%20card%20scans%202/card%20matcher/Untitled-21_0001_Layer%20180.jpg,,2026-02-04T01:59:04.879Z,,
2024 Topps Finest MLS Autographs #BAPD Pedro de La Vega Auto Seattle Sounders,Pedro de La Vega,BAPD,Topps Finest MLS,Topps,2023-24,MLS,Topps Autograph,https://sportscards.standard.us-east-1.oortstorages.com/new%20card%20scans%202/card%20matcher/Untitled-2_0000_Layer%206.jpg|https://sportscards.standard.us-east-1.oortstorages.com/new%20card%20scans%202/card%20matcher/Untitled-1_0002_Layer%204.jpg,,,,,,Seattle Sounders FC,c_bc03f38a,,2023.0,Topps Finest MLS,,BAPD,Pedro de La Vega,Seattle Sounders FC,MLS,,,,,,,raw,1.0,,,USD,,https://sportscards.standard.us-east-1.oortstorages.com/new%20card%20scans%202/card%20matcher/Untitled-2_0000_Layer%206.jpg,https://sportscards.standard.us-east-1.oortstorages.com/new%20card%20scans%202/card%20matcher/Untitled-1_0002_Layer%204.jpg,,2026-02-04T01:59:04.878Z,,
2022-23 Topps Merlin Chrome UEFA Club Competitions 43 Arda Guler Aqua Prism Refractor,Arda Güler,43,Topps Merlin,Topps,2022-23,UEFA Club Competitions,RC,https://sportscards.standard.us-east-1.oortstorages.com/new%20card%20scans%202/card%20matcher/Untitled-49_0009_Layer%2018.jpg|https://sportscards.standard.us-east-1.oortstorages.com/new%20card%20scans%202/card%20matcher/Untitled-49_0003_Layer%2024.jpg,,,,,,Fenerbahçe,c_5bd3f5f0,,2022.0,Topps Merlin,,43,Arda Güler,Fenerbahçe,UEFA Club Competitions,,,,,,,raw,1.0,,,USD,,https://sportscards.standard.us-east-1.oortstorages.com/new%20card%20scans%202/card%20matcher/Untitled-49_0009_Layer%2018.jpg,https://sportscards.standard.us-east-1.oortstorages.com/new%20card%20scans%202/card%20matcher/Untitled-49_0003_Layer%2024.jpg,,2026-02-04T01:59:04.877Z,,
2024 Topps Finest MLS SP #MLS9 Zlatan Ibrahimovic Short Print LA Galaxy,Zlatan Ibrahimovic,MLS9,Topps Finest MLS,Topps,2023-24,MLS,Short Print,https://sportscards.standard.us-east-1.oortstorages.com/new%20card%20scans%202/card%20matcher/Untitled-16_0007_Layer%20136.jpg|https://sportscards.standard.us-east-1.oortstorages.com/new%20card%20scans%202/card%20matcher/Untitled-16_0001_Layer%20142.jpg,,,,,,LA Galaxy,c_cb68cfe6,,2023.0,Topps Finest MLS,,MLS9,Zlatan Ibrahimovic,LA Galaxy,MLS,,,,,,,raw,1.0,,,USD,,https://sportscards.standard.us-east-1.oortstorages.com/new%20card%20scans%202/card%20matcher/Untitled-16_0007_Layer%20136.jpg,https://sportscards.standard.us-east-1.oortstorages.com/new%20card%20scans%202/card%20matcher/Untitled-16_0001_Layer%20142.jpg,,2026-02-04T01:59:04.879Z,,
2024 Topps Finest MLS 231 Pedro de La Vega Neon Green Refractor,Pedro de La Vega,231,Topps Finest MLS,Topps,2023-2024,MLS,Neon Green Refractor,https://sportscards.standard.us-east-1.oortstorages.com/new%20card%20scans%202/card%20matcher/Untitled-4_0000_Layer%206.jpg|https://sportscards.standard.us-east-1.oortstorages.com/new%20card%20scans%202/card%20matcher/Untitled-5_0000_Layer%207.jpg,,,,,,Seattle Sounders FC,c_8939f85d,,2023.0,Topps Finest MLS,,231,Pedro de La Vega,Seattle Sounders FC,MLS,,,,,,,raw,2.0,,,USD,,https://sportscards.standard.us-east-1.oortstorages.com/new%20card%20scans%202/card%20matcher/Untitled-4_0000_Layer%206.jpg,https://sportscards.standard.us-east-1.oortstorages.com/new%20card%20scans%202/card%20matcher/Untitled-5_0000_Layer%207.jpg,,2026-02-04T01:59:04.878Z,,
2024 Finest MLS Ben Bender #Babb AUTO Autograph RC,Ben Bender,Babb,2024 Topps Finest MLS,Topps,2024,MLS,Autograph,https://sportscards.standard.us-east-1.oortstorages.com/new%20card%20scans%202/card%20matcher/firstin%20_0006_Layer%2021.jpg|https://sportscards.standard.us-east-1.oortstorages.com/new%20card%20scans%202/card%20matcher/firstin%20_0001_Layer%2026.jpg,,,,,,Charlotte FC,c_97b1117,,2024.0,2024 Topps Finest MLS,,Babb,Ben Bender,Charlotte FC,MLS,,,,,,,raw,1.0,,,USD,,https://sportscards.standard.us-east-1.oortstorages.com/new%20card%20scans%202/card%20matcher/firstin%20_0006_Layer%2021.jpg,https://sportscards.standard.us-east-1.oortstorages.com/new%20card%20scans%202/card%20matcher/firstin%20_0001_Layer%2026.jpg,,2026-02-04T01:59:04.880Z,,
2023-24 Topps Merlin UEFA Club Competitions Merlin's Chosen Ones MC8 Ben Doak,Ben Doak,MC8,Topps Merlin,Topps,2023-24,UEFA Club Competitions,RC,https://sportscards.standard.us-east-1.oortstorages.com/new%20card%20scans%202/card%20matcher/sportscards8_0013_Layer%2023.jpg|https://sportscards.standard.us-east-1.oortstorages.com/new%20card%20scans%202/card%20matcher/sportscards8_0006_Layer%2030.jpg,,,,,,Liverpool,c_72ad7064,,2023.0,Topps Merlin,,MC8,Ben Doak,Liverpool,UEFA Club Competitions,,,,,,,raw,1.0,,,USD,,https://sportscards.standard.us-east-1.oortstorages.com/new%20card%20scans%202/card%20matcher/sportscards8_0013_Layer%2023.jpg,https://sportscards.standard.us-east-1.oortstorages.com/new%20card%20scans%202/card%20matcher/sportscards8_0006_Layer%2030.jpg,,2026-02-04T01:59:04.878Z,,
2024 Topps Finest MLS Zlatan Ibrahimovic LA Galaxy,Zlatan Ibrahimovic,FD5,Topps Finest MLS,Topps,2024,red,-,https://sportscards.standard.us-east-1.oortstorages.com/new%20card%20scans%202/card%20matcher/Untitled-20_0007_Layer%20173.jpg|https://sportscards.standard.us-east-1.oortstorages.com/new%20card%20scans%202/card%20matcher/Untitled-20_0001_Layer%20179.jpg,,,,,,LA Galaxy,c_d54cdd45,,2024.0,Topps Finest MLS,,FD5,Zlatan Ibrahimovic,LA Galaxy,red,,,,,,,raw,1.0,,,USD,,https://sportscards.standard.us-east-1.oortstorages.com/new%20card%20scans%202/card%20matcher/Untitled-20_0007_Layer%20173.jpg,https://sportscards.standard.us-east-1.oortstorages.com/new%20card%20scans%202/card%20matcher/Untitled-20_0001_Layer%20179.jpg,,2026-02-04T01:59:04.879Z,,
2024 Topps Finest MLS 96 Benja Cremaschi Checkerboard,Benja Cremaschi,96,Topps Finest MLS,Topps,2024,MLS,Checkerboard,https://sportscards.standard.us-east-1.oortstorages.com/new%20card%20scans%202/card%20matcher/Untitled-14_0010_Layer%20120.jpg|https://sportscards.standard.us-east-1.oortstorages.com/new%20card%20scans%202/card%20matcher/Untitled-14_0004_Layer%20126.jpg,,,,,,Inter Miami CF,c_533b3b27,,2024.0,Topps Finest MLS,,96,Benja Cremaschi,Inter Miami CF,MLS,,,,,,,raw,1.0,,,USD,,https://sportscards.standard.us-east-1.oortstorages.com/new%20card%20scans%202/card%20matcher/Untitled-14_0010_Layer%20120.jpg,https://sportscards.standard.us-east-1.oortstorages.com/new%20card%20scans%202/card%20matcher/Untitled-14_0004_Layer%20126.jpg,,2026-02-04T01:59:04.879Z,,
2024 Topps Finest MLS Autographs #BABC Benja Cremaschi Auto Inter Miami,Benja Cremaschi,BABC,Topps Finest MLS,Topps,2023-24,MLS,Topps Autograph,https://sportscards.standard.us-east-1.oortstorages.com/new%20card%20scans%202/card%20matcher/Untitled-3_0002_Layer%206.jpg|https://sportscards.standard.us-east-1.oortstorages.com/new%20card%20scans%202/card%20matcher/Benja_auto_back_0000_Layer%201.jpg,,,,,,Inter Miami CF,c_e00ae549,,2023.0,Topps Finest MLS,,BABC,Benja Cremaschi,Inter Miami CF,MLS,,,,,,,raw,1.0,,,USD,,https://sportscards.standard.us-east-1.oortstorages.com/new%20card%20scans%202/card%20matcher/Untitled-3_0002_Layer%206.jpg,https://sportscards.standard.us-east-1.oortstorages.com/new%20card%20scans%202/card%20matcher/Benja_auto_back_0000_Layer%201.jpg,,2026-02-04T01:59:04.878Z,,
2024-25 Panini Donruss FIFA 24 Riccardo Calafiori Optic-Argyle,Riccardo Calafiori,24,Panini Donruss FIFA,Panini,2024-25,FIFA,Optic-Argyle,https://sportscards.standard.us-east-1.oortstorages.com/new%20card%20scans%202/card%20matcher/Untitled-22_0008_Layer%20174.jpg|https://sportscards.standard.us-east-1.oortstorages.com/new%20card%20scans%202/card%20matcher/Untitled-22_0002_Layer%20180.jpg,,,,,,Italy,c_aa249b56,,2024.0,Panini Donruss FIFA,,24,Riccardo Calafiori,Italy,FIFA,,,,,,,raw,1.0,,,USD,,https://sportscards.standard.us-east-1.oortstorages.com/new%20card%20scans%202/card%20matcher/Untitled-22_0008_Layer%20174.jpg,https://sportscards.standard.us-east-1.oortstorages.com/new%20card%20scans%202/card%20matcher/Untitled-22_0002_Layer%20180.jpg,,2026-02-04T01:59:04.879Z,,
2024-25 Panini Donruss FIFA Rookie Kings 7 Benjamin Tanimu,Benjamin Tanimu,7,Panini Donruss FIFA,Panini,2024-25,FIFA,Rookie Kings,https://sportscards.standard.us-east-1.oortstorages.com/new%20card%20scans%202/card%20matcher/Untitled-23_0007_Layer%20175.jpg|https://sportscards.standard.us-east-1.oortstorages.com/new%20card%20scans%202/card%20matcher/Untitled-23_0001_Layer%20181.jpg,,,,,,Nigeria,c_63276df4,,2024.0,Panini Donruss FIFA,,7,Benjamin Tanimu,Nigeria,FIFA,,,,,,,raw,1.0,,,USD,,https://sportscards.standard.us-east-1.oortstorages.com/new%20card%20scans%202/card%20matcher/Untitled-23_0007_Layer%20175.jpg,https://sportscards.standard.us-east-1.oortstorages.com/new%20card%20scans%202/card%20matcher/Untitled-23_0001_Layer%20181.jpg,,2026-02-04T01:59:04.879Z,,
2024 Topps Finest MLS Short Prints MLS9 Zlatan Ibrahimovic,Zlatan Ibrahimovic,MLS9,Topps Finest MLS,Topps,2024,MLS,Short Prints,https://sportscards.standard.us-east-1.oortstorages.com/new%20card%20scans%202/card%20matcher/Untitled-8_0008_Layer%2072.jpg|https://sportscards.standard.us-east-1.oortstorages.com/new%20card%20scans%202/card%20matcher/Untitled-8_0003_Layer%2077.jpg,,,,,,LA Galaxy,c_d2ce0505,,2024.0,Topps Finest MLS,,MLS9,Zlatan Ibrahimovic,LA Galaxy,MLS,,,,,,,raw,1.0,,,USD,,https://sportscards.standard.us-east-1.oortstorages.com/new%20card%20scans%202/card%20matcher/Untitled-8_0008_Layer%2072.jpg,https://sportscards.standard.us-east-1.oortstorages.com/new%20card%20scans%202/card%20matcher/Untitled-8_0003_Layer%2077.jpg,,2026-02-04T01:59:04.877Z,,
2024 Finest MLS Pedro de la Vega #Bapd AUTO Autograph RC,Pedro de La Vega,Bapd,2024 Topps Finest MLS,Topps,2.02E+03,MLS,Autograph,https://sportscards.standard.us-east-1.oortstorages.com/new%20card%20scans%202/card%20matcher/firstin%20_0019_Layer%2015.jpg|https://sportscards.standard.us-east-1.oortstorages.com/new%20card%20scans%202/card%20matcher/firstin%20_0010_Layer%2030.jpg,,,,,,Seattle Sounders FC,c_74b21043,,2.0,2024 Topps Finest MLS,,Bapd,Pedro de La Vega,Seattle Sounders FC,MLS,,,,,,,raw,1.0,,,USD,,https://sportscards.standard.us-east-1.oortstorages.com/new%20card%20scans%202/card%20matcher/firstin%20_0019_Layer%2015.jpg,https://sportscards.standard.us-east-1.oortstorages.com/new%20card%20scans%202/card%20matcher/firstin%20_0010_Layer%2030.jpg,,2026-02-04T01:59:04.880Z,,
2024 Topps Finest MLS Pop Art #PA14 Zlatan Ibrahimovic Insert LA Galaxy,Zlatan Ibrahimovic,PA14,Topps Finest MLS,Topps,2023-24,MLS,Pop Art,https://sportscards.standard.us-east-1.oortstorages.com/new%20card%20scans%202/card%20matcher/Untitled-8_0009_Layer%2071.jpg|https://sportscards.standard.us-east-1.oortstorages.com/new%20card%20scans%202/card%20matcher/Untitled-8_0004_Layer%2076.jpg,,,,,,LA Galaxy,c_1ca61bb7,,2023.0,Topps Finest MLS,,PA14,Zlatan Ibrahimovic,LA Galaxy,MLS,,,,,,,raw,1.0,,,USD,,https://sportscards.standard.us-east-1.oortstorages.com/new%20card%20scans%202/card%20matcher/Untitled-8_0009_Layer%2071.jpg,https://sportscards.standard.us-east-1.oortstorages.com/new%20card%20scans%202/card%20matcher/Untitled-8_0004_Layer%2076.jpg,,2026-02-04T01:59:04.879Z,,
2024 Topps Finest MLS Cristian Arango,Cristian Arango,13,Topps Finest MLS,Topps,2024,MLS,-,https://sportscards.standard.us-east-1.oortstorages.com/new%20card%20scans%202/card%20matcher/Untitled-12_0011_Layer%2095.jpg|https://sportscards.standard.us-east-1.oortstorages.com/new%20card%20scans%202/card%20matcher/Untitled-12_0005_Layer%20101.jpg,,,,,,San Jose Earthquakes,c_43b9461a,,2024.0,Topps Finest MLS,,13,Cristian Arango,San Jose Earthquakes,MLS,,,,,,,raw,1.0,,,USD,,https://sportscards.standard.us-east-1.oortstorages.com/new%20card%20scans%202/card%20matcher/Untitled-12_0011_Layer%2095.jpg,https://sportscards.standard.us-east-1.oortstorages.com/new%20card%20scans%202/card%20matcher/Untitled-12_0005_Layer%20101.jpg,,2026-02-04T01:59:04.879Z,,
2024 Topps Finest MLS 101 Cristian Arango Aqua Refractor,Cristian Arango,101,Topps Finest MLS,Topps,2023-2024,MLS,Aqua Refractor,https://sportscards.standard.us-east-1.oortstorages.com/new%20card%20scans%202/card%20matcher/Untitled-4_0005_Layer%201.jpg|https://sportscards.standard.us-east-1.oortstorages.com/new%20card%20scans%202/card%20matcher/Untitled-5_0005_Layer%202.jpg,,,,,,San Jose Earthquakes,c_dab66399,,2023.0,Topps Finest MLS,,101,Cristian Arango,San Jose Earthquakes,MLS,,,,,,,raw,1.0,,,USD,,https://sportscards.standard.us-east-1.oortstorages.com/new%20card%20scans%202/card%20matcher/Untitled-4_0005_Layer%201.jpg,https://sportscards.standard.us-east-1.oortstorages.com/new%20card%20scans%202/card%20matcher/Untitled-5_0005_Layer%202.jpg,,2026-02-04T01:59:04.877Z,,
2024 Topps Finest MLS 269 Cristian Espinoza Oil Spill Refractor,Cristian Espinoza,269,Topps Finest MLS,Topps,2024,MLS,Oil Spill Refractor,https://sportscards.standard.us-east-1.oortstorages.com/new%20card%20scans%202/card%20matcher/Untitled-14_0011_Layer%20119.jpg|https://sportscards.standard.us-east-1.oortstorages.com/new%20card%20scans%202/card%20matcher/Untitled-14_0005_Layer%20125.jpg,,,,,,San Jose Earthquakes,c_33414444,,2024.0,Topps Finest MLS,,269,Cristian Espinoza,San Jose Earthquakes,MLS,,,,,,,raw,1.0,,,USD,,https://sportscards.standard.us-east-1.oortstorages.com/new%20card%20scans%202/card%20matcher/Untitled-14_0011_Layer%20119.jpg,https://sportscards.standard.us-east-1.oortstorages.com/new%20card%20scans%202/card%20matcher/Untitled-14_0005_Layer%20125.jpg,,2026-02-04T01:59:04.879Z,,
2024-25 Panini Donruss FIFA 29 Alessandro Bastoni Optic-Plum Blossom,Alessandro Bastoni,29,Panini Donruss FIFA,Panini,2024-25,FIFA,Optic-Plum Blossom,https://sportscards.standard.us-east-1.oortstorages.com/new%20card%20scans%202/card%20matcher/Untitled-23_0012_Layer%20170.jpg|https://sportscards.standard.us-east-1.oortstorages.com/new%20card%20scans%202/card%20matcher/Untitled-21_0005_Layer%20176.jpg,,,,,,Italy,c_29c432f2,,2024.0,Panini Donruss FIFA,,29,Alessandro Bastoni,Italy,FIFA,,,,,,,raw,1.0,,,USD,,https://sportscards.standard.us-east-1.oortstorages.com/new%20card%20scans%202/card%20matcher/Untitled-23_0012_Layer%20170.jpg,https://sportscards.standard.us-east-1.oortstorages.com/new%20card%20scans%202/card%20matcher/Untitled-21_0005_Layer%20176.jpg,,2026-02-04T01:59:04.876Z,,
2024 Topps Finest MLS Diego Fagundez Gold Refractor /50 Austin FC,Diego Fagundez,181,Topps Finest MLS,Topps,2024-25,MLS,Gold Refractor,https://sportscards.standard.us-east-1.oortstorages.com/new%20card%20scans%202/card%20matcher/Untitled-9_0009_Layer%2083.jpg|https://sportscards.standard.us-east-1.oortstorages.com/new%20card%20scans%202/card%20matcher/Untitled-9_0003_Layer%2089.jpg,,,,,,LA Galaxy,c_80780fc7,,2024.0,Topps Finest MLS,,181,Diego Fagundez,LA Galaxy,MLS,,,,,,,raw,1.0,,,USD,,https://sportscards.standard.us-east-1.oortstorages.com/new%20card%20scans%202/card%20matcher/Untitled-9_0009_Layer%2083.jpg,https://sportscards.standard.us-east-1.oortstorages.com/new%20card%20scans%202/card%20matcher/Untitled-9_0003_Layer%2089.jpg,,2026-02-04T01:59:04.879Z,,
2022-23 Topps Merlin Chrome UEFA Club Competitions 149 Alex Lowry Aqua Refractor,Alex Lowry,149,Topps Merlin,Topps,2022-23,UEFA Club Competitions,RC,https://sportscards.standard.us-east-1.oortstorages.com/new%20card%20scans%202/card%20matcher/alex_lowry_front.png|https://sportscards.standard.us-east-1.oortstorages.com/new%20card%20scans%202/card%20matcher/alex_lowry_back.png,,,,,,Rangers,c_cf0d5f7e,,2022.0,Topps Merlin,,149,Alex Lowry,Rangers,UEFA Club Competitions,,,,,,,raw,1.0,,,USD,,https://sportscards.standard.us-east-1.oortstorages.com/new%20card%20scans%202/card%20matcher/alex_lowry_front.png,https://sportscards.standard.us-east-1.oortstorages.com/new%20card%20scans%202/card%20matcher/alex_lowry_back.png,,2026-02-04T01:59:04.878Z,,
2024 Topps Finest MLS 263 Diego Fagundez Oil Spill Refractor,Diego Fagundez,263,Topps Finest MLS,Topps,2024,MLS,Oil Spill Refractor,https://sportscards.standard.us-east-1.oortstorages.com/new%20card%20scans%202/card%20matcher/Untitled-16_0011_Layer%20132.jpg|https://sportscards.standard.us-east-1.oortstorages.com/new%20card%20scans%202/card%20matcher/Untitled-9_0005_Layer%2087.jpg,,,,,,LA Galaxy,c_66d9f1a2,,2024.0,Topps Finest MLS,,263,Diego Fagundez,LA Galaxy,MLS,,,,,,,raw,1.0,,,USD,,https://sportscards.standard.us-east-1.oortstorages.com/new%20card%20scans%202/card%20matcher/Untitled-16_0011_Layer%20132.jpg,https://sportscards.standard.us-east-1.oortstorages.com/new%20card%20scans%202/card%20matcher/Untitled-9_0005_Layer%2087.jpg,,2026-02-04T01:59:04.879Z,,
2022 UEFA William Clem #139 Icy Aqua Foil,William Clem,139,2022 Topps UEFA Club Competitions,Topps,2022,UEFA,Icy Aqua Foil,https://sportscards.standard.us-east-1.oortstorages.com/new%20card%20scans%202/card%20matcher/Untitled-41_0001_Layer%205.jpg|https://sportscards.standard.us-east-1.oortstorages.com/new%20card%20scans%202/card%20matcher/Untitled-41-back_0001_Layer%205.jpg,,,,,,FC Nordsjælland,c_340bfa9a,,2022.0,2022 Topps UEFA Club Competitions,,139,William Clem,FC Nordsjælland,UEFA,,,,,,,raw,1.0,,,USD,,https://sportscards.standard.us-east-1.oortstorages.com/new%20card%20scans%202/card%20matcher/Untitled-41_0001_Layer%205.jpg,https://sportscards.standard.us-east-1.oortstorages.com/new%20card%20scans%202/card%20matcher/Untitled-41-back_0001_Layer%205.jpg,,2026-02-04T01:59:04.880Z,,
2024 Topps Finest MLS Autographs #BADF Diego Fagundez Gold Refractor Auto /50,Diego Fagundez,BADF,Topps Finest MLS,Topps,2023-24,MLS,Topps Autograph Gold Refractor,https://sportscards.standard.us-east-1.oortstorages.com/new%20card%20scans%202/card%20matcher/Untitled-3_0004_Layer%204.jpg|https://sportscards.standard.us-east-1.oortstorages.com/new%20card%20scans%202/card%20matcher/Untitled-16_0005_Layer%20138.jpg,,,,,,LA Galaxy,c_46b6fe7f,,2023.0,Topps Finest MLS,,BADF,Diego Fagundez,LA Galaxy,MLS,,,,,,,raw,2.0,,,USD,,https://sportscards.standard.us-east-1.oortstorages.com/new%20card%20scans%202/card%20matcher/Untitled-3_0004_Layer%204.jpg,https://sportscards.standard.us-east-1.oortstorages.com/new%20card%20scans%202/card%20matcher/Untitled-16_0005_Layer%20138.jpg,,2026-02-04T01:59:04.879Z,,
2024 Topps Finest MLS #263 Diego Fagundez Orange Refractor Austin FC,Diego Fagundez,263,Topps Finest,Topps,2023-2024,MLS,Orange Refractor,https://sportscards.standard.us-east-1.oortstorages.com/new%20card%20scans%202/card%20matcher/Untitled-10_0012_Layer%2081.jpg|https://sportscards.standard.us-east-1.oortstorages.com/new%20card%20scans%202/card%20matcher/Untitled-9_0005_Layer%2087.jpg,,,,,,LA Galaxy,c_d44d6135,,2023.0,Topps Finest,,263,Diego Fagundez,LA Galaxy,MLS,,,,,,,raw,1.0,,,USD,,https://sportscards.standard.us-east-1.oortstorages.com/new%20card%20scans%202/card%20matcher/Untitled-10_0012_Layer%2081.jpg,https://sportscards.standard.us-east-1.oortstorages.com/new%20card%20scans%202/card%20matcher/Untitled-9_0005_Layer%2087.jpg,,2026-02-04T01:59:04.878Z,,
2024 Topps Finest MLS Diego Luna,Diego Luna,17,Topps Finest MLS,Topps,2024,MLS,-,https://sportscards.standard.us-east-1.oortstorages.com/new%20card%20scans%202/card%20matcher/Untitled-18_0007_Layer%20149.jpg|https://sportscards.standard.us-east-1.oortstorages.com/new%20card%20scans%202/card%20matcher/Untitled-18_0001_Layer%20155.jpg,,,,,,Real Salt Lake,c_4ed5d541,,2024.0,Topps Finest MLS,,17,Diego Luna,Real Salt Lake,MLS,,,,,,,raw,1.0,,,USD,,https://sportscards.standard.us-east-1.oortstorages.com/new%20card%20scans%202/card%20matcher/Untitled-18_0007_Layer%20149.jpg,https://sportscards.standard.us-east-1.oortstorages.com/new%20card%20scans%202/card%20matcher/Untitled-18_0001_Layer%20155.jpg,,2026-02-04T01:59:04.879Z,,
2024-25 Panini Donruss FIFA Pitch Kings 7 Alessandro Bastoni,Alessandro Bastoni,7,Panini Donruss FIFA,Panini,2024-25,FIFA,Pitch Kings,https://sportscards.standard.us-east-1.oortstorages.com/new%20card%20scans%202/card%20matcher/Untitled-22_0009_Layer%20173.jpg|https://sportscards.standard.us-east-1.oortstorages.com/new%20card%20scans%202/card%20matcher/Untitled-22_0003_Layer%20179.jpg,,,,,,Italy,c_cf0282b0,,2024.0,Panini Donruss FIFA,,7,Alessandro Bastoni,Italy,FIFA,,,,,,,raw,1.0,,,USD,,https://sportscards.standard.us-east-1.oortstorages.com/new%20card%20scans%202/card%20matcher/Untitled-22_0009_Layer%20173.jpg,https://sportscards.standard.us-east-1.oortstorages.com/new%20card%20scans%202/card%20matcher/Untitled-22_0003_Layer%20179.jpg,,2026-02-04T01:59:04.879Z,,
2022-23 Topps Merlin Chrome UEFA Club Competitions Under 21 Stars 1 Alejandro Garnacho,Alejandro Garnacho,1,Topps Merlin,Topps,2022-23,UEFA Club Competitions,RC,https://sportscards.standard.us-east-1.oortstorages.com/new%20card%20scans%202/card%20matcher/Untitled-56_0009_Layer%2035.jpg|https://sportscards.standard.us-east-1.oortstorages.com/new%20card%20scans%202/card%20matcher/Untitled-56_0003_Layer%2041.jpg,,,,,,Manchester United,c_a7b8925,,2022.0,Topps Merlin,,1,Alejandro Garnacho,Manchester United,UEFA Club Competitions,,,,,,,raw,1.0,,,USD,,https://sportscards.standard.us-east-1.oortstorages.com/new%20card%20scans%202/card%20matcher/Untitled-56_0009_Layer%2035.jpg,https://sportscards.standard.us-east-1.oortstorages.com/new%20card%20scans%202/card%20matcher/Untitled-56_0003_Layer%2041.jpg,,2026-02-04T01:59:04.878Z,,
2023-24 Panini Select Premier League 225 William Saliba Red Ice,William Saliba,225,Panini Select Premier League,Panini,2023–24,Premier League,Red Ice,https://sportscards.standard.us-east-1.oortstorages.com/new%20card%20scans%202/card%20matcher/Untitled-44_0011_Layer%2024.jpg|https://sportscards.standard.us-east-1.oortstorages.com/new%20card%20scans%202/card%20matcher/Untitled-44_0005_Layer%2030.jpg,,,,,,Arsenal,c_be8c6f1f,,2023.0,Panini Select Premier League,,225,William Saliba,Arsenal,Premier League,,,,,,,raw,1.0,,,USD,,https://sportscards.standard.us-east-1.oortstorages.com/new%20card%20scans%202/card%20matcher/Untitled-44_0011_Layer%2024.jpg,https://sportscards.standard.us-east-1.oortstorages.com/new%20card%20scans%202/card%20matcher/Untitled-44_0005_Layer%2030.jpg,,2026-02-04T01:59:04.879Z,,
2023-24 Topps Chrome UEFA Club Competitions Wonderkids WK10 Nico Paz,Nico Paz,WK10,Topps Chrome,Topps,2023-24,UEFA Club Competitions,RC,https://sportscards.standard.us-east-1.oortstorages.com/new%20card%20scans%202/card%20matcher/Untitled-57_0006_Layer%2050.jpg|https://sportscards.standard.us-east-1.oortstorages.com/new%20card%20scans%202/card%20matcher/Untitled-57_0002_Layer%2054.jpg,,,,,,Real Madrid Castilla,c_a6035e7c,,2023.0,Topps Chrome,,WK10,Nico Paz,Real Madrid Castilla,UEFA Club Competitions,,,,,,,raw,1.0,,,USD,,https://sportscards.standard.us-east-1.oortstorages.com/new%20card%20scans%202/card%20matcher/Untitled-57_0006_Layer%2050.jpg,https://sportscards.standard.us-east-1.oortstorages.com/new%20card%20scans%202/card%20matcher/Untitled-57_0002_Layer%2054.jpg,,2026-02-04T01:59:04.878Z,,
2023-24 Topps Stadium Club Chrome UEFA Wilfed Zaha Say Cheese,Wilfried Zaha,SCWZ,Topps Stadium Club Chrome UEFA,Topps,2023-24,UEFA,Say Cheese!,https://sportscards.standard.us-east-1.oortstorages.com/new%20card%20scans%202/card%20matcher/Untitled-13_0011_Layer%20107.jpg|https://sportscards.standard.us-east-1.oortstorages.com/new%20card%20scans%202/card%20matcher/Untitled-13_0005_Layer%20113.jpg,,,,,,Galatasaray A.S.,c_7220b4c2,,2023.0,Topps Stadium Club Chrome UEFA,,SCWZ,Wilfried Zaha,Galatasaray A.S.,UEFA,,,,,,,raw,1.0,,,USD,,https://sportscards.standard.us-east-1.oortstorages.com/new%20card%20scans%202/card%20matcher/Untitled-13_0011_Layer%20107.jpg,https://sportscards.standard.us-east-1.oortstorages.com/new%20card%20scans%202/card%20matcher/Untitled-13_0005_Layer%20113.jpg,,2026-02-04T01:59:04.877Z,,
2024 Topps Finest MLS #47 Diogo Goncalves Gold Refractor /50 New England,Diogo Goncalves,47,Topps Finest MLS,Topps,2023-24,MLS,Gold Refractor,https://sportscards.standard.us-east-1.oortstorages.com/new%20card%20scans%202/card%20matcher/Untitled-1_0042_Layer%206.jpg|https://sportscards.standard.us-east-1.oortstorages.com/new%20card%20scans%202/card%20matcher/Untitled-1_0037_Layer%2011.jpg,,,,,,Real Salt Lake,c_d4f49fdd,,2023.0,Topps Finest MLS,,47,Diogo Goncalves,Real Salt Lake,MLS,,,,,,,raw,2.0,,,USD,,https://sportscards.standard.us-east-1.oortstorages.com/new%20card%20scans%202/card%20matcher/Untitled-1_0042_Layer%206.jpg,https://sportscards.standard.us-east-1.oortstorages.com/new%20card%20scans%202/card%20matcher/Untitled-1_0037_Layer%2011.jpg,,2026-02-04T01:59:04.879Z,,
2023-24 Panini Select Premier League 169 Alejandro Garnacho,Alejandro Garnacho,169,Select,Panini,2023-24,Premier League,Select,https://sportscards.standard.us-east-1.oortstorages.com/new%20card%20scans%202/card%20matcher/cards3_0003_Layer-4.png|https://sportscards.standard.us-east-1.oortstorages.com/new%20card%20scans%202/card%20matcher/cards3_0009_Layer-9.png,,,,,,Manchester United,c_1e21a7a6,,2023.0,Select,,169,Alejandro Garnacho,Manchester United,Premier League,,,,,,,raw,1.0,,,USD,,https://sportscards.standard.us-east-1.oortstorages.com/new%20card%20scans%202/card%20matcher/cards3_0003_Layer-4.png,https://sportscards.standard.us-east-1.oortstorages.com/new%20card%20scans%202/card%20matcher/cards3_0009_Layer-9.png,,2026-02-04T01:59:04.876Z,,
2024-25 Panini Donruss FIFA Alejandro Garnacho Crunch Time,Alejandro Garnacho,22,Panini Donruss FIFA,Panini,2024,FIFA,Crunch Time,https://sportscards.standard.us-east-1.oortstorages.com/new%20card%20scans%202/card%20matcher/Untitled-19_0011_Layer%20157.jpg|https://sportscards.standard.us-east-1.oortstorages.com/new%20card%20scans%202/card%20matcher/Untitled-19_0005_Layer%20163.jpg,,,,,,Argentina,c_d786d070,,2024.0,Panini Donruss FIFA,,22,Alejandro Garnacho,Argentina,FIFA,,,,,,,raw,1.0,,,USD,,https://sportscards.standard.us-east-1.oortstorages.com/new%20card%20scans%202/card%20matcher/Untitled-19_0011_Layer%20157.jpg,https://sportscards.standard.us-east-1.oortstorages.com/new%20card%20scans%202/card%20matcher/Untitled-19_0005_Layer%20163.jpg,,2026-02-04T01:59:04.879Z,,
2023-24 Topps Stadium Club Chrome UEFA Achraf Hakimi Say Cheese,Warren Zaire-Emery,SCWZE,Topps Stadium Club Chrome UEFA,Topps,2024,Ligue 1,Say Cheese!,https://sportscards.standard.us-east-1.oortstorages.com/new%20card%20scans%202/card%20matcher/Untitled-13_0006_Layer%20112.jpg|https://sportscards.standard.us-east-1.oortstorages.com/new%20card%20scans%202/card%20matcher/Untitled-13_0000_Layer%20118.jpg,,,,,,Paris Saint-Germain F.C.,c_ac680cb7,,2024.0,Topps Stadium Club Chrome UEFA,,SCWZE,Warren Zaire-Emery,Paris Saint-Germain F.C.,Ligue 1,,,,,,,raw,1.0,,,USD,,https://sportscards.standard.us-east-1.oortstorages.com/new%20card%20scans%202/card%20matcher/Untitled-13_0006_Layer%20112.jpg,https://sportscards.standard.us-east-1.oortstorages.com/new%20card%20scans%202/card%20matcher/Untitled-13_0000_Layer%20118.jpg,,2026-02-04T01:59:04.879Z,,
2024 Topps Finest MLS #126 Agustin Ojeda Gold Refractor /50 NYCFC,Agustin Ojeda,126,Topps Finest MLS,Topps,2023-24,MLS,Gold Refractor,https://sportscards.standard.us-east-1.oortstorages.com/new%20card%20scans%202/card%20matcher/Untitled-10_0010_Layer%2083.jpg|https://sportscards.standard.us-east-1.oortstorages.com/new%20card%20scans%202/card%20matcher/Untitled-10_0004_Layer%2089.jpg,,,,,,New York City FC,c_617f806d,,2023.0,Topps Finest MLS,,126,Agustin Ojeda,New York City FC,MLS,,,,,,,raw,1.0,,,USD,,https://sportscards.standard.us-east-1.oortstorages.com/new%20card%20scans%202/card%20matcher/Untitled-10_0010_Layer%2083.jpg,https://sportscards.standard.us-east-1.oortstorages.com/new%20card%20scans%202/card%20matcher/Untitled-10_0004_Layer%2089.jpg,,2026-02-04T01:59:04.879Z,,
2023-24 Panini Select Premier League 10 William Saliba Red Ice,William Saliba,10,Panini Select Premier League,Panini,2023-24,Premier League,Red Ice,https://sportscards.standard.us-east-1.oortstorages.com/new%20card%20scans%202/card%20matcher/Untitled-44_0009_Layer%2026.jpg|https://sportscards.standard.us-east-1.oortstorages.com/new%20card%20scans%202/card%20matcher/Untitled-44_0003_Layer%2032.jpg,,,,,,Arsenal,c_9c8649b3,,2023.0,Panini Select Premier League,,10,William Saliba,Arsenal,Premier League,,,,,,,raw,1.0,,,USD,,https://sportscards.standard.us-east-1.oortstorages.com/new%20card%20scans%202/card%20matcher/Untitled-44_0009_Layer%2026.jpg,https://sportscards.standard.us-east-1.oortstorages.com/new%20card%20scans%202/card%20matcher/Untitled-44_0003_Layer%2032.jpg,,2026-02-04T01:59:04.879Z,,
2022-23 Topps Merlin Chrome UEFA Club Competitions Under 21 Stars 17 Antonio Nusa,Antonio Nusa,17,Topps Merlin,Topps,2022-23,UEFA Club Competitions,RC,https://sportscards.standard.us-east-1.oortstorages.com/new%20card%20scans%202/card%20matcher/Untitled-53_0007_Layer%2035.jpg|https://sportscards.standard.us-east-1.oortstorages.com/new%20card%20scans%202/card%20matcher/Untitled-53_0001_Layer%2041.jpg,,,,,,Club Brugge,c_58f78420,,2022.0,Topps Merlin,,17,Antonio Nusa,Club Brugge,UEFA Club Competitions,,,,,,,raw,1.0,,,USD,,https://sportscards.standard.us-east-1.oortstorages.com/new%20card%20scans%202/card%20matcher/Untitled-53_0007_Layer%2035.jpg,https://sportscards.standard.us-east-1.oortstorages.com/new%20card%20scans%202/card%20matcher/Untitled-53_0001_Layer%2041.jpg,,2026-02-04T01:59:04.878Z,,
2024-25 Panini Donruss FIFA Nicolas Otamendi Optic-Argyle,Nicolas Otamendi,83,Panini Donruss FIFA,Panini,2024-25,Primeira Liga,Optic-Argyle,https://sportscards.standard.us-east-1.oortstorages.com/new%20card%20scans%202/card%20matcher/Untitled-22_0007_Layer%20175.jpg|https://sportscards.standard.us-east-1.oortstorages.com/new%20card%20scans%202/card%20matcher/Untitled-22_0001_Layer%20181.jpg,,,,,,Argentina,c_1994f222,,2024.0,Panini Donruss FIFA,,83,Nicolas Otamendi,Argentina,Primeira Liga,,,,,,,raw,1.0,,,USD,,https://sportscards.standard.us-east-1.oortstorages.com/new%20card%20scans%202/card%20matcher/Untitled-22_0007_Layer%20175.jpg,https://sportscards.standard.us-east-1.oortstorages.com/new%20card%20scans%202/card%20matcher/Untitled-22_0001_Layer%20181.jpg,,2026-02-04T01:59:04.879Z,,
2024 Topps Chrome MLS #33 Nouhou Red Refractor Seattle Sounders,Nouhou,33,Topps Finest MLS,Topps,2023-24,MLS,Red Refractor,https://sportscards.standard.us-east-1.oortstorages.com/new%20card%20scans%202/card%20matcher/nouhou_0000_Layer%202.jpg|https://sportscards.standard.us-east-1.oortstorages.com/new%20card%20scans%202/card%20matcher/nouhou_0001_Layer%201.jpg,,,,,,Seattle Sounders FC,c_ba2b532e,,2023.0,Topps Finest MLS,,33,Nouhou,Seattle Sounders FC,MLS,,,,,,,raw,1.0,,,USD,,https://sportscards.standard.us-east-1.oortstorages.com/new%20card%20scans%202/card%20matcher/nouhou_0000_Layer%202.jpg,https://sportscards.standard.us-east-1.oortstorages.com/new%20card%20scans%202/card%20matcher/nouhou_0001_Layer%201.jpg,,2026-02-04T01:59:04.879Z,,
2023-24 Panini Select Premier League 221 Declan Rice Purple,Declan Rice,221,Panini Select Premier League,Panini,2023–24,Premier League,Purple Refractor,https://sportscards.standard.us-east-1.oortstorages.com/new%20card%20scans%202/card%20matcher/Untitled-44_0008_Layer%2027.jpg|https://sportscards.standard.us-east-1.oortstorages.com/new%20card%20scans%202/card%20matcher/Untitled-44_0002_Layer%2033.jpg,,,,,,Arsenal,c_f841e626,,2023.0,Panini Select Premier League,,221,Declan Rice,Arsenal,Premier League,,,,,,,raw,1.0,,,USD,,https://sportscards.standard.us-east-1.oortstorages.com/new%20card%20scans%202/card%20matcher/Untitled-44_0008_Layer%2027.jpg,https://sportscards.standard.us-east-1.oortstorages.com/new%20card%20scans%202/card%20matcher/Untitled-44_0002_Layer%2033.jpg,,2026-02-04T01:59:04.879Z,,
2024-25 Panini Donruss FIFA Rookie Kings #3 Alhasan Yusuf RC Auto,Alhassan Yusuf,3,Panini Donruss,Panini,2024-2025,Belgian Pro League,Rookie Kings,https://sportscards.standard.us-east-1.oortstorages.com/new%20card%20scans%202/card%20matcher/Untitled-23_0010_Layer%20172.jpg|https://sportscards.standard.us-east-1.oortstorages.com/new%20card%20scans%202/card%20matcher/Untitled-23_0004_Layer%20178.jpg,,,,,,Royal Antwerp FC,c_d2aae915,,2024.0,Panini Donruss,,3,Alhassan Yusuf,Royal Antwerp FC,Belgian Pro League,,,,,,,raw,1.0,,,USD,,https://sportscards.standard.us-east-1.oortstorages.com/new%20card%20scans%202/card%20matcher/Untitled-23_0010_Layer%20172.jpg,https://sportscards.standard.us-east-1.oortstorages.com/new%20card%20scans%202/card%20matcher/Untitled-23_0004_Layer%20178.jpg,,2026-02-04T01:59:04.878Z,,
2024 Topps Finest MLS #254 Alexey Miranchuk Orange Refractor Atlanta United,Alexey Miranchuk,254,Topps Finest,Topps,2023-2024,MLS,Orange Refractor,https://sportscards.standard.us-east-1.oortstorages.com/new%20card%20scans%202/card%20matcher/Untitled-10_0006_Layer%2087.jpg|https://sportscards.standard.us-east-1.oortstorages.com/new%20card%20scans%202/card%20matcher/Untitled-10_0000_Layer%2093.jpg,,,,,,Atlanta United FC,c_e60fe637,,2023.0,Topps Finest,,254,Alexey Miranchuk,Atlanta United FC,MLS,,,,,,,raw,1.0,,,USD,,https://sportscards.standard.us-east-1.oortstorages.com/new%20card%20scans%202/card%20matcher/Untitled-10_0006_Layer%2087.jpg,https://sportscards.standard.us-east-1.oortstorages.com/new%20card%20scans%202/card%20matcher/Untitled-10_0000_Layer%2093.jpg,,2026-02-04T01:59:04.878Z,,
2024 Topps Finest MLS #210 Rafael Navarro Oil Spill Refractor Colorado Rapids,Rafael Navarro,210,Topps Finest MLS,Topps,2023-24,MLS,Oil Spill Refractor,https://sportscards.standard.us-east-1.oortstorages.com/new%20card%20scans%202/card%20matcher/Untitled-1_0047_Layer%201.jpg|https://sportscards.standard.us-east-1.oortstorages.com/new%20card%20scans%202/card%20matcher/Untitled-1_0041_Layer%207.jpg,,,,,,Colorado Rapids,c_42e60d75,,2023.0,Topps Finest MLS,,210,Rafael Navarro,Colorado Rapids,MLS,,,,,,,raw,1.0,,,USD,,https://sportscards.standard.us-east-1.oortstorages.com/new%20card%20scans%202/card%20matcher/Untitled-1_0047_Layer%201.jpg,https://sportscards.standard.us-east-1.oortstorages.com/new%20card%20scans%202/card%20matcher/Untitled-1_0041_Layer%207.jpg,,2026-02-04T01:59:04.879Z,,
2024 Topps Finest MLS #43 Alexey Miranchuk Gold Refractor /50 Atlanta United,Alexey Miranchuk,43,Topps Finest MLS,Topps,2023-24,MLS,Gold Refractor,https://sportscards.standard.us-east-1.oortstorages.com/new%20card%20scans%202/card%20matcher/Untitled-10_0007_Layer%2086.jpg|https://sportscards.standard.us-east-1.oortstorages.com/new%20card%20scans%202/card%20matcher/Untitled-10_0001_Layer%2092.jpg,,,,,,Atlanta United FC,c_c413a8e5,,2023.0,Topps Finest MLS,,43,Alexey Miranchuk,Atlanta United FC,MLS,,,,,,,raw,1.0,,,USD,,https://sportscards.standard.us-east-1.oortstorages.com/new%20card%20scans%202/card%20matcher/Untitled-10_0007_Layer%2086.jpg,https://sportscards.standard.us-east-1.oortstorages.com/new%20card%20scans%202/card%20matcher/Untitled-10_0001_Layer%2092.jpg,,2026-02-04T01:59:04.879Z,,
2024 Topps Finest MLS #29 Daniel Gazdag Orange Refractor Philadelphia Union,Daniel Gazdag,29,Topps Finest MLS,Topps,2023-24,MLS,Orange Refractor,https://sportscards.standard.us-east-1.oortstorages.com/new%20card%20scans%202/card%20matcher/Untitled-1_0046_Layer%202.jpg|https://sportscards.standard.us-east-1.oortstorages.com/new%20card%20scans%202/card%20matcher/Untitled-1_0040_Layer%208.jpg,,,,,,Philadelphia Union,c_7ac0c53e,,2023.0,Topps Finest MLS,,29,Daniel Gazdag,Philadelphia Union,MLS,,,,,,,raw,1.0,,,USD,,https://sportscards.standard.us-east-1.oortstorages.com/new%20card%20scans%202/card%20matcher/Untitled-1_0046_Layer%202.jpg,https://sportscards.standard.us-east-1.oortstorages.com/new%20card%20scans%202/card%20matcher/Untitled-1_0040_Layer%208.jpg,,2026-02-04T01:59:04.879Z,,
2024 Finest MLS Daniel Gazdag #217 Oil Spill Refractor,Daniel Gazdag,217,2024 Topps Finest MLS,Topps,2024,MLS,Oil Spill Refractor,https://sportscards.standard.us-east-1.oortstorages.com/new%20card%20scans%202/card%20matcher/nexr_0007_Layer%2043.jpg|https://sportscards.standard.us-east-1.oortstorages.com/new%20card%20scans%202/card%20matcher/nexr_0003_Layer%2047.jpg,,,,,,Philadelphia Union,c_ce314446,,2024.0,2024 Topps Finest MLS,,217,Daniel Gazdag,Philadelphia Union,MLS,,,,,,,raw,1.0,,,USD,,https://sportscards.standard.us-east-1.oortstorages.com/new%20card%20scans%202/card%20matcher/nexr_0007_Layer%2043.jpg,https://sportscards.standard.us-east-1.oortstorages.com/new%20card%20scans%202/card%20matcher/nexr_0003_Layer%2047.jpg,,2026-02-04T01:59:04.879Z,,
2023-24 Panini Select Premier League 168 Rasmus Hojlund White Ice,Rasmus Højlund,168,Panini Select,Panini,2023-24,Premier League,Select,https://sportscards.standard.us-east-1.oortstorages.com/new%20card%20scans%202/card%20matcher/rasmus.png|https://sportscards.standard.us-east-1.oortstorages.com/new%20card%20scans%202/card%20matcher/rasmusback.png,,,,,,Manchester United,c_280d4ced,,2023.0,Panini Select,,168,Rasmus Højlund,Manchester United,Premier League,,,,,,,raw,1.0,,,USD,,https://sportscards.standard.us-east-1.oortstorages.com/new%20card%20scans%202/card%20matcher/rasmus.png,https://sportscards.standard.us-east-1.oortstorages.com/new%20card%20scans%202/card%20matcher/rasmusback.png,,2026-02-04T01:59:04.877Z,,
2023-24 Panini Select Premier League 50 Raul Jimenez Camo,Raúl Jiménez,50,Panini Select,Panini,2023-24,Premier League,Select,https://sportscards.standard.us-east-1.oortstorages.com/new%20card%20scans%202/card%20matcher/Untitled-55_0009_Layer%2035.jpg|https://sportscards.standard.us-east-1.oortstorages.com/new%20card%20scans%202/card%20matcher/Untitled-55_0003_Layer%2041.jpg,,,,,,Fulham,c_e8ab5cc6,,2023.0,Panini Select,,50,Raúl Jiménez,Fulham,Premier League,,,,,,,raw,1.0,,,USD,,https://sportscards.standard.us-east-1.oortstorages.com/new%20card%20scans%202/card%20matcher/Untitled-55_0009_Layer%2035.jpg,https://sportscards.standard.us-east-1.oortstorages.com/new%20card%20scans%202/card%20matcher/Untitled-55_0003_Layer%2041.jpg,,2026-02-04T01:59:04.877Z,,
2024 Topps Finest MLS 243 Cristian Roldan Oil Spill Refractor,Cristian Roldan,243,Topps Finest MLS,Topps,2024,MLS,Oil Spill Refractor,https://sportscards.standard.us-east-1.oortstorages.com/new%20card%20scans%202/card%20matcher/Untitled-15_0009_Layer%20122.jpg|https://sportscards.standard.us-east-1.oortstorages.com/new%20card%20scans%202/card%20matcher/Untitled-15_0003_Layer%20128.jpg,,,,,,Seattle Sounders FC,c_da2b9c53,,2024.0,Topps Finest MLS,,243,Cristian Roldan,Seattle Sounders FC,MLS,,,,,,,raw,1.0,,,USD,,https://sportscards.standard.us-east-1.oortstorages.com/new%20card%20scans%202/card%20matcher/Untitled-15_0009_Layer%20122.jpg,https://sportscards.standard.us-east-1.oortstorages.com/new%20card%20scans%202/card%20matcher/Untitled-15_0003_Layer%20128.jpg,,2026-02-04T01:59:04.879Z,,
2023-24 Topps Chrome UEFA Club Competitions 195 Santiago Gimenez Aqua Prism Refractor,Santiago Giménez,195,Topps Chrome,Topps,2023-24,UEFA Club Competitions,,https://sportscards.standard.us-east-1.oortstorages.com/new%20card%20scans%202/card%20matcher/Untitled-6_0004_Layer%2028.jpg|https://sportscards.standard.us-east-1.oortstorages.com/new%20card%20scans%202/card%20matcher/Untitled-6-back_0004_Layer%2029.jpg,,,,,,Feyenoord,c_73aa065,,2023.0,Topps Chrome,,195,Santiago Giménez,Feyenoord,UEFA Club Competitions,,,,,,,raw,1.0,,,USD,,https://sportscards.standard.us-east-1.oortstorages.com/new%20card%20scans%202/card%20matcher/Untitled-6_0004_Layer%2028.jpg,https://sportscards.standard.us-east-1.oortstorages.com/new%20card%20scans%202/card%20matcher/Untitled-6-back_0004_Layer%2029.jpg,,2026-02-04T01:59:04.877Z,,
2022-23 Topps Merlin Chrome UEFA Club Competitions Ageless Alchemy AA14 Lionel Messi,Lionel Messi,AA14,Topps Merlin,Topps,2022-23,UEFA Club Competitions,,https://sportscards.standard.us-east-1.oortstorages.com/new%20card%20scans%202/card%20matcher/Untitled-50_0009_Layer%2019.jpg|https://sportscards.standard.us-east-1.oortstorages.com/new%20card%20scans%202/card%20matcher/Untitled-50_0003_Layer%2025.jpg,,,,,,Paris Saint-Germain,c_5d881b6e,,2022.0,Topps Merlin,,AA14,Lionel Messi,Paris Saint-Germain,UEFA Club Competitions,,,,,,,raw,1.0,,,USD,,https://sportscards.standard.us-east-1.oortstorages.com/new%20card%20scans%202/card%20matcher/Untitled-50_0009_Layer%2019.jpg,https://sportscards.standard.us-east-1.oortstorages.com/new%20card%20scans%202/card%20matcher/Untitled-50_0003_Layer%2025.jpg,,2026-02-04T01:59:04.878Z,,
2023-24 Panini Select Premier League Select Future 17 Lewis Miley,Lewis Miley,17,Select Future,Panini,2023-24,Premier League,Select,https://sportscards.standard.us-east-1.oortstorages.com/new%20card%20scans%202/card%20matcher/Untitled-20_0004_Layer%20112.jpg|https://sportscards.standard.us-east-1.oortstorages.com/new%20card%20scans%202/card%20matcher/Untitled-20-back_0004_Layer%20113.jpg,,,,,Newcastle United,,c_3bea90e8,,2023.0,Select Future,,17,Lewis Miley,,Premier League,,,,,,,raw,1.0,,,USD,,https://sportscards.standard.us-east-1.oortstorages.com/new%20card%20scans%202/card%20matcher/Untitled-20_0004_Layer%20112.jpg,https://sportscards.standard.us-east-1.oortstorages.com/new%20card%20scans%202/card%20matcher/Untitled-20-back_0004_Layer%20113.jpg,,2026-02-04T01:59:04.876Z,,
2023-24 Topps Merlin UEFA Club Competitions 1 Rafael Leao Aqua Prism Refractor,Rafael Leão,1,Topps Merlin,Topps,2023-24,UEFA Club Competitions,,https://sportscards.standard.us-east-1.oortstorages.com/new%20card%20scans%202/card%20matcher/Untitled-5_0003_Layer%2022.jpg|https://sportscards.standard.us-east-1.oortstorages.com/new%20card%20scans%202/card%20matcher/Untitled-5-back_0003_Layer%2028.jpg,,,,,,AC Milan,c_81b92a9,,2023.0,Topps Merlin,,1,Rafael Leão,AC Milan,UEFA Club Competitions,,,,,,,raw,1.0,,,USD,,https://sportscards.standard.us-east-1.oortstorages.com/new%20card%20scans%202/card%20matcher/Untitled-5_0003_Layer%2022.jpg,https://sportscards.standard.us-east-1.oortstorages.com/new%20card%20scans%202/card%20matcher/Untitled-5-back_0003_Layer%2028.jpg,,2026-02-04T01:59:04.877Z,,
2023-24 Topps Chrome UEFA Club Competitions Starball Debut SD5 Sergio Aguero,Sergio Agüero,SD5,Topps Chrome,Topps,2023-24,UEFA Club Competitions,,https://sportscards.standard.us-east-1.oortstorages.com/new%20card%20scans%202/card%20matcher/Untitled-55_0012_Layer%2032.jpg|https://sportscards.standard.us-east-1.oortstorages.com/new%20card%20scans%202/card%20matcher/Untitled-54_0005_Layer%2038.jpg,,,,,,Manchester City,c_9946d0ca,,2023.0,Topps Chrome,,SD5,Sergio Agüero,Manchester City,UEFA Club Competitions,,,,,,,raw,1.0,,,USD,,https://sportscards.standard.us-east-1.oortstorages.com/new%20card%20scans%202/card%20matcher/Untitled-55_0012_Layer%2032.jpg,https://sportscards.standard.us-east-1.oortstorages.com/new%20card%20scans%202/card%20matcher/Untitled-54_0005_Layer%2038.jpg,,2026-02-04T01:59:04.878Z,,
2024-25 Panini Donruss FIFA Magicians 10 Lionel Messi,Lionel Messi,10,Panini Donruss FIFA,Panini,2024-25,FIFA,,https://sportscards.standard.us-east-1.oortstorages.com/new%20card%20scans%202/card%20matcher/Untitled-18_0009_Layer%20147.jpg|https://sportscards.standard.us-east-1.oortstorages.com/new%20card%20scans%202/card%20matcher/Untitled-18_0003_Layer%20153.jpg,,,,,,Argentina,c_f74002ea,,2024.0,Panini Donruss FIFA,,10,Lionel Messi,Argentina,FIFA,,,,,,,raw,1.0,,,USD,,https://sportscards.standard.us-east-1.oortstorages.com/new%20card%20scans%202/card%20matcher/Untitled-18_0009_Layer%20147.jpg,https://sportscards.standard.us-east-1.oortstorages.com/new%20card%20scans%202/card%20matcher/Untitled-18_0003_Layer%20153.jpg,,2026-02-04T01:59:04.879Z,,
2022-23 Topps Merlin Chrome UEFA Club Competitions 104 Lionel Messi,Lionel Messi,104,Merlin Chrome,Topps,2022-23,UEFA,Chrome,https://sportscards.standard.us-east-1.oortstorages.com/new%20card%20scans%202/card%20matcher/Untitled-1_0008_Layer%204.jpg|https://sportscards.standard.us-east-1.oortstorages.com/new%20card%20scans%202/card%20matcher/Untitled-1_0008_Layer%204.jpg,,,,,,,c_698484d2,,2022.0,Merlin Chrome,,104,Lionel Messi,,UEFA,,,,,,,raw,1.0,,,USD,,https://sportscards.standard.us-east-1.oortstorages.com/new%20card%20scans%202/card%20matcher/Untitled-1_0008_Layer%204.jpg,https://sportscards.standard.us-east-1.oortstorages.com/new%20card%20scans%202/card%20matcher/Untitled-1_0008_Layer%204.jpg,,2026-02-04T01:59:04.876Z,,
2022-23 Topps Merlin Chrome UEFA Club Competitions 67 Lautaro Martinez Aqua Prism Refractor,Lautaro Martínez,67,Topps Merlin,Topps,2022-23,UEFA Club Competitions,,https://sportscards.standard.us-east-1.oortstorages.com/new%20card%20scans%202/card%20matcher/Untitled-4_0001_Layer%2022.jpg|https://sportscards.standard.us-east-1.oortstorages.com/new%20card%20scans%202/card%20matcher/Untitled-4-back_0001_Layer%2022.jpg,,,,,,Inter Milan,c_4924cade,,2022.0,Topps Merlin,,67,Lautaro Martínez,Inter Milan,UEFA Club Competitions,,,,,,,raw,1.0,,,USD,,https://sportscards.standard.us-east-1.oortstorages.com/new%20card%20scans%202/card%20matcher/Untitled-4_0001_Layer%2022.jpg,https://sportscards.standard.us-east-1.oortstorages.com/new%20card%20scans%202/card%20matcher/Untitled-4-back_0001_Layer%2022.jpg,,2026-02-04T01:59:04.877Z,,
2023-24 Topps Chrome UEFA Club Competitions 186 Leroy Sane Aqua Prism Refractor,Leroy Sané,186,Topps Chrome,Topps,2023-24,UEFA Club Competitions,,https://sportscards.standard.us-east-1.oortstorages.com/new%20card%20scans%202/card%20matcher/Untitled-5_0000_Layer%2025.jpg|https://sportscards.standard.us-east-1.oortstorages.com/new%20card%20scans%202/card%20matcher/Untitled-5-back_0000_Layer%2031.jpg,,,,,,Bayern Munich,c_e5ce84b0,,2023.0,Topps Chrome,,186,Leroy Sané,Bayern Munich,UEFA Club Competitions,,,,,,,raw,1.0,,,USD,,https://sportscards.standard.us-east-1.oortstorages.com/new%20card%20scans%202/card%20matcher/Untitled-5_0000_Layer%2025.jpg,https://sportscards.standard.us-east-1.oortstorages.com/new%20card%20scans%202/card%20matcher/Untitled-5-back_0000_Layer%2031.jpg,,2026-02-04T01:59:04.877Z,,
2023-24 Topps Merlin UEFA Club Competitions Mystic Nights MN7 Leroy Sane,Leroy Sané,MN7,Topps Merlin,Topps,2023-24,UEFA Club Competitions,,https://sportscards.standard.us-east-1.oortstorages.com/new%20card%20scans%202/card%20matcher/Untitled-58_0006_Layer%2062.jpg|https://sportscards.standard.us-east-1.oortstorages.com/new%20card%20scans%202/card%20matcher/Untitled-58_0000_Layer%2068.jpg,,,,,,Bayern Munich,c_51f68cec,,2023.0,Topps Merlin,,MN7,Leroy Sané,Bayern Munich,UEFA Club Competitions,,,,,,,raw,1.0,,,USD,,https://sportscards.standard.us-east-1.oortstorages.com/new%20card%20scans%202/card%20matcher/Untitled-58_0006_Layer%2062.jpg,https://sportscards.standard.us-east-1.oortstorages.com/new%20card%20scans%202/card%20matcher/Untitled-58_0000_Layer%2068.jpg,,2026-02-04T01:59:04.878Z,,
2023-24 Topps Chrome UEFA Club Competitions 76 Raphinha Aqua Prism Refractor,Raphinha,76,Topps Chrome,Topps,2023-24,UEFA Club Competitions,,https://sportscards.standard.us-east-1.oortstorages.com/new%20card%20scans%202/card%20matcher/Untitled-7_0002_Layer%2032.jpg|https://sportscards.standard.us-east-1.oortstorages.com/new%20card%20scans%202/card%20matcher/Untitled-7-BACK_0002_Layer%2033.jpg,,,,,,Barcelona,c_e6f81b25,,2023.0,Topps Chrome,,76,Raphinha,Barcelona,UEFA Club Competitions,,,,,,,raw,1.0,,,USD,,https://sportscards.standard.us-east-1.oortstorages.com/new%20card%20scans%202/card%20matcher/Untitled-7_0002_Layer%2032.jpg,https://sportscards.standard.us-east-1.oortstorages.com/new%20card%20scans%202/card%20matcher/Untitled-7-BACK_0002_Layer%2033.jpg,,2026-02-04T01:59:04.877Z,,
2024-25 Panini Donruss FIFA 80 Lionel Messi,Lionel Messi,80,Panini Donruss FIFA,Panini,2024-25,FIFA,,https://sportscards.standard.us-east-1.oortstorages.com/new%20card%20scans%202/card%20matcher/Untitled-18_0010_Layer%20146.jpg|https://sportscards.standard.us-east-1.oortstorages.com/new%20card%20scans%202/card%20matcher/Untitled-18_0004_Layer%20152.jpg,,,,,,Argentina,c_6c3feab1,,2024.0,Panini Donruss FIFA,,80,Lionel Messi,Argentina,FIFA,,,,,,,raw,1.0,,,USD,,https://sportscards.standard.us-east-1.oortstorages.com/new%20card%20scans%202/card%20matcher/Untitled-18_0010_Layer%20146.jpg,https://sportscards.standard.us-east-1.oortstorages.com/new%20card%20scans%202/card%20matcher/Untitled-18_0004_Layer%20152.jpg,,2026-02-04T01:59:04.876Z,,
2022-23 Topps Merlin Chrome UEFA Club Competitions 3 Rafael Leao Aqua Prism Refractor,Rafael Leão,3,Topps Merlin,Topps,2022-23,UEFA Club Competitions,,https://sportscards.standard.us-east-1.oortstorages.com/new%20card%20scans%202/card%20matcher/Untitled-5_0004_Layer%2021.jpg|https://sportscards.standard.us-east-1.oortstorages.com/new%20card%20scans%202/card%20matcher/Untitled-5-back_0004_Layer%2027.jpg,,,,,,AC Milan,c_f450984c,,2022.0,Topps Merlin,,3,Rafael Leão,AC Milan,UEFA Club Competitions,,,,,,,raw,1.0,,,USD,,https://sportscards.standard.us-east-1.oortstorages.com/new%20card%20scans%202/card%20matcher/Untitled-5_0004_Layer%2021.jpg,https://sportscards.standard.us-east-1.oortstorages.com/new%20card%20scans%202/card%20matcher/Untitled-5-back_0004_Layer%2027.jpg,,2026-02-04T01:59:04.877Z,,
2024 Topps Finest MLS Finest Dominators DO10 Sergio Busquets,Sergio Busquets,DO10,Topps Finest MLS,Topps,2024,MLS,,https://sportscards.standard.us-east-1.oortstorages.com/new%20card%20scans%202/card%20matcher/Untitled-18_0006_Layer%20150.jpg|https://sportscards.standard.us-east-1.oortstorages.com/new%20card%20scans%202/card%20matcher/Untitled-18_0000_Layer%20156.jpg,,,,,,Inter Miami CF,c_b7bd6cea,,2024.0,Topps Finest MLS,,DO10,Sergio Busquets,Inter Miami CF,MLS,,,,,,,raw,1.0,,,USD,,https://sportscards.standard.us-east-1.oortstorages.com/new%20card%20scans%202/card%20matcher/Untitled-18_0006_Layer%20150.jpg,https://sportscards.standard.us-east-1.oortstorages.com/new%20card%20scans%202/card%20matcher/Untitled-18_0000_Layer%20156.jpg,,2026-02-04T01:59:04.879Z,,
2023-24 Topps Chrome Bundesliga Ultrabeam UB8 Manu Kone,Manu Koné,UB8,Topps Chrome,Topps,2023-24,Bundesliga,,https://sportscards.standard.us-east-1.oortstorages.com/new%20card%20scans%202/card%20matcher/Untitled-60_0009_Layer%2072.jpg|https://sportscards.standard.us-east-1.oortstorages.com/new%20card%20scans%202/card%20matcher/Untitled-60_0003_Layer%2078.jpg,,,,,,Borussia Mönchengladbach,c_485a69f6,,2023.0,Topps Chrome,,UB8,Manu Koné,Borussia Mönchengladbach,Bundesliga,,,,,,,raw,1.0,,,USD,,https://sportscards.standard.us-east-1.oortstorages.com/new%20card%20scans%202/card%20matcher/Untitled-60_0009_Layer%2072.jpg,https://sportscards.standard.us-east-1.oortstorages.com/new%20card%20scans%202/card%20matcher/Untitled-60_0003_Layer%2078.jpg,,2026-02-04T01:59:04.878Z,,
2022-23 Topps Merlin Chrome UEFA Club Competitions 127 Pedro Goncalves Aqua Prism Refractor,Pedro Goncalves,127,Merlin Chrome,Topps,2022-23,UEFA,"Refractor, Chrome",https://sportscards.standard.us-east-1.oortstorages.com/new%20card%20scans%202/card%20matcher/cards2_0000_Layer-1.png|https://sportscards.standard.us-east-1.oortstorages.com/new%20card%20scans%202/card%20matcher/cards2_0006_Layer-12.png,,,,,,,c_6848330b,,2022.0,Merlin Chrome,,127,Pedro Goncalves,,UEFA,,,,,,,raw,1.0,,,USD,,https://sportscards.standard.us-east-1.oortstorages.com/new%20card%20scans%202/card%20matcher/cards2_0000_Layer-1.png,https://sportscards.standard.us-east-1.oortstorages.com/new%20card%20scans%202/card%20matcher/cards2_0006_Layer-12.png,,2026-02-04T01:59:04.876Z,,
2023-24 Topps Merlin UEFA Club Competitions Mystic Nights MN2 Kylian Mbappe,Kylian Mbappé,MN2,Topps Merlin,Topps,2023-24,UEFA Club Competitions,,https://sportscards.standard.us-east-1.oortstorages.com/new%20card%20scans%202/card%20matcher/Untitled-58_0007_Layer%2061.jpg|https://sportscards.standard.us-east-1.oortstorages.com/new%20card%20scans%202/card%20matcher/Untitled-58_0001_Layer%2067.jpg,,,,,,Paris Saint-Germain,c_827a319a,,2023.0,Topps Merlin,,MN2,Kylian Mbappé,Paris Saint-Germain,UEFA Club Competitions,,,,,,,raw,1.0,,,USD,,https://sportscards.standard.us-east-1.oortstorages.com/new%20card%20scans%202/card%20matcher/Untitled-58_0007_Layer%2061.jpg,https://sportscards.standard.us-east-1.oortstorages.com/new%20card%20scans%202/card%20matcher/Untitled-58_0001_Layer%2067.jpg,,2026-02-04T01:59:04.876Z,,
2024 Topps Finest MLS Prized Footballers PF19 Nimfasha Berchimas,Nimfasha Berchimas,PF19,Topps Finest MLS,Topps,2024,MLS,,https://sportscards.standard.us-east-1.oortstorages.com/new%20card%20scans%202/card%20matcher/Untitled-17_0007_Layer%20148.jpg|https://sportscards.standard.us-east-1.oortstorages.com/new%20card%20scans%202/card%20matcher/Untitled-17_0001_Layer%20154.jpg,,,,,,Charlotte FC,c_5cfa1a3e,,2024.0,Topps Finest MLS,,PF19,Nimfasha Berchimas,Charlotte FC,MLS,,,,,,,raw,1.0,,,USD,,https://sportscards.standard.us-east-1.oortstorages.com/new%20card%20scans%202/card%20matcher/Untitled-17_0007_Layer%20148.jpg,https://sportscards.standard.us-east-1.oortstorages.com/new%20card%20scans%202/card%20matcher/Untitled-17_0001_Layer%20154.jpg,,2026-02-04T01:59:04.879Z,,
2022-23 Topps Merlin Chrome UEFA Club Competitions 77 Matteo Guendouzi Aqua Prism Refractor,Matteo Guendouzi,77,Topps Merlin,Topps,2022-23,UEFA Club Competitions,,https://sportscards.standard.us-east-1.oortstorages.com/new%20card%20scans%202/card%20matcher/Untitled-5_0002_Layer%2023.jpg|https://sportscards.standard.us-east-1.oortstorages.com/new%20card%20scans%202/card%20matcher/matteo_back.png,,,,,,Marseille,c_3da0ee3d,,2022.0,Topps Merlin,,77,Matteo Guendouzi,Marseille,UEFA Club Competitions,,,,,,,raw,1.0,,,USD,,https://sportscards.standard.us-east-1.oortstorages.com/new%20card%20scans%202/card%20matcher/Untitled-5_0002_Layer%2023.jpg,https://sportscards.standard.us-east-1.oortstorages.com/new%20card%20scans%202/card%20matcher/matteo_back.png,,2026-02-04T01:59:04.877Z,,
2022-23 Topps Merlin Chrome UEFA Club Competitions 34 Matthew O'Riley Aqua Refractor,Matthew O'Riley,34,Topps Merlin,Topps,2022-23,UEFA Club Competitions,,https://sportscards.standard.us-east-1.oortstorages.com/new%20card%20scans%202/card%20matcher/sportscards1_0008_Layer%2026.jpg|https://sportscards.standard.us-east-1.oortstorages.com/new%20card%20scans%202/card%20matcher/sportscards1_0002_Layer%2032.jpg,,,,,,Celtic,c_aac1965b,,2022.0,Topps Merlin,,34,Matthew O'Riley,Celtic,UEFA Club Competitions,,,,,,,raw,1.0,,,USD,,https://sportscards.standard.us-east-1.oortstorages.com/new%20card%20scans%202/card%20matcher/sportscards1_0008_Layer%2026.jpg,https://sportscards.standard.us-east-1.oortstorages.com/new%20card%20scans%202/card%20matcher/sportscards1_0002_Layer%2032.jpg,,2026-02-04T01:59:04.878Z,,
2022-23 Topps Merlin Chrome UEFA Club Competitions 22 Nicola Zalewski Neon Green Shimmer,Nicola Zalewski,22,Topps Merlin,Topps,2022-23,UEFA Club Competitions,,https://sportscards.standard.us-east-1.oortstorages.com/new%20card%20scans%202/card%20matcher/Untitled-60_0008_Layer%2073.jpg|https://sportscards.standard.us-east-1.oortstorages.com/new%20card%20scans%202/card%20matcher/Untitled-60_0002_Layer%2079.jpg,,,,,,AS Roma,c_e5458581,,2022.0,Topps Merlin,,22,Nicola Zalewski,AS Roma,UEFA Club Competitions,,,,,,,raw,1.0,,,USD,,https://sportscards.standard.us-east-1.oortstorages.com/new%20card%20scans%202/card%20matcher/Untitled-60_0008_Layer%2073.jpg,https://sportscards.standard.us-east-1.oortstorages.com/new%20card%20scans%202/card%20matcher/Untitled-60_0002_Layer%2079.jpg,,2026-02-04T01:59:04.878Z,,
2023-24 Topps Chrome Bundesliga 54 Max Finkgrafe Prism Refractor,Max Finkgrafe,54,Topps Chrome,Topps,2023-24,Bundesliga,,https://sportscards.standard.us-east-1.oortstorages.com/new%20card%20scans%202/card%20matcher/maxfinke.png|https://sportscards.standard.us-east-1.oortstorages.com/new%20card%20scans%202/card%20matcher/maxback.png,,,,,,1. FC Köln,c_693b94f9,,2023.0,Topps Chrome,,54,Max Finkgrafe,1. FC Köln,Bundesliga,,,,,,,raw,1.0,,,USD,,https://sportscards.standard.us-east-1.oortstorages.com/new%20card%20scans%202/card%20matcher/maxfinke.png,https://sportscards.standard.us-east-1.oortstorages.com/new%20card%20scans%202/card%20matcher/maxback.png,,2026-02-04T01:59:04.878Z,,
2023-24 Topps Chrome UEFA Club Competitions London Calling LC2 Memphis Depay,Memphis Depay,LC2,Topps Chrome,Topps,2023-24,UEFA Club Competitions,,https://sportscards.standard.us-east-1.oortstorages.com/new%20card%20scans%202/card%20matcher/Untitled-47_0009_Layer%2017.jpg|https://sportscards.standard.us-east-1.oortstorages.com/new%20card%20scans%202/card%20matcher/Untitled-47_0002_Layer%2023.jpg,,,,,,Atlético Madrid,c_4048eda0,,2023.0,Topps Chrome,,LC2,Memphis Depay,Atlético Madrid,UEFA Club Competitions,,,,,,,raw,1.0,,,USD,,https://sportscards.standard.us-east-1.oortstorages.com/new%20card%20scans%202/card%20matcher/Untitled-47_0009_Layer%2017.jpg,https://sportscards.standard.us-east-1.oortstorages.com/new%20card%20scans%202/card%20matcher/Untitled-47_0002_Layer%2023.jpg,,2026-02-04T01:59:04.878Z,,
2023-24 Topps Merlin UEFA Club Competitions Ageless Alchemy AA11 Michael Owen,Michael Owen,AA11,Topps Merlin,Topps,2023-24,UEFA Club Competitions,,https://sportscards.standard.us-east-1.oortstorages.com/new%20card%20scans%202/card%20matcher/Untitled-51_0006_Layer%2023.jpg|https://sportscards.standard.us-east-1.oortstorages.com/new%20card%20scans%202/card%20matcher/Untitled-51_0000_Layer%2029.jpg,,,,,,Liverpool,c_c66c4086,,2023.0,Topps Merlin,,AA11,Michael Owen,Liverpool,UEFA Club Competitions,,,,,,,raw,1.0,,,USD,,https://sportscards.standard.us-east-1.oortstorages.com/new%20card%20scans%202/card%20matcher/Untitled-51_0006_Layer%2023.jpg,https://sportscards.standard.us-east-1.oortstorages.com/new%20card%20scans%202/card%20matcher/Untitled-51_0000_Layer%2029.jpg,,2026-02-04T01:59:04.877Z,,
2022-23 Topps Merlin Chrome UEFA Club Competitions 62 Mohamed Daramy Aqua Prism Refractor,Mohamed Daramy,62,Topps Merlin,Topps,2022-23,UEFA Club Competitions,,https://sportscards.standard.us-east-1.oortstorages.com/new%20card%20scans%202/card%20matcher/Untitled-6_0001_Layer%2031.jpg|https://sportscards.standard.us-east-1.oortstorages.com/new%20card%20scans%202/card%20matcher/Untitled-6-back_0001_Layer%2032.jpg,,,,,,Ajax,c_5a7f2208,,2022.0,Topps Merlin,,62,Mohamed Daramy,Ajax,UEFA Club Competitions,,,,,,,raw,1.0,,,USD,,https://sportscards.standard.us-east-1.oortstorages.com/new%20card%20scans%202/card%20matcher/Untitled-6_0001_Layer%2031.jpg,https://sportscards.standard.us-east-1.oortstorages.com/new%20card%20scans%202/card%20matcher/Untitled-6-back_0001_Layer%2032.jpg,,2026-02-04T01:59:04.877Z,,
2024 Topps Finest MLS Prized Footballers PF2 Riqui Puig,Riqui Puig,PF2,Topps Finest MLS,Topps,2024,MLS,,https://sportscards.standard.us-east-1.oortstorages.com/new%20card%20scans%202/card%20matcher/Untitled-17_0010_Layer%20145.jpg|https://sportscards.standard.us-east-1.oortstorages.com/new%20card%20scans%202/card%20matcher/Untitled-17_0004_Layer%20151.jpg,,,,,,LA Galaxy,c_53d7127e,,2024.0,Topps Finest MLS,,PF2,Riqui Puig,LA Galaxy,MLS,,,,,,,raw,1.0,,,USD,,https://sportscards.standard.us-east-1.oortstorages.com/new%20card%20scans%202/card%20matcher/Untitled-17_0010_Layer%20145.jpg,https://sportscards.standard.us-east-1.oortstorages.com/new%20card%20scans%202/card%20matcher/Untitled-17_0004_Layer%20151.jpg,,2026-02-04T01:59:04.877Z,,
2023-24 Topps Chrome UEFA Club Competitions London Calling LC7 Nicolo Barella,Nicolò Barella,LC7,Topps Chrome,Topps,2023-24,UEFA Club Competitions,,https://sportscards.standard.us-east-1.oortstorages.com/new%20card%20scans%202/card%20matcher/Untitled-47_0011_Layer%2014.jpg|https://sportscards.standard.us-east-1.oortstorages.com/new%20card%20scans%202/card%20matcher/Untitled-47_0005_Layer%2020.jpg,,,,,,Inter Milan,c_5758d15,,2023.0,Topps Chrome,,LC7,Nicolò Barella,Inter Milan,UEFA Club Competitions,,,,,,,raw,1.0,,,USD,,https://sportscards.standard.us-east-1.oortstorages.com/new%20card%20scans%202/card%20matcher/Untitled-47_0011_Layer%2014.jpg,https://sportscards.standard.us-east-1.oortstorages.com/new%20card%20scans%202/card%20matcher/Untitled-47_0005_Layer%2020.jpg,,2026-02-04T01:59:04.878Z,,
2023-24 Topps Merlin UEFA Club Competitions Mystic Nights MN3 Mohamed Salah,Mohamed Salah,MN3,Topps Merlin,Topps,2023-24,UEFA Club Competitions,,https://sportscards.standard.us-east-1.oortstorages.com/new%20card%20scans%202/card%20matcher/Untitled-59_0008_Layer%2061.jpg|https://sportscards.standard.us-east-1.oortstorages.com/new%20card%20scans%202/card%20matcher/Untitled-59_0002_Layer%2067.jpg,,,,,,Liverpool,c_4d89930c,,2023.0,Topps Merlin,,MN3,Mohamed Salah,Liverpool,UEFA Club Competitions,,,,,,,raw,1.0,,,USD,,https://sportscards.standard.us-east-1.oortstorages.com/new%20card%20scans%202/card%20matcher/Untitled-59_0008_Layer%2061.jpg,https://sportscards.standard.us-east-1.oortstorages.com/new%20card%20scans%202/card%20matcher/Untitled-59_0002_Layer%2067.jpg,,2026-02-04T01:59:04.878Z,,
2023-24 Panini Select Premier League 195 Mohammed Kudus White Ice,Mohammed Kudus,195,Panini Select,Panini,2023-24,Premier League,,https://sportscards.standard.us-east-1.oortstorages.com/new%20card%20scans%202/card%20matcher/sportscards4_0010_Layer%209.jpg|https://sportscards.standard.us-east-1.oortstorages.com/new%20card%20scans%202/card%20matcher/Mohammed_Kudus_back.png,,,,,,West Ham United,c_677d6e05,,2023.0,Panini Select,,195,Mohammed Kudus,West Ham United,Premier League,,,,,,,raw,1.0,,,USD,,https://sportscards.standard.us-east-1.oortstorages.com/new%20card%20scans%202/card%20matcher/sportscards4_0010_Layer%209.jpg,https://sportscards.standard.us-east-1.oortstorages.com/new%20card%20scans%202/card%20matcher/Mohammed_Kudus_back.png,,2026-02-04T01:59:04.878Z,,
2024-25 Panini Donruss FIFA Magicians 5 Nico Gonzalez,Nico Gonzalez,5,Panini Donruss FIFA,Panini,2024-25,FIFA,,https://sportscards.standard.us-east-1.oortstorages.com/new%20card%20scans%202/card%20matcher/Untitled-18_0011_Layer%20145.jpg|https://sportscards.standard.us-east-1.oortstorages.com/new%20card%20scans%202/card%20matcher/Untitled-18_0005_Layer%20151.jpg,,,,,,Argentina,c_9454893f,,2024.0,Panini Donruss FIFA,,5,Nico Gonzalez,Argentina,FIFA,,,,,,,raw,1.0,,,USD,,https://sportscards.standard.us-east-1.oortstorages.com/new%20card%20scans%202/card%20matcher/Untitled-18_0011_Layer%20145.jpg,https://sportscards.standard.us-east-1.oortstorages.com/new%20card%20scans%202/card%20matcher/Untitled-18_0005_Layer%20151.jpg,,2026-02-04T01:59:04.879Z,,
2023-24 Topps Chrome UEFA Club Competitions Starball Debut SD8 Neymar Jr,Neymar Jr,SD8,Topps Chrome,Topps,2023-24,UEFA Club Competitions,,https://sportscards.standard.us-east-1.oortstorages.com/new%20card%20scans%202/card%20matcher/Untitled-1_0004_Layer%202%20(1).jpg|https://sportscards.standard.us-east-1.oortstorages.com/new%20card%20scans%202/card%20matcher/Untitled-54_0004_Layer%2039.jpg,,,,,,Al-Hilal,c_ea548dda,,2023.0,Topps Chrome,,SD8,Neymar Jr,Al-Hilal,UEFA Club Competitions,,,,,,,raw,1.0,,,USD,,https://sportscards.standard.us-east-1.oortstorages.com/new%20card%20scans%202/card%20matcher/Untitled-1_0004_Layer%202%20(1).jpg,https://sportscards.standard.us-east-1.oortstorages.com/new%20card%20scans%202/card%20matcher/Untitled-54_0004_Layer%2039.jpg,,2026-02-04T01:59:04.878Z,,
2022-23 Topps Merlin Chrome UEFA Club Competitions 103 Neymar Jr,Neymar Jr,103,Merlin Chrome,Topps,2022-23,UEFA,Chrome,https://sportscards.standard.us-east-1.oortstorages.com/new%20card%20scans%202/card%20matcher/Untitled-1_0011_Layer%201.jpg|https://sportscards.standard.us-east-1.oortstorages.com/new%20card%20scans%202/card%20matcher/Untitled-1_0000_Layer%2012.jpg,,,,,,,c_8da6216d,,2022.0,Merlin Chrome,,103,Neymar Jr,,UEFA,,,,,,,raw,1.0,,,USD,,https://sportscards.standard.us-east-1.oortstorages.com/new%20card%20scans%202/card%20matcher/Untitled-1_0011_Layer%201.jpg,https://sportscards.standard.us-east-1.oortstorages.com/new%20card%20scans%202/card%20matcher/Untitled-1_0000_Layer%2012.jpg,,2026-02-04T01:59:04.877Z,,
2022-23 Topps Merlin Chrome UEFA Club Competitions 112 Moses Simon Aqua Prism Refractor,Moses Simon,112,Topps Merlin,Topps,2022-23,UEFA Club Competitions,,https://sportscards.standard.us-east-1.oortstorages.com/new%20card%20scans%202/card%20matcher/Untitled-6_0005_Layer%2027.jpg|https://sportscards.standard.us-east-1.oortstorages.com/new%20card%20scans%202/card%20matcher/Untitled-6-back_0005_Layer%2028.jpg,,,,,,Nantes,c_ca334bec,,2022.0,Topps Merlin,,112,Moses Simon,Nantes,UEFA Club Competitions,,,,,,,raw,1.0,,,USD,,https://sportscards.standard.us-east-1.oortstorages.com/new%20card%20scans%202/card%20matcher/Untitled-6_0005_Layer%2027.jpg,https://sportscards.standard.us-east-1.oortstorages.com/new%20card%20scans%202/card%20matcher/Untitled-6-back_0005_Layer%2028.jpg,,2026-02-04T01:59:04.877Z,,
2023-24 Topps Merlin UEFA Club Competitions 99 Noa Lang Aqua Prism Refractor,Noa Lang,99,Topps Merlin,Topps,2023-24,UEFA Club Competitions,,https://sportscards.standard.us-east-1.oortstorages.com/new%20card%20scans%202/card%20matcher/Untitled-8_0005_Layer%2031.jpg|https://sportscards.standard.us-east-1.oortstorages.com/new%20card%20scans%202/card%20matcher/Untitled-8-back_0005_Layer%2037.jpg,,,,,,PSV Eindhoven,c_9e694e0a,,2023.0,Topps Merlin,,99,Noa Lang,PSV Eindhoven,UEFA Club Competitions,,,,,,,raw,1.0,,,USD,,https://sportscards.standard.us-east-1.oortstorages.com/new%20card%20scans%202/card%20matcher/Untitled-8_0005_Layer%2031.jpg,https://sportscards.standard.us-east-1.oortstorages.com/new%20card%20scans%202/card%20matcher/Untitled-8-back_0005_Layer%2037.jpg,,2026-02-04T01:59:04.877Z,,
2023-24 Topps Chrome UEFA Club Competitions London Calling LC1 Noah Okafor,Noah Okafor,LC1,Topps Chrome,Topps,2023-24,UEFA Club Competitions,,https://sportscards.standard.us-east-1.oortstorages.com/new%20card%20scans%202/card%20matcher/Untitled-47_0006_Layer%2015.jpg|https://sportscards.standard.us-east-1.oortstorages.com/new%20card%20scans%202/card%20matcher/Untitled-47_0004_Layer%2021.jpg,,,,,,AC Milan,c_f88cda1d,,2023.0,Topps Chrome,,LC1,Noah Okafor,AC Milan,UEFA Club Competitions,,,,,,,raw,1.0,,,USD,,https://sportscards.standard.us-east-1.oortstorages.com/new%20card%20scans%202/card%20matcher/Untitled-47_0006_Layer%2015.jpg,https://sportscards.standard.us-east-1.oortstorages.com/new%20card%20scans%202/card%20matcher/Untitled-47_0004_Layer%2021.jpg,,2026-02-04T01:59:04.878Z,,
2023-24 Panini Select Premier League Equalizers 19 Lucas Paqueta,Lucas Paqueta,19,Panini Select Premier League,Panini,2023–24,Premier League,,https://sportscards.standard.us-east-1.oortstorages.com/new%20card%20scans%202/card%20matcher/Untitled-14_0005_Layer%2082.jpg|https://sportscards.standard.us-east-1.oortstorages.com/new%20card%20scans%202/card%20matcher/Untitled-14-back_0005_Layer%2083.jpg,,,,,,West Ham United,c_de03c786,,2023.0,Panini Select Premier League,,19,Lucas Paqueta,West Ham United,Premier League,,,,,,,raw,1.0,,,USD,,https://sportscards.standard.us-east-1.oortstorages.com/new%20card%20scans%202/card%20matcher/Untitled-14_0005_Layer%2082.jpg,https://sportscards.standard.us-east-1.oortstorages.com/new%20card%20scans%202/card%20matcher/Untitled-14-back_0005_Layer%2083.jpg,,2026-02-04T01:59:04.879Z,,
2023-24 Topps Chrome UEFA Club Competitions Starball Debut SD13 Marcel Desailly,Marcel Desailly,SD13,Topps Chrome,Topps,2023-24,UEFA Club Competitions,,https://sportscards.standard.us-east-1.oortstorages.com/new%20card%20scans%202/card%20matcher/marcel_desailly_front.png|https://sportscards.standard.us-east-1.oortstorages.com/new%20card%20scans%202/card%20matcher/marcel_desailly_back.png,,,,,,AC Milan,c_6ee57127,,2023.0,Topps Chrome,,SD13,Marcel Desailly,AC Milan,UEFA Club Competitions,,,,,,,raw,1.0,,,USD,,https://sportscards.standard.us-east-1.oortstorages.com/new%20card%20scans%202/card%20matcher/marcel_desailly_front.png,https://sportscards.standard.us-east-1.oortstorages.com/new%20card%20scans%202/card%20matcher/marcel_desailly_back.png,,2026-02-04T01:59:04.878Z,,
2024 Topps Finest MLS Prized Footballers PF12 Lucho Acosta,Lucho Acosta,PF12,Topps Finest MLS,Topps,2024,MLS,,https://sportscards.standard.us-east-1.oortstorages.com/new%20card%20scans%202/card%20matcher/Untitled-17_0008_Layer%20147.jpg|https://sportscards.standard.us-east-1.oortstorages.com/new%20card%20scans%202/card%20matcher/Untitled-17_0002_Layer%20153.jpg,,,,,,FC Cincinnati,c_4bab17ae,,2024.0,Topps Finest MLS,,PF12,Lucho Acosta,FC Cincinnati,MLS,,,,,,,raw,1.0,,,USD,,https://sportscards.standard.us-east-1.oortstorages.com/new%20card%20scans%202/card%20matcher/Untitled-17_0008_Layer%20147.jpg,https://sportscards.standard.us-east-1.oortstorages.com/new%20card%20scans%202/card%20matcher/Untitled-17_0002_Layer%20153.jpg,,2026-02-04T01:59:04.879Z,,
2022-23 Topps Merlin Chrome UEFA Club Competitions 59 Sadio Mane Rose Gold Shimmer,Sadio Mané,59,Panini Prizm,Panini,2022-23,UEFA Club Competitions,,https://sportscards.standard.us-east-1.oortstorages.com/new%20card%20scans%202/card%20matcher/sportscards3_0006_Layer%2012.jpg|https://sportscards.standard.us-east-1.oortstorages.com/new%20card%20scans%202/card%20matcher/sportscards3_0000_Layer%2018.jpg,,,,,,Flamengo,c_860b732e,,2022.0,Panini Prizm,,59,Sadio Mané,Flamengo,UEFA Club Competitions,,,,,,,raw,1.0,,,USD,,https://sportscards.standard.us-east-1.oortstorages.com/new%20card%20scans%202/card%20matcher/sportscards3_0006_Layer%2012.jpg,https://sportscards.standard.us-east-1.oortstorages.com/new%20card%20scans%202/card%20matcher/sportscards3_0000_Layer%2018.jpg,,2026-02-04T01:59:04.878Z,,
2022-23 Topps Merlin Chrome UEFA Club Competitions Under 21 Stars 12 Luka Romero,Luka Romero,12,Topps Merlin,Topps,2022-23,UEFA Club Competitions,,https://sportscards.standard.us-east-1.oortstorages.com/new%20card%20scans%202/card%20matcher/Untitled-53_0006_Layer%2036.jpg|https://sportscards.standard.us-east-1.oortstorages.com/new%20card%20scans%202/card%20matcher/Untitled-53_0000_Layer%2042.jpg,,,,,,AC Milan,c_e62040f7,,2022.0,Topps Merlin,,12,Luka Romero,AC Milan,UEFA Club Competitions,,,,,,,raw,1.0,,,USD,,https://sportscards.standard.us-east-1.oortstorages.com/new%20card%20scans%202/card%20matcher/Untitled-53_0006_Layer%2036.jpg,https://sportscards.standard.us-east-1.oortstorages.com/new%20card%20scans%202/card%20matcher/Untitled-53_0000_Layer%2042.jpg,,2026-02-04T01:59:04.878Z,,
2022-23 Topps Merlin Chrome UEFA Club Competitions Under 21 Stars 10 Luka Sucic,Luka Sučić,10,Topps Merlin,Topps,2022-23,UEFA Club Competitions,,https://sportscards.standard.us-east-1.oortstorages.com/new%20card%20scans%202/card%20matcher/Untitled-51_0009_Layer%2020.jpg|https://sportscards.standard.us-east-1.oortstorages.com/new%20card%20scans%202/card%20matcher/Untitled-51_0003_Layer%2026.jpg,,,,,,RB Salzburg,c_8cc16f26,,2022.0,Topps Merlin,,10,Luka Sučić,RB Salzburg,UEFA Club Competitions,,,,,,,raw,1.0,,,USD,,https://sportscards.standard.us-east-1.oortstorages.com/new%20card%20scans%202/card%20matcher/Untitled-51_0009_Layer%2020.jpg,https://sportscards.standard.us-east-1.oortstorages.com/new%20card%20scans%202/card%20matcher/Untitled-51_0003_Layer%2026.jpg,,2026-02-04T01:59:04.878Z,,
2023-24 Topps Chrome UEFA Club Competitions 1998 Topps Chrome Shooting Stars 98-3 Alvaro Morata,Álvaro Morata,98-3,Topps Chrome,Topps,2023-24,UEFA Club Competitions,,https://sportscards.standard.us-east-1.oortstorages.com/new%20card%20scans%202/card%20matcher/Untitled-1_0006_Layer%2042.jpg|https://sportscards.standard.us-east-1.oortstorages.com/new%20card%20scans%202/card%20matcher/Untitled-1_0000_Layer%2048.jpg,,,,,,Atlético Madrid,c_3dbcdcf1,,2023.0,Topps Chrome,,98-3,Álvaro Morata,Atlético Madrid,UEFA Club Competitions,,,,,,,raw,1.0,,,USD,,https://sportscards.standard.us-east-1.oortstorages.com/new%20card%20scans%202/card%20matcher/Untitled-1_0006_Layer%2042.jpg,https://sportscards.standard.us-east-1.oortstorages.com/new%20card%20scans%202/card%20matcher/Untitled-1_0000_Layer%2048.jpg,,2026-02-04T01:59:04.878Z,,
2023-24 Topps Chrome UEFA Club Competitions 116 Moussa Diaby Aqua Prism Refractor,Moussa Diaby,116,Topps Chrome,Topps,2023-24,UEFA Club Competitions,,https://sportscards.standard.us-east-1.oortstorages.com/new%20card%20scans%202/card%20matcher/Untitled-7_0000_Layer%2034.jpg|https://sportscards.standard.us-east-1.oortstorages.com/new%20card%20scans%202/card%20matcher/Untitled-7-BACK_0000_Layer%2035.jpg,,,,,,Aston Villa,c_af80b264,,2023.0,Topps Chrome,,116,Moussa Diaby,Aston Villa,UEFA Club Competitions,,,,,,,raw,1.0,,,USD,,https://sportscards.standard.us-east-1.oortstorages.com/new%20card%20scans%202/card%20matcher/Untitled-7_0000_Layer%2034.jpg,https://sportscards.standard.us-east-1.oortstorages.com/new%20card%20scans%202/card%20matcher/Untitled-7-BACK_0000_Layer%2035.jpg,,2026-02-04T01:59:04.877Z,,
2023-24 Topps Chrome Bundesliga 25 Paris Brunner Refractor,Paris Brunner,25,Topps Chrome,Topps,2023-24,Bundesliga,,https://sportscards.standard.us-east-1.oortstorages.com/new%20card%20scans%202/card%20matcher/Untitled-59_0010_Layer%2059.jpg|https://sportscards.standard.us-east-1.oortstorages.com/new%20card%20scans%202/card%20matcher/Untitled-59_0004_Layer%2065.jpg,,,,,,Borussia Dortmund,c_8fae2f81,,2023.0,Topps Chrome,,25,Paris Brunner,Borussia Dortmund,Bundesliga,,,,,,,raw,1.0,,,USD,,https://sportscards.standard.us-east-1.oortstorages.com/new%20card%20scans%202/card%20matcher/Untitled-59_0010_Layer%2059.jpg,https://sportscards.standard.us-east-1.oortstorages.com/new%20card%20scans%202/card%20matcher/Untitled-59_0004_Layer%2065.jpg,,2026-02-04T01:59:04.878Z,,
2023-24 Topps Chrome UEFA Club Competitions Starball Debut SD12 Ronaldinho,Ronaldinho,SD12,Topps Chrome,Topps,2023-24,UEFA Club Competitions,,https://sportscards.standard.us-east-1.oortstorages.com/new%20card%20scans%202/card%20matcher/Untitled-54_0009_Layer%2034.jpg|https://sportscards.standard.us-east-1.oortstorages.com/new%20card%20scans%202/card%20matcher/Untitled-54_0003_Layer%2040.jpg,,,,,,Barcelona,c_b6b9481,,2023.0,Topps Chrome,,SD12,Ronaldinho,Barcelona,UEFA Club Competitions,,,,,,,raw,1.0,,,USD,,https://sportscards.standard.us-east-1.oortstorages.com/new%20card%20scans%202/card%20matcher/Untitled-54_0009_Layer%2034.jpg,https://sportscards.standard.us-east-1.oortstorages.com/new%20card%20scans%202/card%20matcher/Untitled-54_0003_Layer%2040.jpg,,2026-02-04T01:59:04.878Z,,
2023-24 Panini Select Premier League Equalizers 20 Matheus Cunha,Matheus Cunha,20,Panini Select Premier League,Panini,2023–24,Premier League,,https://sportscards.standard.us-east-1.oortstorages.com/new%20card%20scans%202/card%20matcher/Untitled-16_0000_Layer%2094.jpg|https://sportscards.standard.us-east-1.oortstorages.com/new%20card%20scans%202/card%20matcher/Untitled-16-back_0000_Layer%2094.jpg,,,,,,Wolverhampton Wanderers,c_dbb5783,,2023.0,Panini Select Premier League,,20,Matheus Cunha,Wolverhampton Wanderers,Premier League,,,,,,,raw,1.0,,,USD,,https://sportscards.standard.us-east-1.oortstorages.com/new%20card%20scans%202/card%20matcher/Untitled-16_0000_Layer%2094.jpg,https://sportscards.standard.us-east-1.oortstorages.com/new%20card%20scans%202/card%20matcher/Untitled-16-back_0000_Layer%2094.jpg,,2026-02-04T01:59:04.879Z,,
2022-23 Topps Merlin Chrome UEFA Club Competitions 64 Romelu Lukaku Aqua Refractor,Romelu Lukaku,64,Topps Merlin,Topps,2022-23,UEFA Club Competitions,,https://sportscards.standard.us-east-1.oortstorages.com/new%20card%20scans%202/card%20matcher/Untitled-4_0000_Layer%2023.jpg|https://sportscards.standard.us-east-1.oortstorages.com/new%20card%20scans%202/card%20matcher/Untitled-4-back_0000_Layer%2023.jpg,,,,,,Inter Milan,c_468cf56c,,2022.0,Topps Merlin,,64,Romelu Lukaku,Inter Milan,UEFA Club Competitions,,,,,,,raw,1.0,,,USD,,https://sportscards.standard.us-east-1.oortstorages.com/new%20card%20scans%202/card%20matcher/Untitled-4_0000_Layer%2023.jpg,https://sportscards.standard.us-east-1.oortstorages.com/new%20card%20scans%202/card%20matcher/Untitled-4-back_0000_Layer%2023.jpg,,2026-02-04T01:59:04.877Z,,
2023-24 Panini Select Premier League 245 Marcus Rashford Silver,Marcus Rashford,245,Select,Panini,2023-24,Premier League,Select,https://sportscards.standard.us-east-1.oortstorages.com/new%20card%20scans%202/card%20matcher/Untitled-22_0002_Layer%20122.jpg|https://sportscards.standard.us-east-1.oortstorages.com/new%20card%20scans%202/card%20matcher/Untitled-22-back_0002_Layer%20128.jpg,,,,,,,c_3a4e130,,2023.0,Select,,245,Marcus Rashford,,Premier League,,,,,,,raw,2.0,,,USD,,https://sportscards.standard.us-east-1.oortstorages.com/new%20card%20scans%202/card%20matcher/Untitled-22_0002_Layer%20122.jpg,https://sportscards.standard.us-east-1.oortstorages.com/new%20card%20scans%202/card%20matcher/Untitled-22-back_0002_Layer%20128.jpg,,2026-02-04T01:59:04.876Z,,
2023-24 Topps Merlin UEFA Club Competitions Mystic Nights MN5 Rodrygo,Rodrygo,MN5,Topps Merlin,Topps,2023-24,UEFA Club Competitions,,https://sportscards.standard.us-east-1.oortstorages.com/new%20card%20scans%202/card%20matcher/Untitled-58_0009_Layer%2059.jpg|https://sportscards.standard.us-east-1.oortstorages.com/new%20card%20scans%202/card%20matcher/Untitled-58_0003_Layer%2065.jpg,,,,,,Real Madrid,c_b9bf8fce,,2023.0,Topps Merlin,,MN5,Rodrygo,Real Madrid,UEFA Club Competitions,,,,,,,raw,1.0,,,USD,,https://sportscards.standard.us-east-1.oortstorages.com/new%20card%20scans%202/card%20matcher/Untitled-58_0009_Layer%2059.jpg,https://sportscards.standard.us-east-1.oortstorages.com/new%20card%20scans%202/card%20matcher/Untitled-58_0003_Layer%2065.jpg,,2026-02-04T01:59:04.878Z,,
2023-24 Topps Chrome UEFA Club Competitions 105 Rico Lewis Aqua Prism Refractor,Rico Lewis,105,Topps Chrome,Topps,2023-24,UEFA Club Competitions,,https://sportscards.standard.us-east-1.oortstorages.com/new%20card%20scans%202/card%20matcher/Untitled-11_0001_Layer%2054.jpg|https://sportscards.standard.us-east-1.oortstorages.com/new%20card%20scans%202/card%20matcher/Untitled-11-back_0001_Layer%2060.jpg,,,,,,Manchester City,c_cae70c4e,,2023.0,Topps Chrome,,105,Rico Lewis,Manchester City,UEFA Club Competitions,,,,,,,raw,1.0,,,USD,,https://sportscards.standard.us-east-1.oortstorages.com/new%20card%20scans%202/card%20matcher/Untitled-11_0001_Layer%2054.jpg,https://sportscards.standard.us-east-1.oortstorages.com/new%20card%20scans%202/card%20matcher/Untitled-11-back_0001_Layer%2060.jpg,,2026-02-04T01:59:04.877Z,,
2023-24 Panini Select Premier League Equalizers 2 Martin Odegaard,Martin Odegaard,2,Panini Select Premier League,Panini,2023–24,Premier League,,https://sportscards.standard.us-east-1.oortstorages.com/new%20card%20scans%202/card%20matcher/Untitled-24_0002_Layer%20134.jpg|https://sportscards.standard.us-east-1.oortstorages.com/new%20card%20scans%202/card%20matcher/Untitled-24-back_0000_Layer%20137.jpg,,,,,,Arsenal,c_fe727b33,,2023.0,Panini Select Premier League,,2,Martin Odegaard,Arsenal,Premier League,,,,,,,raw,1.0,,,USD,,https://sportscards.standard.us-east-1.oortstorages.com/new%20card%20scans%202/card%20matcher/Untitled-24_0002_Layer%20134.jpg,https://sportscards.standard.us-east-1.oortstorages.com/new%20card%20scans%202/card%20matcher/Untitled-24-back_0000_Layer%20137.jpg,,2026-02-04T01:59:04.879Z,,
2023-24 Topps Merlin UEFA Club Competitions 14 Martin Odegaard,Martin Odegaard,14,Topps Merlin UEFA Club Competitions,Topps,2023–24,Premier League,,https://sportscards.standard.us-east-1.oortstorages.com/new%20card%20scans%202/card%20matcher/Untitled-24_0005_Layer%20131.jpg|https://sportscards.standard.us-east-1.oortstorages.com/new%20card%20scans%202/card%20matcher/Untitled-24-back_0003_Layer%20134.jpg,,,,,,Arsenal,c_f9219924,,2023.0,Topps Merlin UEFA Club Competitions,,14,Martin Odegaard,Arsenal,Premier League,,,,,,,raw,1.0,,,USD,,https://sportscards.standard.us-east-1.oortstorages.com/new%20card%20scans%202/card%20matcher/Untitled-24_0005_Layer%20131.jpg,https://sportscards.standard.us-east-1.oortstorages.com/new%20card%20scans%202/card%20matcher/Untitled-24-back_0003_Layer%20134.jpg,,2026-02-04T01:59:04.879Z,,
2024-25 Panini Donruss FIFA 17 Mateo Retegui,Mateo Retegui,17,Panini Donruss FIFA,Panini,2024-25,FIFA,,https://sportscards.standard.us-east-1.oortstorages.com/new%20card%20scans%202/card%20matcher/Untitled-22_0011_Layer%20171.jpg|https://sportscards.standard.us-east-1.oortstorages.com/new%20card%20scans%202/card%20matcher/Untitled-22_0005_Layer%20177.jpg,,,,,,Italy,c_4150b332,,2024.0,Panini Donruss FIFA,,17,Mateo Retegui,Italy,FIFA,,,,,,,raw,1.0,,,USD,,https://sportscards.standard.us-east-1.oortstorages.com/new%20card%20scans%202/card%20matcher/Untitled-22_0011_Layer%20171.jpg,https://sportscards.standard.us-east-1.oortstorages.com/new%20card%20scans%202/card%20matcher/Untitled-22_0005_Layer%20177.jpg,,2026-02-04T01:59:04.879Z,,
2023-24 Panini Select Premier League 193 Michail Antonio,Michail Antonio,193,Panini Select Premier League,Panini,2023–24,Premier League,,https://sportscards.standard.us-east-1.oortstorages.com/new%20card%20scans%202/card%20matcher/Untitled-14_0002_Layer%2085.jpg|https://sportscards.standard.us-east-1.oortstorages.com/new%20card%20scans%202/card%20matcher/Untitled-14-back_0002_Layer%2086.jpg,,,,,,West Ham United,c_c5608d6d,,2023.0,Panini Select Premier League,,193,Michail Antonio,West Ham United,Premier League,,,,,,,raw,1.0,,,USD,,https://sportscards.standard.us-east-1.oortstorages.com/new%20card%20scans%202/card%20matcher/Untitled-14_0002_Layer%2085.jpg,https://sportscards.standard.us-east-1.oortstorages.com/new%20card%20scans%202/card%20matcher/Untitled-14-back_0002_Layer%2086.jpg,,2026-02-04T01:59:04.879Z,,
2023-24 Topps Chrome Bundesliga 1963 Topps 14 Paris Brunner,Topps 14 Paris Brunner,1963,Chrome,Topps,2023-24,Bundesliga,Chrome,https://sportscards.standard.us-east-1.oortstorages.com/new%20card%20scans%202/card%20matcher/paris_brunner_0001_Landscape---Pop.png|https://sportscards.standard.us-east-1.oortstorages.com/new%20card%20scans%202/card%20matcher/paris_brunner_0000_Landscape---Pop.png,,,,,,,c_9b24b2da,,2023.0,Chrome,,1963,Topps 14 Paris Brunner,,Bundesliga,,,,,,,raw,1.0,,,USD,,https://sportscards.standard.us-east-1.oortstorages.com/new%20card%20scans%202/card%20matcher/paris_brunner_0001_Landscape---Pop.png,https://sportscards.standard.us-east-1.oortstorages.com/new%20card%20scans%202/card%20matcher/paris_brunner_0000_Landscape---Pop.png,,2026-02-04T01:59:04.876Z,,
2024-25 Panini Donruss FIFA 27 Federico Dimarco,Federico Dimarco,27,Panini Donruss FIFA,Panini,2024-25,FIFA,,https://sportscards.standard.us-east-1.oortstorages.com/new%20card%20scans%202/card%20matcher/Untitled-22_0006_Layer%20176.jpg|https://sportscards.standard.us-east-1.oortstorages.com/new%20card%20scans%202/card%20matcher/Untitled-22_0000_Layer%20182.jpg,,,,,,Italy,c_793c3bd8,,2024.0,Panini Donruss FIFA,,27,Federico Dimarco,Italy,FIFA,,,,,,,raw,1.0,,,USD,,https://sportscards.standard.us-east-1.oortstorages.com/new%20card%20scans%202/card%20matcher/Untitled-22_0006_Layer%20176.jpg,https://sportscards.standard.us-east-1.oortstorages.com/new%20card%20scans%202/card%20matcher/Untitled-22_0000_Layer%20182.jpg,,2026-02-04T01:59:04.879Z,,
2024-25 Panini Prizm Premier League Talismen 1 Erling Haaland,Erling Haaland,1,Prizm Talismen,Panini,2024-25,Premier League,Prizm,https://sportscards.standard.us-east-1.oortstorages.com/new%20card%20scans%202/card%20matcher/erling_0000_Layer-2.png|https://sportscards.standard.us-east-1.oortstorages.com/new%20card%20scans%202/card%20matcher/erling_0001_Layer-1.png,,,,,,,c_2bdd330e,,2024.0,Prizm Talismen,,1,Erling Haaland,,Premier League,,,,,,,raw,1.0,,,USD,,https://sportscards.standard.us-east-1.oortstorages.com/new%20card%20scans%202/card%20matcher/erling_0000_Layer-2.png,https://sportscards.standard.us-east-1.oortstorages.com/new%20card%20scans%202/card%20matcher/erling_0001_Layer-1.png,,2026-02-04T01:59:04.876Z,,
2023-24 Topps Chrome Bundesliga 73 Dominik Kohr Aqua Bubble Wave,Dominik Kohr,73,Topps Chrome,Topps,2023-24,Bundesliga,,https://sportscards.standard.us-east-1.oortstorages.com/new%20card%20scans%202/card%20matcher/sportscards1_0010_Layer%2024.jpg|https://sportscards.standard.us-east-1.oortstorages.com/new%20card%20scans%202/card%20matcher/sportscards1_0004_Layer%2030.jpg,,,,,,1. FC Köln,c_f4b91668,,2023.0,Topps Chrome,,73,Dominik Kohr,1. FC Köln,Bundesliga,,,,,,,raw,1.0,,,USD,,https://sportscards.standard.us-east-1.oortstorages.com/new%20card%20scans%202/card%20matcher/sportscards1_0010_Layer%2024.jpg,https://sportscards.standard.us-east-1.oortstorages.com/new%20card%20scans%202/card%20matcher/sportscards1_0004_Layer%2030.jpg,,2026-02-04T01:59:04.878Z,,
2023-24 Topps Chrome UEFA Club Competitions 119 Dominik Szoboszlai Aqua Prism Refractor,Dominik Szoboszlai,119,Topps Chrome,Topps,2023-24,UEFA Club Competitions,,https://sportscards.standard.us-east-1.oortstorages.com/new%20card%20scans%202/card%20matcher/Untitled-11_0004_Layer%2051.jpg|https://sportscards.standard.us-east-1.oortstorages.com/new%20card%20scans%202/card%20matcher/Untitled-11-back_0004_Layer%2057.jpg,,,,,,Liverpool,c_1b99d6ef,,2023.0,Topps Chrome,,119,Dominik Szoboszlai,Liverpool,UEFA Club Competitions,,,,,,,raw,1.0,,,USD,,https://sportscards.standard.us-east-1.oortstorages.com/new%20card%20scans%202/card%20matcher/Untitled-11_0004_Layer%2051.jpg,https://sportscards.standard.us-east-1.oortstorages.com/new%20card%20scans%202/card%20matcher/Untitled-11-back_0004_Layer%2057.jpg,,2026-02-04T01:59:04.877Z,,
2022-23 Topps Merlin Chrome UEFA Club Competitions 114 Dominik Szoboszlai Aqua Prism Refractor,Dominik Szoboszlai,114,Topps Merlin,Topps,2022-23,UEFA Club Competitions,,https://sportscards.standard.us-east-1.oortstorages.com/new%20card%20scans%202/card%20matcher/Untitled-8_0002_Layer%2034.jpg|https://sportscards.standard.us-east-1.oortstorages.com/new%20card%20scans%202/card%20matcher/Untitled-8-back_0002_Layer%2040.jpg,,,,,,RB Leipzig,c_123582f6,,2022.0,Topps Merlin,,114,Dominik Szoboszlai,RB Leipzig,UEFA Club Competitions,,,,,,,raw,1.0,,,USD,,https://sportscards.standard.us-east-1.oortstorages.com/new%20card%20scans%202/card%20matcher/Untitled-8_0002_Layer%2034.jpg,https://sportscards.standard.us-east-1.oortstorages.com/new%20card%20scans%202/card%20matcher/Untitled-8-back_0002_Layer%2040.jpg,,2026-02-04T01:59:04.877Z,,
2023-24 Topps Chrome UEFA Club Competitions London Calling LC3 Donyell Malen,Donyell Malen,LC3,Topps Chrome,Topps,2023-24,UEFA Club Competitions,,https://sportscards.standard.us-east-1.oortstorages.com/new%20card%20scans%202/card%20matcher/Untitled-47_0007_Layer%2019.jpg|https://sportscards.standard.us-east-1.oortstorages.com/new%20card%20scans%202/card%20matcher/Untitled-47_0000_Layer%2025.jpg,,,,,,Borussia Dortmund,c_b8face33,,2023.0,Topps Chrome,,LC3,Donyell Malen,Borussia Dortmund,UEFA Club Competitions,,,,,,,raw,1.0,,,USD,,https://sportscards.standard.us-east-1.oortstorages.com/new%20card%20scans%202/card%20matcher/Untitled-47_0007_Layer%2019.jpg,https://sportscards.standard.us-east-1.oortstorages.com/new%20card%20scans%202/card%20matcher/Untitled-47_0000_Layer%2025.jpg,,2026-02-04T01:59:04.878Z,,
2022-23 Topps Merlin Chrome UEFA Club Competitions 82 Dusan Vlahovic Aqua Prism Refractor,Dušan Vlahović,82,Topps Merlin,Topps,2022-23,UEFA Club Competitions,,https://sportscards.standard.us-east-1.oortstorages.com/new%20card%20scans%202/card%20matcher/Untitled-4_0002_Layer%2021.jpg|https://sportscards.standard.us-east-1.oortstorages.com/new%20card%20scans%202/card%20matcher/Untitled-4-back_0002_Layer%2021.jpg,,,,,,Juventus,c_192c1928,,2022.0,Topps Merlin,,82,Dušan Vlahović,Juventus,UEFA Club Competitions,,,,,,,raw,1.0,,,USD,,https://sportscards.standard.us-east-1.oortstorages.com/new%20card%20scans%202/card%20matcher/Untitled-4_0002_Layer%2021.jpg,https://sportscards.standard.us-east-1.oortstorages.com/new%20card%20scans%202/card%20matcher/Untitled-4-back_0002_Layer%2021.jpg,,2026-02-04T01:59:04.877Z,,
2023-24 Topps Chrome Bundesliga 55 El Chadaille Bitshiabu Blue Wave,El Chadaille Bitshiabu,55,Topps Chrome,Topps,2023-24,Bundesliga,,https://sportscards.standard.us-east-1.oortstorages.com/new%20card%20scans%202/card%20matcher/el_chadaille_bitshiabu_front.png|https://sportscards.standard.us-east-1.oortstorages.com/new%20card%20scans%202/card%20matcher/sportscards5_0005_Layer%2015.jpg,,,,,,Brighton & Hove Albion,c_468a4728,,2023.0,Topps Chrome,,55,El Chadaille Bitshiabu,Brighton & Hove Albion,Bundesliga,,,,,,,raw,1.0,,,USD,,https://sportscards.standard.us-east-1.oortstorages.com/new%20card%20scans%202/card%20matcher/el_chadaille_bitshiabu_front.png,https://sportscards.standard.us-east-1.oortstorages.com/new%20card%20scans%202/card%20matcher/sportscards5_0005_Layer%2015.jpg,,2026-02-04T01:59:04.878Z,,
2022-23 Topps Merlin Chrome UEFA Club Competitions Merlin's Masters MM14 Vini Jr.,Vinícius Júnior,MM14,Topps Merlin,Topps,2022-23,UEFA Club Competitions,,https://sportscards.standard.us-east-1.oortstorages.com/new%20card%20scans%202/card%20matcher/Untitled-48_0013_Layer%2015.jpg|https://sportscards.standard.us-east-1.oortstorages.com/new%20card%20scans%202/card%20matcher/Untitled-48_0006_Layer%2022.jpg,,,,,,Real Madrid,c_a015adfe,,2022.0,Topps Merlin,,MM14,Vinícius Júnior,Real Madrid,UEFA Club Competitions,,,,,,,raw,1.0,,,USD,,https://sportscards.standard.us-east-1.oortstorages.com/new%20card%20scans%202/card%20matcher/Untitled-48_0013_Layer%2015.jpg,https://sportscards.standard.us-east-1.oortstorages.com/new%20card%20scans%202/card%20matcher/Untitled-48_0006_Layer%2022.jpg,,2026-02-04T01:59:04.878Z,,
2023-24 Panini Donruss FIFA 4 Enzo Fernandez Silver,Enzo Fernandez,4,Donruss,Panini,2023-24,FIFA,Silver,https://sportscards.standard.us-east-1.oortstorages.com/new%20card%20scans%202/card%20matcher/cards_1_0001_Layer-2.png|https://sportscards.standard.us-east-1.oortstorages.com/new%20card%20scans%202/card%20matcher/cards_1_0006_Layer-9.png,,,,,,,c_88eb112a,,2023.0,Donruss,,4,Enzo Fernandez,,FIFA,,,,,,,raw,1.0,,,USD,,https://sportscards.standard.us-east-1.oortstorages.com/new%20card%20scans%202/card%20matcher/cards_1_0001_Layer-2.png,https://sportscards.standard.us-east-1.oortstorages.com/new%20card%20scans%202/card%20matcher/cards_1_0006_Layer-9.png,,2026-02-04T01:59:04.876Z,,
2024 Panini Prizm Conmebol Copa America Phenomenon 10 Enzo Fernandez,Enzo Fernandez,2024,Prizm Phenomenon,Panini,2024,Copa America,Prizm,https://sportscards.standard.us-east-1.oortstorages.com/new%20card%20scans%202/card%20matcher/Untitled-1_0005_Layer%201.jpg|https://sportscards.standard.us-east-1.oortstorages.com/new%20card%20scans%202/card%20matcher/Untitled-1-back_0000_Layer%206.jpg,,,,,,,c_8b56beb8,,2024.0,Prizm Phenomenon,,2024,Enzo Fernandez,,Copa America,,,,,,,raw,1.0,,,USD,,https://sportscards.standard.us-east-1.oortstorages.com/new%20card%20scans%202/card%20matcher/Untitled-1_0005_Layer%201.jpg,https://sportscards.standard.us-east-1.oortstorages.com/new%20card%20scans%202/card%20matcher/Untitled-1-back_0000_Layer%206.jpg,,2026-02-04T01:59:04.876Z,,
2023-24 Panini Select Premier League 35 Enzo Fernandez Silver,Enzo Fernandez,35,Select,Panini,2023-24,Premier League,Select,https://sportscards.standard.us-east-1.oortstorages.com/new%20card%20scans%202/card%20matcher/Untitled-37_0005_Layer%2032.jpg|https://sportscards.standard.us-east-1.oortstorages.com/new%20card%20scans%202/card%20matcher/Untitled-37-back_0005_Layer%2038.jpg,,,,,,,c_4ce58a6,,2023.0,Select,,35,Enzo Fernandez,,Premier League,,,,,,,raw,1.0,,,USD,,https://sportscards.standard.us-east-1.oortstorages.com/new%20card%20scans%202/card%20matcher/Untitled-37_0005_Layer%2032.jpg,https://sportscards.standard.us-east-1.oortstorages.com/new%20card%20scans%202/card%20matcher/Untitled-37-back_0005_Layer%2038.jpg,,2026-02-04T01:59:04.876Z,,
2024 Panini Prizm Conmebol Copa America 48 Erick Pulgar Red Pulsar,Erick Pulgar,48,Panini Select,Panini,2024,Copa America,,https://sportscards.standard.us-east-1.oortstorages.com/new%20card%20scans%202/card%20matcher/sportscards5_0009_Layer%2011.jpg|https://sportscards.standard.us-east-1.oortstorages.com/new%20card%20scans%202/card%20matcher/sportscards5_0003_Layer%2017.jpg,,,,,,Newcastle United,c_ce6546e2,,2024.0,Panini Select,,48,Erick Pulgar,Newcastle United,Copa America,,,,,,,raw,1.0,,,USD,,https://sportscards.standard.us-east-1.oortstorages.com/new%20card%20scans%202/card%20matcher/sportscards5_0009_Layer%2011.jpg,https://sportscards.standard.us-east-1.oortstorages.com/new%20card%20scans%202/card%20matcher/sportscards5_0003_Layer%2017.jpg,,2026-02-04T01:59:04.878Z,,
2023-24 Panini Select Premier League Select Stars 13 Erling Haaland,Erling Haaland,13,Select Select Stars,Panini,2023-24,Premier League,Select,https://sportscards.standard.us-east-1.oortstorages.com/new%20card%20scans%202/card%20matcher/Untitled-29_0000_Layer%20142.jpg|https://sportscards.standard.us-east-1.oortstorages.com/new%20card%20scans%202/card%20matcher/Untitled-29-BACK_0000_Layer%20148.jpg,,,,,,,c_3c4f30f8,,2023.0,Select Select Stars,,13,Erling Haaland,,Premier League,,,,,,,raw,1.0,,,USD,,https://sportscards.standard.us-east-1.oortstorages.com/new%20card%20scans%202/card%20matcher/Untitled-29_0000_Layer%20142.jpg,https://sportscards.standard.us-east-1.oortstorages.com/new%20card%20scans%202/card%20matcher/Untitled-29-BACK_0000_Layer%20148.jpg,,2026-02-04T01:59:04.876Z,,
2022-23 Topps Merlin Chrome UEFA Club Competitions Merlin's Masters MM12 Frank Rijkaard,Frank Rijkaard,MM12,Topps Merlin,Topps,2022-23,UEFA Club Competitions,,https://sportscards.standard.us-east-1.oortstorages.com/new%20card%20scans%202/card%20matcher/Untitled-50_0008_Layer%2020.jpg|https://sportscards.standard.us-east-1.oortstorages.com/new%20card%20scans%202/card%20matcher/Untitled-50_0002_Layer%2026.jpg,,,,,,Barcelona,c_f4e45b4,,2022.0,Topps Merlin,,MM12,Frank Rijkaard,Barcelona,UEFA Club Competitions,,,,,,,raw,1.0,,,USD,,https://sportscards.standard.us-east-1.oortstorages.com/new%20card%20scans%202/card%20matcher/Untitled-50_0008_Layer%2020.jpg,https://sportscards.standard.us-east-1.oortstorages.com/new%20card%20scans%202/card%20matcher/Untitled-50_0002_Layer%2026.jpg,,2026-02-04T01:59:04.878Z,,
2023-24 Panini Select Premier League 161 Erling Haaland Red Ice,Erling Haaland,161,Select,Panini,2023-24,Premier League,Select,https://sportscards.standard.us-east-1.oortstorages.com/new%20card%20scans%202/card%20matcher/Untitled-29_0001_Layer%20141.jpg|https://sportscards.standard.us-east-1.oortstorages.com/new%20card%20scans%202/card%20matcher/Untitled-12-back_0003_Layer%2071.jpg,,,,,,,c_99562509,,2023.0,Select,,161,Erling Haaland,,Premier League,,,,,,,raw,2.0,,,USD,,https://sportscards.standard.us-east-1.oortstorages.com/new%20card%20scans%202/card%20matcher/Untitled-29_0001_Layer%20141.jpg,https://sportscards.standard.us-east-1.oortstorages.com/new%20card%20scans%202/card%20matcher/Untitled-12-back_0003_Layer%2071.jpg,,2026-02-04T01:59:04.876Z,,
2023-24 Panini Select Premier League 242 Erling Haaland Red Ice,Erling Haaland,242,Select,Panini,2023-24,Premier League,Select,https://sportscards.standard.us-east-1.oortstorages.com/new%20card%20scans%202/card%20matcher/Untitled-29_0002_Layer%20140.jpg|https://sportscards.standard.us-east-1.oortstorages.com/new%20card%20scans%202/card%20matcher/Untitled-29-BACK_0002_Layer%20146.jpg,,,,,,,c_9e262905,,2023.0,Select,,242,Erling Haaland,,Premier League,,,,,,,raw,1.0,,,USD,,https://sportscards.standard.us-east-1.oortstorages.com/new%20card%20scans%202/card%20matcher/Untitled-29_0002_Layer%20140.jpg,https://sportscards.standard.us-east-1.oortstorages.com/new%20card%20scans%202/card%20matcher/Untitled-29-BACK_0002_Layer%20146.jpg,,2026-02-04T01:59:04.876Z,,
2023-24 Topps Merlin UEFA Club Competitions 113 Viktor Gyokeres Refractor,Viktor Gyokeres,113,Merlin,Topps,2023-24,UEFA,Refractor,https://sportscards.standard.us-east-1.oortstorages.com/new%20card%20scans%202/card%20matcher/cards_1_0002_Layer-3.png|https://sportscards.standard.us-east-1.oortstorages.com/new%20card%20scans%202/card%20matcher/cards_1_0007_Layer-8.png,,,,,,,c_423fa259,,2023.0,Merlin,,113,Viktor Gyokeres,,UEFA,,,,,,,raw,1.0,,,USD,,https://sportscards.standard.us-east-1.oortstorages.com/new%20card%20scans%202/card%20matcher/cards_1_0002_Layer-3.png,https://sportscards.standard.us-east-1.oortstorages.com/new%20card%20scans%202/card%20matcher/cards_1_0007_Layer-8.png,,2026-02-04T01:59:04.876Z,,
2023-24 Panini Select Premier League 9 Ethan Nwaneri,Ethan Nwaneri,9,Select,Panini,2023-24,Premier League,Select,https://sportscards.standard.us-east-1.oortstorages.com/new%20card%20scans%202/card%20matcher/firstin%20_0032_Layer%202.jpg|https://sportscards.standard.us-east-1.oortstorages.com/new%20card%20scans%202/card%20matcher/firstin%20_0026_Layer%208.jpg,,,,,,,c_e09a0166,,2023.0,Select,,9,Ethan Nwaneri,,Premier League,,,,,,,raw,1.0,,,USD,,https://sportscards.standard.us-east-1.oortstorages.com/new%20card%20scans%202/card%20matcher/firstin%20_0032_Layer%202.jpg,https://sportscards.standard.us-east-1.oortstorages.com/new%20card%20scans%202/card%20matcher/firstin%20_0026_Layer%208.jpg,,2026-02-04T01:59:04.876Z,,
2023-24 Topps Chrome UEFA Club Competitions Wonderkids WK4 Evan Ferguson,Evan Ferguson,WK4,Topps Chrome,Topps,2023-24,UEFA Club Competitions,,https://sportscards.standard.us-east-1.oortstorages.com/new%20card%20scans%202/card%20matcher/Untitled-57_0007_Layer%2049.jpg|https://sportscards.standard.us-east-1.oortstorages.com/new%20card%20scans%202/card%20matcher/Untitled-57_0001_Layer%2055.jpg,,,,,,Brighton & Hove Albion,c_5fe8befa,,2023.0,Topps Chrome,,WK4,Evan Ferguson,Brighton & Hove Albion,UEFA Club Competitions,,,,,,,raw,1.0,,,USD,,https://sportscards.standard.us-east-1.oortstorages.com/new%20card%20scans%202/card%20matcher/Untitled-57_0007_Layer%2049.jpg,https://sportscards.standard.us-east-1.oortstorages.com/new%20card%20scans%202/card%20matcher/Untitled-57_0001_Layer%2055.jpg,,2026-02-04T01:59:04.878Z,,
2023-24 Topps Merlin UEFA Club Competitions Merlin's Chosen Ones MC2 Evan Ferguson,Evan Ferguson,MC2,Topps Merlin,Topps,2023-24,UEFA Club Competitions,,https://sportscards.standard.us-east-1.oortstorages.com/new%20card%20scans%202/card%20matcher/Untitled-57_0009_Layer%2047.jpg|https://sportscards.standard.us-east-1.oortstorages.com/new%20card%20scans%202/card%20matcher/Untitled-57_0003_Layer%2053.jpg,,,,,,Brighton & Hove Albion,c_e9264e33,,2023.0,Topps Merlin,,MC2,Evan Ferguson,Brighton & Hove Albion,UEFA Club Competitions,,,,,,,raw,1.0,,,USD,,https://sportscards.standard.us-east-1.oortstorages.com/new%20card%20scans%202/card%20matcher/Untitled-57_0009_Layer%2047.jpg,https://sportscards.standard.us-east-1.oortstorages.com/new%20card%20scans%202/card%20matcher/Untitled-57_0003_Layer%2053.jpg,,2026-02-04T01:59:04.878Z,,
2023-24 Topps Chrome UEFA Club Competitions 176 Evan Ndicka Aqua Prism Refractor,Evan Ndicka,176,Topps Chrome,Topps,2023-24,UEFA Club Competitions,,https://sportscards.standard.us-east-1.oortstorages.com/new%20card%20scans%202/card%20matcher/Untitled-6_0000_Layer%2032.jpg|https://sportscards.standard.us-east-1.oortstorages.com/new%20card%20scans%202/card%20matcher/Untitled-6-back_0000_Layer%2033.jpg,,,,,,AS Roma,c_f896cc9f,,2023.0,Topps Chrome,,176,Evan Ndicka,AS Roma,UEFA Club Competitions,,,,,,,raw,1.0,,,USD,,https://sportscards.standard.us-east-1.oortstorages.com/new%20card%20scans%202/card%20matcher/Untitled-6_0000_Layer%2032.jpg,https://sportscards.standard.us-east-1.oortstorages.com/new%20card%20scans%202/card%20matcher/Untitled-6-back_0000_Layer%2033.jpg,,2026-02-04T01:59:04.877Z,,
2023-24 Panini Select Premier League Select Future 3 Fabio Vieira,Fabio Vieira,3,Panini Select Premier League Select Future,Panini,2023-24,Premier League,,https://sportscards.standard.us-east-1.oortstorages.com/new%20card%20scans%202/card%20matcher/Untitled-24_0001_Layer%20135.jpg|https://sportscards.standard.us-east-1.oortstorages.com/new%20card%20scans%202/card%20matcher/Untitled-24-back_0001_Layer%20136.jpg,,,,,,Arsenal,c_43bd0bcc,,2023.0,Panini Select Premier League Select Future,,3,Fabio Vieira,Arsenal,Premier League,,,,,,,raw,1.0,,,USD,,https://sportscards.standard.us-east-1.oortstorages.com/new%20card%20scans%202/card%20matcher/Untitled-24_0001_Layer%20135.jpg,https://sportscards.standard.us-east-1.oortstorages.com/new%20card%20scans%202/card%20matcher/Untitled-24-back_0001_Layer%20136.jpg,,2026-02-04T01:59:04.879Z,,
2024-25 Panini Donruss FIFA Net Marvels 18 Federico Chiesa,Federico Chiesa,18,Panini Donruss FIFA,Panini,2024-25,FIFA,,https://sportscards.standard.us-east-1.oortstorages.com/new%20card%20scans%202/card%20matcher/Untitled-22_0010_Layer%20172.jpg|https://sportscards.standard.us-east-1.oortstorages.com/new%20card%20scans%202/card%20matcher/Untitled-22_0004_Layer%20178.jpg,,,,,,Italy,c_125d7cde,,2024.0,Panini Donruss FIFA,,18,Federico Chiesa,Italy,FIFA,,,,,,,raw,1.0,,,USD,,https://sportscards.standard.us-east-1.oortstorages.com/new%20card%20scans%202/card%20matcher/Untitled-22_0010_Layer%20172.jpg,https://sportscards.standard.us-east-1.oortstorages.com/new%20card%20scans%202/card%20matcher/Untitled-22_0004_Layer%20178.jpg,,2026-02-04T01:59:04.879Z,,
2022-23 Topps Merlin Chrome UEFA Club Competitions 105 Kylian Mbappe,Kylian Mbappe,105,Merlin Chrome,Topps,2022-23,UEFA,Chrome,https://sportscards.standard.us-east-1.oortstorages.com/new%20card%20scans%202/card%20matcher/Untitled-1_0006_Layer%206.jpg|https://sportscards.standard.us-east-1.oortstorages.com/new%20card%20scans%202/card%20matcher/Untitled-1_0001_Layer%2011.jpg,,,,,,,c_a7df9fc4,,2022.0,Merlin Chrome,,105,Kylian Mbappe,,UEFA,,,,,,,raw,2.0,,,USD,,https://sportscards.standard.us-east-1.oortstorages.com/new%20card%20scans%202/card%20matcher/Untitled-1_0006_Layer%206.jpg,https://sportscards.standard.us-east-1.oortstorages.com/new%20card%20scans%202/card%20matcher/Untitled-1_0001_Layer%2011.jpg,,2026-02-04T01:59:04.876Z,,
2023-24 Topps Chrome UEFA Club Competitions 99 Federico Valverde Aqua Prism Refractor,Federico Valverde,99,Topps Chrome,Topps,2023-24,UEFA Club Competitions,,https://sportscards.standard.us-east-1.oortstorages.com/new%20card%20scans%202/card%20matcher/Untitled-9_0004_Layer%2044.jpg|https://sportscards.standard.us-east-1.oortstorages.com/new%20card%20scans%202/card%20matcher/Untitled-9-back_0004_Layer%2045.jpg,,,,,,Real Madrid,c_7c83b6a1,,2023.0,Topps Chrome,,99,Federico Valverde,Real Madrid,UEFA Club Competitions,,,,,,,raw,1.0,,,USD,,https://sportscards.standard.us-east-1.oortstorages.com/new%20card%20scans%202/card%20matcher/Untitled-9_0004_Layer%2044.jpg,https://sportscards.standard.us-east-1.oortstorages.com/new%20card%20scans%202/card%20matcher/Untitled-9-back_0004_Layer%2045.jpg,,2026-02-04T01:59:04.877Z,,
2023-24 Topps Chrome UEFA Club Competitions 145 Felix Nmecha Aqua Prism Refractor,Felix Nmecha,145,Topps Chrome,Topps,2023-24,UEFA Club Competitions,,https://sportscards.standard.us-east-1.oortstorages.com/new%20card%20scans%202/card%20matcher/Untitled-8_0000_Layer%2036.jpg|https://sportscards.standard.us-east-1.oortstorages.com/new%20card%20scans%202/card%20matcher/Untitled-8-back_0000_Layer%2042.jpg,,,,,,Borussia Dortmund,c_91b135c1,,2023.0,Topps Chrome,,145,Felix Nmecha,Borussia Dortmund,UEFA Club Competitions,,,,,,,raw,1.0,,,USD,,https://sportscards.standard.us-east-1.oortstorages.com/new%20card%20scans%202/card%20matcher/Untitled-8_0000_Layer%2036.jpg,https://sportscards.standard.us-east-1.oortstorages.com/new%20card%20scans%202/card%20matcher/Untitled-8-back_0000_Layer%2042.jpg,,2026-02-04T01:59:04.877Z,,
2023-24 Topps Chrome UEFA Club Competitions Starball Debut SD6 Wayne Rooney,Wayne Rooney,SD6,Topps Chrome,Topps,2023-24,UEFA Club Competitions,,https://sportscards.standard.us-east-1.oortstorages.com/new%20card%20scans%202/card%20matcher/Untitled-54_0008_Layer%2035.jpg|https://sportscards.standard.us-east-1.oortstorages.com/new%20card%20scans%202/card%20matcher/Untitled-54_0002_Layer%2041.jpg,,,,,,Manchester United,c_41d62a9e,,2023.0,Topps Chrome,,SD6,Wayne Rooney,Manchester United,UEFA Club Competitions,,,,,,,raw,1.0,,,USD,,https://sportscards.standard.us-east-1.oortstorages.com/new%20card%20scans%202/card%20matcher/Untitled-54_0008_Layer%2035.jpg,https://sportscards.standard.us-east-1.oortstorages.com/new%20card%20scans%202/card%20matcher/Untitled-54_0002_Layer%2041.jpg,,2026-02-04T01:59:04.878Z,,
2022-23 Topps Merlin Chrome UEFA Club Competitions Merlin's Masters MM11 Wayne Rooney,Wayne Rooney,MM11,Topps Merlin,Topps,2022-23,UEFA Club Competitions,,https://sportscards.standard.us-east-1.oortstorages.com/new%20card%20scans%202/card%20matcher/Untitled-48_0009_Layer%2019.jpg|https://sportscards.standard.us-east-1.oortstorages.com/new%20card%20scans%202/card%20matcher/Untitled-48_0002_Layer%2026.jpg,,,,,,Manchester United,c_22caef47,,2022.0,Topps Merlin,,MM11,Wayne Rooney,Manchester United,UEFA Club Competitions,,,,,,,raw,1.0,,,USD,,https://sportscards.standard.us-east-1.oortstorages.com/new%20card%20scans%202/card%20matcher/Untitled-48_0009_Layer%2019.jpg,https://sportscards.standard.us-east-1.oortstorages.com/new%20card%20scans%202/card%20matcher/Untitled-48_0002_Layer%2026.jpg,,2026-02-04T01:59:04.878Z,,
2022-23 Topps Merlin Chrome UEFA Club Competitions Ageless Alchemy AA12 Dino Zoff,Dino Zoff,AA12,Topps Merlin,Topps,2022-23,UEFA Club Competitions,,https://sportscards.standard.us-east-1.oortstorages.com/new%20card%20scans%202/card%20matcher/Untitled-50_0010_Layer%2018.jpg|https://sportscards.standard.us-east-1.oortstorages.com/new%20card%20scans%202/card%20matcher/Untitled-50_0004_Layer%2024.jpg,,,,,,Juventus,c_c913b3,,2022.0,Topps Merlin,,AA12,Dino Zoff,Juventus,UEFA Club Competitions,,,,,,,raw,1.0,,,USD,,https://sportscards.standard.us-east-1.oortstorages.com/new%20card%20scans%202/card%20matcher/Untitled-50_0010_Layer%2018.jpg,https://sportscards.standard.us-east-1.oortstorages.com/new%20card%20scans%202/card%20matcher/Untitled-50_0004_Layer%2024.jpg,,2026-02-04T01:59:04.878Z,,
2023-24 Topps Chrome UEFA Club Competitions 162 Dijon Kameri Aqua Prism Refractor,Dijon Kameri,162,Topps Chrome,Topps,2023-24,UEFA Club Competitions,,https://sportscards.standard.us-east-1.oortstorages.com/new%20card%20scans%202/card%20matcher/Untitled-7_0004_Layer%2030.jpg|https://sportscards.standard.us-east-1.oortstorages.com/new%20card%20scans%202/card%20matcher/Untitled-7-BACK_0004_Layer%2031.jpg,,,,,,RB Salzburg,c_60762c8d,,2023.0,Topps Chrome,,162,Dijon Kameri,RB Salzburg,UEFA Club Competitions,,,,,,,raw,1.0,,,USD,,https://sportscards.standard.us-east-1.oortstorages.com/new%20card%20scans%202/card%20matcher/Untitled-7_0004_Layer%2030.jpg,https://sportscards.standard.us-east-1.oortstorages.com/new%20card%20scans%202/card%20matcher/Untitled-7-BACK_0004_Layer%2031.jpg,,2026-02-04T01:59:04.877Z,,
2024-25 Topps Gold UEFA Club Competitions Future Stars Endrick,Endrick,,Topps UEFA,Topps,2024-2025,La Liga,Future Stars,https://sportscards.standard.us-east-1.oortstorages.com/new%20card%20scans%202/card%20matcher/Untitled-6_0004_Layer%209.jpg|https://sportscards.standard.us-east-1.oortstorages.com/new%20card%20scans%202/card%20matcher/Untitled-7_0004_Layer%2015.jpg,,,,,,Real Madrid,c_e18c720d,,2024.0,Topps UEFA,,,Endrick,Real Madrid,La Liga,,,,,,,raw,1.0,,,USD,,https://sportscards.standard.us-east-1.oortstorages.com/new%20card%20scans%202/card%20matcher/Untitled-6_0004_Layer%209.jpg,https://sportscards.standard.us-east-1.oortstorages.com/new%20card%20scans%202/card%20matcher/Untitled-7_0004_Layer%2015.jpg,,2026-02-04T01:59:04.878Z,,
2024 Panini Prizm Copa America Julio Enciso White Sparkle,Julio Enciso,,Panini Prizm,Panini,2024,Copa America,RC,https://sportscards.standard.us-east-1.oortstorages.com/new%20card%20scans%202/card%20matcher/Untitled-2_0001_Layer%2011.jpg|https://sportscards.standard.us-east-1.oortstorages.com/new%20card%20scans%202/card%20matcher/Untitled-2-back_0001_Layer%2017.jpg,,,,,,West Ham United,c_5e703183,,2024.0,Panini Prizm,,,Julio Enciso,West Ham United,Copa America,,,,,,,raw,1.0,,,USD,,https://sportscards.standard.us-east-1.oortstorages.com/new%20card%20scans%202/card%20matcher/Untitled-2_0001_Layer%2011.jpg,https://sportscards.standard.us-east-1.oortstorages.com/new%20card%20scans%202/card%20matcher/Untitled-2-back_0001_Layer%2017.jpg,,2026-02-04T01:59:04.878Z,,
2024 Topps Finest MLS Prized Footballers PF25 Alexey Miranchuk,Alexey Miranchuk,PF25,Topps Finest MLS,Topps,2024,MLS,,https://sportscards.standard.us-east-1.oortstorages.com/new%20card%20scans%202/card%20matcher/Untitled-17_0006_Layer%20149.jpg|https://sportscards.standard.us-east-1.oortstorages.com/new%20card%20scans%202/card%20matcher/Untitled-17_0000_Layer%20155.jpg,,,,,,Atlanta United FC,c_301106ca,,2024.0,Topps Finest MLS,,PF25,Alexey Miranchuk,Atlanta United FC,MLS,,,,,,,raw,1.0,,,USD,,https://sportscards.standard.us-east-1.oortstorages.com/new%20card%20scans%202/card%20matcher/Untitled-17_0006_Layer%20149.jpg,https://sportscards.standard.us-east-1.oortstorages.com/new%20card%20scans%202/card%20matcher/Untitled-17_0000_Layer%20155.jpg,,2026-02-04T01:59:04.879Z,,
2023-24 Panini Select Premier League 54 Alisson Becker White Ice,Alisson Becker,54,Select,Panini,2023-24,Premier League,Select,https://sportscards.standard.us-east-1.oortstorages.com/new%20card%20scans%202/card%20matcher/Untitled-34_0005_Layer%207.jpg|https://sportscards.standard.us-east-1.oortstorages.com/new%20card%20scans%202/card%20matcher/Untitled-34-back_0005_Layer%2013.jpg,,,,,,,c_3bf650d5,,2023.0,Select,,54,Alisson Becker,,Premier League,,,,,,,raw,1.0,,,USD,,https://sportscards.standard.us-east-1.oortstorages.com/new%20card%20scans%202/card%20matcher/Untitled-34_0005_Layer%207.jpg,https://sportscards.standard.us-east-1.oortstorages.com/new%20card%20scans%202/card%20matcher/Untitled-34-back_0005_Layer%2013.jpg,,2026-02-04T01:59:04.876Z,,
2024 Panini Prizm Copa America Edson Alvarez Green Wave,Edson Álvarez,,Topps Merlin,Topps,2024,Copa America,RC,https://sportscards.standard.us-east-1.oortstorages.com/new%20card%20scans%202/card%20matcher/Untitled-2_0005_Layer%207.jpg|https://sportscards.standard.us-east-1.oortstorages.com/new%20card%20scans%202/card%20matcher/Untitled-2-back_0005_Layer%2013.jpg,,,,,,Paris Saint-Germain,c_89fe1b83,,2024.0,Topps Merlin,,,Edson Álvarez,Paris Saint-Germain,Copa America,,,,,,,raw,1.0,,,USD,,https://sportscards.standard.us-east-1.oortstorages.com/new%20card%20scans%202/card%20matcher/Untitled-2_0005_Layer%207.jpg,https://sportscards.standard.us-east-1.oortstorages.com/new%20card%20scans%202/card%20matcher/Untitled-2-back_0005_Layer%2013.jpg,,2026-02-04T01:59:04.878Z,,
2022-23 Topps Chrome UEFA Club Competitions 162 Alphonso Davies Neon Green Shimmer,Alphonso Davies,162,Topps Chrome,Topps,2022-23,UEFA Club Competitions,,https://sportscards.standard.us-east-1.oortstorages.com/new%20card%20scans%202/card%20matcher/alphonso_davies_front.png|https://sportscards.standard.us-east-1.oortstorages.com/new%20card%20scans%202/card%20matcher/Alphonso_Davies_back.png,,,,,,Bayern Munich,c_7c04c315,,2022.0,Topps Chrome,,162,Alphonso Davies,Bayern Munich,UEFA Club Competitions,,,,,,,raw,1.0,,,USD,,https://sportscards.standard.us-east-1.oortstorages.com/new%20card%20scans%202/card%20matcher/alphonso_davies_front.png,https://sportscards.standard.us-east-1.oortstorages.com/new%20card%20scans%202/card%20matcher/Alphonso_Davies_back.png,,2026-02-04T01:59:04.878Z,,
2023-24 Topps Merlin Chrome UEFA Aurelien Tchouameni Refractor,Aurélien Tchouaméni,,Panini Prizm,Panini,2023-24,UEFA Club Competitions,RC,https://sportscards.standard.us-east-1.oortstorages.com/new%20card%20scans%202/card%20matcher/Untitled-25_0002_Layer%20136.jpg|https://sportscards.standard.us-east-1.oortstorages.com/new%20card%20scans%202/card%20matcher/Untitled-25-back_0002_Layer%20137.jpg,,,,,,Brighton & Hove Albion,c_7dbe5c8a,,2023.0,Panini Prizm,,,Aurélien Tchouaméni,Brighton & Hove Albion,UEFA Club Competitions,,,,,,,raw,1.0,,,USD,,https://sportscards.standard.us-east-1.oortstorages.com/new%20card%20scans%202/card%20matcher/Untitled-25_0002_Layer%20136.jpg,https://sportscards.standard.us-east-1.oortstorages.com/new%20card%20scans%202/card%20matcher/Untitled-25-back_0002_Layer%20137.jpg,,2026-02-04T01:59:04.878Z,,
2022-23 Topps Merlin Chrome UEFA Kylian Mbappe Refractor,Kylian Mbappé,,Topps Merlin,Topps,2022-23,UEFA Club Competitions,RC,https://sportscards.standard.us-east-1.oortstorages.com/new%20card%20scans%202/card%20matcher/Untitled-23_0002_Layer%20132.jpg|https://sportscards.standard.us-east-1.oortstorages.com/new%20card%20scans%202/card%20matcher/Untitled-23-back_0002_Layer%20133.jpg,,,,,,Borussia Dortmund,c_53319446,,2022.0,Topps Merlin,,,Kylian Mbappé,Borussia Dortmund,UEFA Club Competitions,,,,,,,raw,1.0,,,USD,,https://sportscards.standard.us-east-1.oortstorages.com/new%20card%20scans%202/card%20matcher/Untitled-23_0002_Layer%20132.jpg,https://sportscards.standard.us-east-1.oortstorages.com/new%20card%20scans%202/card%20matcher/Untitled-23-back_0002_Layer%20133.jpg,,2026-02-04T01:59:04.878Z,,
2022-23 Topps Bundesliga Stars of the Season Autographs Mergim Berisha,Mergim Berisha,,Topps,Topps,2022-23,Bundesliga,RC,https://sportscards.standard.us-east-1.oortstorages.com/new%20card%20scans%202/card%20matcher/Untitled-60_0010_Layer%2071.jpg|https://sportscards.standard.us-east-1.oortstorages.com/new%20card%20scans%202/card%20matcher/Untitled-60_0004_Layer%2077.jpg,,,,,,FC Augsburg,c_136329e5,,2022.0,Topps,,,Mergim Berisha,FC Augsburg,Bundesliga,,,,,,,raw,1.0,,,USD,,https://sportscards.standard.us-east-1.oortstorages.com/new%20card%20scans%202/card%20matcher/Untitled-60_0010_Layer%2071.jpg,https://sportscards.standard.us-east-1.oortstorages.com/new%20card%20scans%202/card%20matcher/Untitled-60_0004_Layer%2077.jpg,,2026-02-04T01:59:04.878Z,,
2023-24 Panini Select Premier League 173 Anthony Gordon Orange Ice,Anthony Gordon,173,Panini Select,Panini,2023-24,Premier League,,https://sportscards.standard.us-east-1.oortstorages.com/new%20card%20scans%202/card%20matcher/Untitled-12_0002_Layer%2066.jpg|https://sportscards.standard.us-east-1.oortstorages.com/new%20card%20scans%202/card%20matcher/Untitled-12-back_0002_Layer%2072.jpg,,,,,,Newcastle United,c_f35849b3,,2023.0,Panini Select,,173,Anthony Gordon,Newcastle United,Premier League,,,,,,,raw,1.0,,,USD,,https://sportscards.standard.us-east-1.oortstorages.com/new%20card%20scans%202/card%20matcher/Untitled-12_0002_Layer%2066.jpg,https://sportscards.standard.us-east-1.oortstorages.com/new%20card%20scans%202/card%20matcher/Untitled-12-back_0002_Layer%2072.jpg,,2026-02-04T01:59:04.878Z,,
2023-24 Topps Chrome UEFA Club Competitions 190 Antoine Griezmann Aqua Prism Refractor,Antoine Griezmann,190,Topps Chrome,Topps,2023-24,UEFA Club Competitions,,https://sportscards.standard.us-east-1.oortstorages.com/new%20card%20scans%202/card%20matcher/Untitled-9_0000_Layer%2048.jpg|https://sportscards.standard.us-east-1.oortstorages.com/new%20card%20scans%202/card%20matcher/Untitled-3-back_0005_Layer%2020.jpg,,,,,,Atlético Madrid,c_af820d6e,,2023.0,Topps Chrome,,190,Antoine Griezmann,Atlético Madrid,UEFA Club Competitions,,,,,,,raw,1.0,,,USD,,https://sportscards.standard.us-east-1.oortstorages.com/new%20card%20scans%202/card%20matcher/Untitled-9_0000_Layer%2048.jpg,https://sportscards.standard.us-east-1.oortstorages.com/new%20card%20scans%202/card%20matcher/Untitled-3-back_0005_Layer%2020.jpg,,2026-02-04T01:59:04.877Z,,
2022-23 Topps Merlin Chrome UEFA Club Competitions Merlin's Masters MM10 Antony,Antony,MM10,Topps Merlin,Topps,2022-23,UEFA Club Competitions,,https://sportscards.standard.us-east-1.oortstorages.com/new%20card%20scans%202/card%20matcher/Untitled-48_0007_Layer%2021.jpg|https://sportscards.standard.us-east-1.oortstorages.com/new%20card%20scans%202/card%20matcher/Untitled-48_0001_Layer%2027.jpg,,,,,,Manchester United,c_9559e451,,2022.0,Topps Merlin,,MM10,Antony,Manchester United,UEFA Club Competitions,,,,,,,raw,1.0,,,USD,,https://sportscards.standard.us-east-1.oortstorages.com/new%20card%20scans%202/card%20matcher/Untitled-48_0007_Layer%2021.jpg,https://sportscards.standard.us-east-1.oortstorages.com/new%20card%20scans%202/card%20matcher/Untitled-48_0001_Layer%2027.jpg,,2026-02-04T01:59:04.878Z,,
2023-24 Topps Chrome UEFA Club Competitions Wonderkids WK1 Arda Guler,Arda Güler,WK1,Topps Chrome,Topps,2023-24,UEFA Club Competitions,,https://sportscards.standard.us-east-1.oortstorages.com/new%20card%20scans%202/card%20matcher/sportscards6_0007_Layer%2026.jpg|https://sportscards.standard.us-east-1.oortstorages.com/new%20card%20scans%202/card%20matcher/guler_back.png,,,,,,Real Madrid,c_e7c7700e,,2023.0,Topps Chrome,,WK1,Arda Güler,Real Madrid,UEFA Club Competitions,,,,,,,raw,1.0,,,USD,,https://sportscards.standard.us-east-1.oortstorages.com/new%20card%20scans%202/card%20matcher/sportscards6_0007_Layer%2026.jpg,https://sportscards.standard.us-east-1.oortstorages.com/new%20card%20scans%202/card%20matcher/guler_back.png,,2026-02-04T01:59:04.878Z,,
2022-23 Topps Merlin Chrome UEFA Club Competitions 43 Arda Guler,Arda Guler,43,Merlin Chrome,Topps,2022-23,UEFA,Chrome,https://sportscards.standard.us-east-1.oortstorages.com/new%20card%20scans%202/card%20matcher/firstin%20_0033_Layer%201.jpg|https://sportscards.standard.us-east-1.oortstorages.com/new%20card%20scans%202/card%20matcher/firstin%20_0027_Layer%207.jpg,,,,,,,c_92490fdf,,2022.0,Merlin Chrome,,43,Arda Guler,,UEFA,,,,,,,raw,1.0,,,USD,,https://sportscards.standard.us-east-1.oortstorages.com/new%20card%20scans%202/card%20matcher/firstin%20_0033_Layer%201.jpg,https://sportscards.standard.us-east-1.oortstorages.com/new%20card%20scans%202/card%20matcher/firstin%20_0027_Layer%207.jpg,,2026-02-04T01:59:04.876Z,,
2022-23 Topps Merlin Chrome UEFA Club Competitions 68 Benjamin Sesko Pink Mojo,Benjamin Šeško,68,Topps Chrome,Topps,2022-23,UEFA Club Competitions,,https://sportscards.standard.us-east-1.oortstorages.com/new%20card%20scans%202/card%20matcher/sportscards3_0009_Layer%209.jpg|https://sportscards.standard.us-east-1.oortstorages.com/new%20card%20scans%202/card%20matcher/sportscards3_0003_Layer%2015.jpg,,,,,,SC Freiburg,c_869c7c0f,,2022.0,Topps Chrome,,68,Benjamin Šeško,SC Freiburg,UEFA Club Competitions,,,,,,,raw,1.0,,,USD,,https://sportscards.standard.us-east-1.oortstorages.com/new%20card%20scans%202/card%20matcher/sportscards3_0009_Layer%209.jpg,https://sportscards.standard.us-east-1.oortstorages.com/new%20card%20scans%202/card%20matcher/sportscards3_0003_Layer%2015.jpg,,2026-02-04T01:59:04.878Z,,
2023-24 Topps Merlin UEFA Club Competitions 79 Bruno Fernandes Aqua Prism Refractor,Bruno Fernandes,79,Topps Merlin,Topps,2023-24,UEFA Club Competitions,,https://sportscards.standard.us-east-1.oortstorages.com/new%20card%20scans%202/card%20matcher/Untitled-11_0005_Layer%2050.jpg|https://sportscards.standard.us-east-1.oortstorages.com/new%20card%20scans%202/card%20matcher/Untitled-11-back_0005_Layer%2056.jpg,,,,,,Manchester United,c_2a60a6f6,,2023.0,Topps Merlin,,79,Bruno Fernandes,Manchester United,UEFA Club Competitions,,,,,,,raw,1.0,,,USD,,https://sportscards.standard.us-east-1.oortstorages.com/new%20card%20scans%202/card%20matcher/Untitled-11_0005_Layer%2050.jpg,https://sportscards.standard.us-east-1.oortstorages.com/new%20card%20scans%202/card%20matcher/Untitled-11-back_0005_Layer%2056.jpg,,2026-02-04T01:59:04.877Z,,
2023-24 Panini Select Premier League Select Stars 2 Bukayo Saka,Bukayo Saka,2,Panini Select Premier League Select Stars,Panini,2023-24,Premier League,,https://sportscards.standard.us-east-1.oortstorages.com/new%20card%20scans%202/card%20matcher/Untitled-24_0000_Layer%20136.jpg|https://sportscards.standard.us-east-1.oortstorages.com/new%20card%20scans%202/card%20matcher/Untitled-24-back_0002_Layer%20135.jpg,,,,,,Arsenal,c_39bf6c31,,2023.0,Panini Select Premier League Select Stars,,2,Bukayo Saka,Arsenal,Premier League,,,,,,,raw,1.0,,,USD,,https://sportscards.standard.us-east-1.oortstorages.com/new%20card%20scans%202/card%20matcher/Untitled-24_0000_Layer%20136.jpg,https://sportscards.standard.us-east-1.oortstorages.com/new%20card%20scans%202/card%20matcher/Untitled-24-back_0002_Layer%20135.jpg,,2026-02-04T01:59:04.879Z,,
2023-24 Topps Chrome Sapphire Edition UEFA Club Competitions 189 Casemiro Gold,Casemiro,189,Topps Chrome Sapphire,Topps,2023-24,UEFA Club Competitions,,https://sportscards.standard.us-east-1.oortstorages.com/new%20card%20scans%202/card%20matcher/casemiro_front_%23.png|https://sportscards.standard.us-east-1.oortstorages.com/new%20card%20scans%202/card%20matcher/casemiro_back_%23.png,,,,,,Manchester United,c_52ac02cc,,2023.0,Topps Chrome Sapphire,,189,Casemiro,Manchester United,UEFA Club Competitions,,,,,,,raw,1.0,,,USD,,https://sportscards.standard.us-east-1.oortstorages.com/new%20card%20scans%202/card%20matcher/casemiro_front_%23.png,https://sportscards.standard.us-east-1.oortstorages.com/new%20card%20scans%202/card%20matcher/casemiro_back_%23.png,,2026-02-04T01:59:04.878Z,,
2022-23 Topps Merlin Chrome UEFA Club Competitions Under 21 Stars 3 Xavi Simons,Xavi Simons,3,Topps Merlin,Topps,2022-23,UEFA Club Competitions,,https://sportscards.standard.us-east-1.oortstorages.com/new%20card%20scans%202/card%20matcher/Untitled-53_0010_Layer%2032.jpg|https://sportscards.standard.us-east-1.oortstorages.com/new%20card%20scans%202/card%20matcher/Untitled-53_0004_Layer%2038.jpg,,,,,,Paris Saint-Germain,c_c2e65339,,2022.0,Topps Merlin,,3,Xavi Simons,Paris Saint-Germain,UEFA Club Competitions,,,,,,,raw,1.0,,,USD,,https://sportscards.standard.us-east-1.oortstorages.com/new%20card%20scans%202/card%20matcher/Untitled-53_0010_Layer%2032.jpg,https://sportscards.standard.us-east-1.oortstorages.com/new%20card%20scans%202/card%20matcher/Untitled-53_0004_Layer%2038.jpg,,2026-02-04T01:59:04.878Z,,
2022-23 Topps Merlin Chrome UEFA Club Competitions Merlin's Masters MM9 Cody Gakpo,Cody Gakpo,MM9,Topps Merlin,Topps,2022-23,UEFA Club Competitions,,https://sportscards.standard.us-east-1.oortstorages.com/new%20card%20scans%202/card%20matcher/Untitled-48_0012_Layer%2016.jpg|https://sportscards.standard.us-east-1.oortstorages.com/new%20card%20scans%202/card%20matcher/Untitled-48_0005_Layer%2023.jpg,,,,,,Liverpool,c_4c4d5113,,2022.0,Topps Merlin,,MM9,Cody Gakpo,Liverpool,UEFA Club Competitions,,,,,,,raw,1.0,,,USD,,https://sportscards.standard.us-east-1.oortstorages.com/new%20card%20scans%202/card%20matcher/Untitled-48_0012_Layer%2016.jpg,https://sportscards.standard.us-east-1.oortstorages.com/new%20card%20scans%202/card%20matcher/Untitled-48_0005_Layer%2023.jpg,,2026-02-04T01:59:04.878Z,,
2022-23 Topps Merlin Chrome UEFA Club Competitions 107 Xavi Simons Aqua Prism Refractor,Xavi Simons,107,Topps Merlin,Topps,2022-23,UEFA Club Competitions,,https://sportscards.standard.us-east-1.oortstorages.com/new%20card%20scans%202/card%20matcher/Untitled-8_0003_Layer%2033.jpg|https://sportscards.standard.us-east-1.oortstorages.com/new%20card%20scans%202/card%20matcher/Untitled-8-back_0003_Layer%2039.jpg,,,,,,Paris Saint-Germain,c_5d78153e,,2022.0,Topps Merlin,,107,Xavi Simons,Paris Saint-Germain,UEFA Club Competitions,,,,,,,raw,1.0,,,USD,,https://sportscards.standard.us-east-1.oortstorages.com/new%20card%20scans%202/card%20matcher/Untitled-8_0003_Layer%2033.jpg,https://sportscards.standard.us-east-1.oortstorages.com/new%20card%20scans%202/card%20matcher/Untitled-8-back_0003_Layer%2039.jpg,,2026-02-04T01:59:04.877Z,,
2023-24 Topps Chrome UEFA Club Competitions 24 Xavi Simons Aqua Prism Refractor,Xavi Simons,24,Topps Chrome,Topps,2023-24,UEFA Club Competitions,,https://sportscards.standard.us-east-1.oortstorages.com/new%20card%20scans%202/card%20matcher/Untitled-7_0005_Layer%2029.jpg|https://sportscards.standard.us-east-1.oortstorages.com/new%20card%20scans%202/card%20matcher/Untitled-7-BACK_0005_Layer%2030.jpg,,,,,,RB Leipzig,c_2dd26104,,2023.0,Topps Chrome,,24,Xavi Simons,RB Leipzig,UEFA Club Competitions,,,,,,,raw,1.0,,,USD,,https://sportscards.standard.us-east-1.oortstorages.com/new%20card%20scans%202/card%20matcher/Untitled-7_0005_Layer%2029.jpg,https://sportscards.standard.us-east-1.oortstorages.com/new%20card%20scans%202/card%20matcher/Untitled-7-BACK_0005_Layer%2030.jpg,,2026-02-04T01:59:04.877Z,,
2023-24 Panini Select Premier League 51 Darwin Nunez Purple,Darwin Núñez,51,Panini Select,Panini,2023-24,Premier League,,https://sportscards.standard.us-east-1.oortstorages.com/new%20card%20scans%202/card%20matcher/Untitled-56_0007_Layer%2037.jpg|https://sportscards.standard.us-east-1.oortstorages.com/new%20card%20scans%202/card%20matcher/Untitled-56_0001_Layer%2043.jpg,,,,,,Liverpool,c_ed13789d,,2023.0,Panini Select,,51,Darwin Núñez,Liverpool,Premier League,,,,,,,raw,1.0,,,USD,,https://sportscards.standard.us-east-1.oortstorages.com/new%20card%20scans%202/card%20matcher/Untitled-56_0007_Layer%2037.jpg,https://sportscards.standard.us-east-1.oortstorages.com/new%20card%20scans%202/card%20matcher/Untitled-56_0001_Layer%2043.jpg,,2026-02-04T01:59:04.878Z,,
2024-25 Panini Donruss FIFA Rookie Kings 22 David Moller Wolfe,David Moller Wolfe,22,Donruss Rookie Kings,Panini,2024-25,FIFA,Rookie,https://sportscards.standard.us-east-1.oortstorages.com/new%20card%20scans%202/card%20matcher/cards2_0001_Layer-2.png|https://sportscards.standard.us-east-1.oortstorages.com/new%20card%20scans%202/card%20matcher/cards2_0007_Layer-11.png,,,,,,,c_2a1e4235,,2024.0,Donruss Rookie Kings,,22,David Moller Wolfe,,FIFA,,,,,,,raw,1.0,,,USD,,https://sportscards.standard.us-east-1.oortstorages.com/new%20card%20scans%202/card%20matcher/cards2_0001_Layer-2.png,https://sportscards.standard.us-east-1.oortstorages.com/new%20card%20scans%202/card%20matcher/cards2_0007_Layer-11.png,,2026-02-04T01:59:04.876Z,,
2022-23 Topps Merlin Chrome UEFA Club Competitions 133 Desire Doue,Desire Doue,133,Merlin Chrome,Topps,2022-23,UEFA,Chrome,https://sportscards.standard.us-east-1.oortstorages.com/new%20card%20scans%202/card%20matcher/cards_1_0004_Layer-5.png|https://sportscards.standard.us-east-1.oortstorages.com/new%20card%20scans%202/card%20matcher/cards_1_0009_Layer-6.png,,,,,Paris Saint-Germain,,c_e546c64f,,2022.0,Merlin Chrome,,133,Desire Doue,,UEFA,,,,,,,raw,1.0,,,USD,,https://sportscards.standard.us-east-1.oortstorages.com/new%20card%20scans%202/card%20matcher/cards_1_0004_Layer-5.png,https://sportscards.standard.us-east-1.oortstorages.com/new%20card%20scans%202/card%20matcher/cards_1_0009_Layer-6.png,,2026-02-04T01:59:04.876Z,,
2023-24 Topps Merlin UEFA Club Competitions Ageless Alchemy AA12 Fernando Torres,Fernando Torres,AA12,Topps Merlin,Topps,2023-24,UEFA Club Competitions,,https://sportscards.standard.us-east-1.oortstorages.com/new%20card%20scans%202/card%20matcher/Untitled-51_0007_Layer%2022.jpg|https://sportscards.standard.us-east-1.oortstorages.com/new%20card%20scans%202/card%20matcher/Untitled-51_0001_Layer%2028.jpg,,,,,,Atlético Madrid,c_d6c6b85b,,2023.0,Topps Merlin,,AA12,Fernando Torres,Atlético Madrid,UEFA Club Competitions,,,,,,,raw,1.0,,,USD,,https://sportscards.standard.us-east-1.oortstorages.com/new%20card%20scans%202/card%20matcher/Untitled-51_0007_Layer%2022.jpg,https://sportscards.standard.us-east-1.oortstorages.com/new%20card%20scans%202/card%20matcher/Untitled-51_0001_Layer%2028.jpg,,2026-02-04T01:59:04.877Z,,
2023-24 Topps Chrome UEFA Club Competitions Golazo GL14 Randal Kolo Muani,Randal Kolo Muani,GL14,Topps Chrome,Topps,2023-24,UEFA Club Competitions,,https://sportscards.standard.us-east-1.oortstorages.com/new%20card%20scans%202/card%20matcher/randal_0001_Layer%201.jpg|https://sportscards.standard.us-east-1.oortstorages.com/new%20card%20scans%202/card%20matcher/randal_0000_Layer%202.jpg,,,,,,Paris Saint-Germain,c_8ccdfcd4,,2023.0,Topps Chrome,,GL14,Randal Kolo Muani,Paris Saint-Germain,UEFA Club Competitions,,,,,,,raw,1.0,,,USD,,https://sportscards.standard.us-east-1.oortstorages.com/new%20card%20scans%202/card%20matcher/randal_0001_Layer%201.jpg,https://sportscards.standard.us-east-1.oortstorages.com/new%20card%20scans%202/card%20matcher/randal_0000_Layer%202.jpg,,2026-02-04T01:59:04.878Z,,
2023-24 Topps Merlin UEFA Club Competitions Merlin's Gamers MG23 Gabriel Jesus,Gabriel Jesus,MG23,Topps Merlin,Topps,2023-24,UEFA Club Competitions,,https://sportscards.standard.us-east-1.oortstorages.com/new%20card%20scans%202/card%20matcher/Untitled-55_0011_Layer%2033.jpg|https://sportscards.standard.us-east-1.oortstorages.com/new%20card%20scans%202/card%20matcher/Untitled-55_0005_Layer%2039.jpg,,,,,,Arsenal,c_7a65c03b,,2023.0,Topps Merlin,,MG23,Gabriel Jesus,Arsenal,UEFA Club Competitions,,,,,,,raw,1.0,,,USD,,https://sportscards.standard.us-east-1.oortstorages.com/new%20card%20scans%202/card%20matcher/Untitled-55_0011_Layer%2033.jpg,https://sportscards.standard.us-east-1.oortstorages.com/new%20card%20scans%202/card%20matcher/Untitled-55_0005_Layer%2039.jpg,,2026-02-04T01:59:04.876Z,,
2023-24 Panini Select Premier League 12 Jhon Duran,Jhon Duran,12,Select,Panini,2023-24,Premier League,Select,https://sportscards.standard.us-east-1.oortstorages.com/new%20card%20scans%202/card%20matcher/cards_1_0000_Layer-1.png|https://sportscards.standard.us-east-1.oortstorages.com/new%20card%20scans%202/card%20matcher/cards_1_0005_Layer-10.png,,,,,,,c_6d897443,,2023.0,Select,,12,Jhon Duran,,Premier League,,,,,,,raw,1.0,,,USD,,https://sportscards.standard.us-east-1.oortstorages.com/new%20card%20scans%202/card%20matcher/cards_1_0000_Layer-1.png,https://sportscards.standard.us-east-1.oortstorages.com/new%20card%20scans%202/card%20matcher/cards_1_0005_Layer-10.png,,2026-02-04T01:59:04.876Z,,
2023-24 Topps Chrome UEFA Club Competitions 117 Jonathan David Aqua Prism Refractor,Jonathan David,117,Topps Chrome,Topps,2023-24,UEFA Club Competitions,,https://sportscards.standard.us-east-1.oortstorages.com/new%20card%20scans%202/card%20matcher/Untitled-6_0003_Layer%2029.jpg|https://sportscards.standard.us-east-1.oortstorages.com/new%20card%20scans%202/card%20matcher/Untitled-6-back_0003_Layer%2030.jpg,,,,,,Lille,c_5711512f,,2023.0,Topps Chrome,,117,Jonathan David,Lille,UEFA Club Competitions,,,,,,,raw,1.0,,,USD,,https://sportscards.standard.us-east-1.oortstorages.com/new%20card%20scans%202/card%20matcher/Untitled-6_0003_Layer%2029.jpg,https://sportscards.standard.us-east-1.oortstorages.com/new%20card%20scans%202/card%20matcher/Untitled-6-back_0003_Layer%2030.jpg,,2026-02-04T01:59:04.877Z,,
2024 Topps Finest MLS 30 Gabriel Pec,Gabriel Pec,30,Topps Finest MLS,Topps,2024,MLS,,https://sportscards.standard.us-east-1.oortstorages.com/new%20card%20scans%202/card%20matcher/Untitled-16_0006_Layer%20137.jpg|https://sportscards.standard.us-east-1.oortstorages.com/new%20card%20scans%202/card%20matcher/Untitled-16_0000_Layer%20143.jpg,,,,,,LA Galaxy,c_d87fcc9e,,2024.0,Topps Finest MLS,,30,Gabriel Pec,LA Galaxy,MLS,,,,,,,raw,1.0,,,USD,,https://sportscards.standard.us-east-1.oortstorages.com/new%20card%20scans%202/card%20matcher/Untitled-16_0006_Layer%20137.jpg,https://sportscards.standard.us-east-1.oortstorages.com/new%20card%20scans%202/card%20matcher/Untitled-16_0000_Layer%20143.jpg,,2026-02-04T01:59:04.879Z,,
2023-24 Topps Chrome UEFA Club Competitions Starball Debut SD1 Thomas Muller,Thomas Müller,SD1,Topps Chrome,Topps,2023-24,UEFA Club Competitions,,https://sportscards.standard.us-east-1.oortstorages.com/new%20card%20scans%202/card%20matcher/Untitled-54_0007_Layer%2036.jpg|https://sportscards.standard.us-east-1.oortstorages.com/new%20card%20scans%202/card%20matcher/Untitled-54_0001_Layer%2042.jpg,,,,,,Bayern Munich,c_4c49611f,,2023.0,Topps Chrome,,SD1,Thomas Müller,Bayern Munich,UEFA Club Competitions,,,,,,,raw,1.0,,,USD,,https://sportscards.standard.us-east-1.oortstorages.com/new%20card%20scans%202/card%20matcher/Untitled-54_0007_Layer%2036.jpg,https://sportscards.standard.us-east-1.oortstorages.com/new%20card%20scans%202/card%20matcher/Untitled-54_0001_Layer%2042.jpg,,2026-02-04T01:59:04.878Z,,
2023-24 Topps Merlin UEFA Club Competitions Autographs Aujs Josip Sutalo,Josip Sutalo,AUJS,Topps Merlin,Topps,2023-24,UEFA Club Competitions,,https://sportscards.standard.us-east-1.oortstorages.com/new%20card%20scans%202/card%20matcher/Untitled-60_0011_Layer%2070.jpg|https://sportscards.standard.us-east-1.oortstorages.com/new%20card%20scans%202/card%20matcher/Untitled-60_0005_Layer%2076.jpg,,,,,,Ajax,c_c6c2519c,,2023.0,Topps Merlin,,AUJS,Josip Sutalo,Ajax,UEFA Club Competitions,,,,,,,raw,1.0,,,USD,,https://sportscards.standard.us-east-1.oortstorages.com/new%20card%20scans%202/card%20matcher/Untitled-60_0011_Layer%2070.jpg,https://sportscards.standard.us-east-1.oortstorages.com/new%20card%20scans%202/card%20matcher/Untitled-60_0005_Layer%2076.jpg,,2026-02-04T01:59:04.878Z,,
2022-23 Topps Merlin Chrome UEFA Club Competitions 94 Julian Alvarez,Julian Alvarez,94,Merlin Chrome,Topps,2022-23,UEFA,Chrome,https://sportscards.standard.us-east-1.oortstorages.com/new%20card%20scans%202/card%20matcher/Untitled-30_0003_Layer%2012.jpg|https://sportscards.standard.us-east-1.oortstorages.com/new%20card%20scans%202/card%20matcher/Untitled-30-back_0003_Layer%203.jpg,,,,,,,c_988f9270,,2022.0,Merlin Chrome,,94,Julian Alvarez,,UEFA,,,,,,,raw,1.0,,,USD,,https://sportscards.standard.us-east-1.oortstorages.com/new%20card%20scans%202/card%20matcher/Untitled-30_0003_Layer%2012.jpg,https://sportscards.standard.us-east-1.oortstorages.com/new%20card%20scans%202/card%20matcher/Untitled-30-back_0003_Layer%203.jpg,,2026-02-04T01:59:04.877Z,,
2023-24 Topps Chrome UEFA Club Competitions 1998 Topps Chrome Shooting Stars 98-8 Julian Alvarez,Julián Álvarez,98-8,Topps Chrome,Topps,2023-24,UEFA Club Competitions,,https://sportscards.standard.us-east-1.oortstorages.com/new%20card%20scans%202/card%20matcher/Untitled-1_0007_Layer%2041.jpg|https://sportscards.standard.us-east-1.oortstorages.com/new%20card%20scans%202/card%20matcher/Untitled-1_0001_Layer%2047.jpg,,,,,,Manchester City,c_eb6ffcfb,,2023.0,Topps Chrome,,98-8,Julián Álvarez,Manchester City,UEFA Club Competitions,,,,,,,raw,1.0,,,USD,,https://sportscards.standard.us-east-1.oortstorages.com/new%20card%20scans%202/card%20matcher/Untitled-1_0007_Layer%2041.jpg,https://sportscards.standard.us-east-1.oortstorages.com/new%20card%20scans%202/card%20matcher/Untitled-1_0001_Layer%2047.jpg,,2026-02-04T01:59:04.878Z,,
2023-24 Panini Select Premier League 110 Kai Havertz Winter Camo,Kai Havertz,110,Panini Select,Panini,2023-24,Premier League,,https://sportscards.standard.us-east-1.oortstorages.com/new%20card%20scans%202/card%20matcher/Untitled-56_0008_Layer%2036.jpg|https://sportscards.standard.us-east-1.oortstorages.com/new%20card%20scans%202/card%20matcher/Untitled-56_0002_Layer%2042.jpg,,,,,,Arsenal,c_7e32bfb3,,2023.0,Panini Select,,110,Kai Havertz,Arsenal,Premier League,,,,,,,raw,1.0,,,USD,,https://sportscards.standard.us-east-1.oortstorages.com/new%20card%20scans%202/card%20matcher/Untitled-56_0008_Layer%2036.jpg,https://sportscards.standard.us-east-1.oortstorages.com/new%20card%20scans%202/card%20matcher/Untitled-56_0002_Layer%2042.jpg,,2026-02-04T01:59:04.878Z,,
2022-23 Topps Merlin Chrome UEFA Club Competitions Ageless Alchemy AA13 Kaka,Kaká,AA13,Topps Merlin,Topps,2022-23,UEFA Club Competitions,,https://sportscards.standard.us-east-1.oortstorages.com/new%20card%20scans%202/card%20matcher/Untitled-50_0011_Layer%2017.jpg|https://sportscards.standard.us-east-1.oortstorages.com/new%20card%20scans%202/card%20matcher/Untitled-50_0005_Layer%2023.jpg,,,,,,AC Milan,c_d42955a7,,2022.0,Topps Merlin,,AA13,Kaká,AC Milan,UEFA Club Competitions,,,,,,,raw,1.0,,,USD,,https://sportscards.standard.us-east-1.oortstorages.com/new%20card%20scans%202/card%20matcher/Untitled-50_0011_Layer%2017.jpg,https://sportscards.standard.us-east-1.oortstorages.com/new%20card%20scans%202/card%20matcher/Untitled-50_0005_Layer%2023.jpg,,2026-02-04T01:59:04.878Z,,
2023-24 Topps Merlin UEFA Club Competitions 131 Thijs Dallinga Aqua Prism Refractor,Thijs Dallinga,131,Topps Merlin,Topps,2023-24,UEFA Club Competitions,,https://sportscards.standard.us-east-1.oortstorages.com/new%20card%20scans%202/card%20matcher/Untitled-6_0002_Layer%2030.jpg|https://sportscards.standard.us-east-1.oortstorages.com/new%20card%20scans%202/card%20matcher/Untitled-6-back_0002_Layer%2031.jpg,,,,,,Toulouse,c_8c8de4b,,2023.0,Topps Merlin,,131,Thijs Dallinga,Toulouse,UEFA Club Competitions,,,,,,,raw,2.0,,,USD,,https://sportscards.standard.us-east-1.oortstorages.com/new%20card%20scans%202/card%20matcher/Untitled-6_0002_Layer%2030.jpg,https://sportscards.standard.us-east-1.oortstorages.com/new%20card%20scans%202/card%20matcher/Untitled-6-back_0002_Layer%2031.jpg,,2026-02-04T01:59:04.877Z,,
2023-24 Topps Chrome UEFA Club Competitions 100 Thibaut Courtois Aqua Prism Refractor,Thibaut Courtois,100,Topps Chrome,Topps,2023-24,UEFA Club Competitions,,https://sportscards.standard.us-east-1.oortstorages.com/new%20card%20scans%202/card%20matcher/Untitled-9_0003_Layer%2045.jpg|https://sportscards.standard.us-east-1.oortstorages.com/new%20card%20scans%202/card%20matcher/Untitled-9-back_0003_Layer%2046.jpg,,,,,,Real Madrid,c_14037a03,,2023.0,Topps Chrome,,100,Thibaut Courtois,Real Madrid,UEFA Club Competitions,,,,,,,raw,1.0,,,USD,,https://sportscards.standard.us-east-1.oortstorages.com/new%20card%20scans%202/card%20matcher/Untitled-9_0003_Layer%2045.jpg,https://sportscards.standard.us-east-1.oortstorages.com/new%20card%20scans%202/card%20matcher/Untitled-9-back_0003_Layer%2046.jpg,,2026-02-04T01:59:04.877Z,,
2023-24 Topps Chrome UEFA Club Competitions 88 Teun Koopmeiners Aqua Prism Refractor,Teun Koopmeiners,88,Topps Chrome,Topps,2023-24,UEFA Club Competitions,,https://sportscards.standard.us-east-1.oortstorages.com/new%20card%20scans%202/card%20matcher/Untitled-9_0002_Layer%2046.jpg|https://sportscards.standard.us-east-1.oortstorages.com/new%20card%20scans%202/card%20matcher/Untitled-9-back_0002_Layer%2047.jpg,,,,,,Atalanta,c_1aa132ad,,2023.0,Topps Chrome,,88,Teun Koopmeiners,Atalanta,UEFA Club Competitions,,,,,,,raw,1.0,,,USD,,https://sportscards.standard.us-east-1.oortstorages.com/new%20card%20scans%202/card%20matcher/Untitled-9_0002_Layer%2046.jpg,https://sportscards.standard.us-east-1.oortstorages.com/new%20card%20scans%202/card%20matcher/Untitled-9-back_0002_Layer%2047.jpg,,2026-02-04T01:59:04.877Z,,
2023-24 Topps Chrome UEFA Club Competitions 169 Kaoru Mitoma Blue Shimmer,Kaoru Mitoma,169,Topps Chrome,Topps,2023-24,UEFA Club Competitions,,https://sportscards.standard.us-east-1.oortstorages.com/new%20card%20scans%202/card%20matcher/mitoma_shimmer_0001_Layer%206.jpg|https://sportscards.standard.us-east-1.oortstorages.com/new%20card%20scans%202/card%20matcher/mitoma_shimmer_0000_Layer%207.jpg,,,,,,Borussia Dortmund,c_797f1cf4,,2023.0,Topps Chrome,,169,Kaoru Mitoma,Borussia Dortmund,UEFA Club Competitions,,,,,,,raw,1.0,,,USD,,https://sportscards.standard.us-east-1.oortstorages.com/new%20card%20scans%202/card%20matcher/mitoma_shimmer_0001_Layer%206.jpg,https://sportscards.standard.us-east-1.oortstorages.com/new%20card%20scans%202/card%20matcher/mitoma_shimmer_0000_Layer%207.jpg,,2026-02-04T01:59:04.878Z,,
2023-24 Topps Chrome UEFA Club Competitions 73 Karim Adeyemi Blue Shimmer,Karim Adeyemi,73,Panini Select,Panini,2023-24,UEFA Club Competitions,,https://sportscards.standard.us-east-1.oortstorages.com/new%20card%20scans%202/card%20matcher/Untitled-59_0011_Layer%2058.jpg|https://sportscards.standard.us-east-1.oortstorages.com/new%20card%20scans%202/card%20matcher/Untitled-59_0005_Layer%2064.jpg,,,,,,Wolverhampton Wanderers,c_553792ae,,2023.0,Panini Select,,73,Karim Adeyemi,Wolverhampton Wanderers,UEFA Club Competitions,,,,,,,raw,1.0,,,USD,,https://sportscards.standard.us-east-1.oortstorages.com/new%20card%20scans%202/card%20matcher/Untitled-59_0011_Layer%2058.jpg,https://sportscards.standard.us-east-1.oortstorages.com/new%20card%20scans%202/card%20matcher/Untitled-59_0005_Layer%2064.jpg,,2026-02-04T01:59:04.878Z,,
2022-23 Topps Merlin Chrome UEFA Club Competitions 120 Karim Benzema Aqua Refractor,Karim Benzema,120,Topps Merlin,Topps,2022-23,UEFA Club Competitions,,https://sportscards.standard.us-east-1.oortstorages.com/new%20card%20scans%202/card%20matcher/Untitled-9_0005_Layer%2043.jpg|https://sportscards.standard.us-east-1.oortstorages.com/new%20card%20scans%202/card%20matcher/Untitled-9-back_0005_Layer%2044.jpg,,,,,,Real Madrid,c_284a1b5e,,2022.0,Topps Merlin,,120,Karim Benzema,Real Madrid,UEFA Club Competitions,,,,,,,raw,1.0,,,USD,,https://sportscards.standard.us-east-1.oortstorages.com/new%20card%20scans%202/card%20matcher/Untitled-9_0005_Layer%2043.jpg,https://sportscards.standard.us-east-1.oortstorages.com/new%20card%20scans%202/card%20matcher/Untitled-9-back_0005_Layer%2044.jpg,,2026-02-04T01:59:04.877Z,,
2023-24 Topps Chrome Bundesliga 38 Kenneth Schmidt Pink Refractor,Kenneth Schmidt,38,Topps Chrome,Topps,2023-24,Bundesliga,,https://sportscards.standard.us-east-1.oortstorages.com/new%20card%20scans%202/card%20matcher/sportscards3_0007_Layer%2011.jpg|https://sportscards.standard.us-east-1.oortstorages.com/new%20card%20scans%202/card%20matcher/sportscards3_0001_Layer%2017.jpg,,,,,,RB Leipzig,c_38d109,,2023.0,Topps Chrome,,38,Kenneth Schmidt,RB Leipzig,Bundesliga,,,,,,,raw,1.0,,,USD,,https://sportscards.standard.us-east-1.oortstorages.com/new%20card%20scans%202/card%20matcher/sportscards3_0007_Layer%2011.jpg,https://sportscards.standard.us-east-1.oortstorages.com/new%20card%20scans%202/card%20matcher/sportscards3_0001_Layer%2017.jpg,,2026-02-04T01:59:04.878Z,,
2023-24 Topps Merlin UEFA Club Competitions Mystic Nights MN15 Kevin de Bruyne,Kevin De Bruyne,MN15,Topps Merlin,Topps,2023-24,UEFA Club Competitions,,https://sportscards.standard.us-east-1.oortstorages.com/new%20card%20scans%202/card%20matcher/Untitled-59_0012_Layer%2057.jpg|https://sportscards.standard.us-east-1.oortstorages.com/new%20card%20scans%202/card%20matcher/Untitled-58_0005_Layer%2063.jpg,,,,,,Manchester City,c_5ec3a774,,2023.0,Topps Merlin,,MN15,Kevin De Bruyne,Manchester City,UEFA Club Competitions,,,,,,,raw,1.0,,,USD,,https://sportscards.standard.us-east-1.oortstorages.com/new%20card%20scans%202/card%20matcher/Untitled-59_0012_Layer%2057.jpg,https://sportscards.standard.us-east-1.oortstorages.com/new%20card%20scans%202/card%20matcher/Untitled-58_0005_Layer%2063.jpg,,2026-02-04T01:59:04.878Z,,
2023-24 Topps Chrome UEFA Club Competitions 1998 Topps Chrome Shooting Stars 98-6 Khvicha Kvaratskhelia,Khvicha Kvaratskhelia,98-6,Topps Chrome,Topps,2023-24,UEFA Club Competitions,,https://sportscards.standard.us-east-1.oortstorages.com/new%20card%20scans%202/card%20matcher/Untitled-1_0008_Layer%2040.jpg|https://sportscards.standard.us-east-1.oortstorages.com/new%20card%20scans%202/card%20matcher/Untitled-1_0002_Layer%2046.jpg,,,,,,Napoli,c_c5d42795,,2023.0,Topps Chrome,,98-6,Khvicha Kvaratskhelia,Napoli,UEFA Club Competitions,,,,,,,raw,1.0,,,USD,,https://sportscards.standard.us-east-1.oortstorages.com/new%20card%20scans%202/card%20matcher/Untitled-1_0008_Layer%2040.jpg,https://sportscards.standard.us-east-1.oortstorages.com/new%20card%20scans%202/card%20matcher/Untitled-1_0002_Layer%2046.jpg,,2026-02-04T01:59:04.878Z,,
2024-25 Topps Chrome UEFA Club Competitions Wonderkids WK11 Kjell Watjen,Kjell Watjen,WK11,Chrome Wonderkids,Topps,2024-25,UEFA,Chrome,https://sportscards.standard.us-east-1.oortstorages.com/new%20card%20scans%202/card%20matcher/cards2_0005_Layer-6.png|https://sportscards.standard.us-east-1.oortstorages.com/new%20card%20scans%202/card%20matcher/cards2_0011_Layer-7.png,,,,,,,c_fd28e581,,2024.0,Chrome Wonderkids,,WK11,Kjell Watjen,,UEFA,,,,,,,raw,1.0,,,USD,,https://sportscards.standard.us-east-1.oortstorages.com/new%20card%20scans%202/card%20matcher/cards2_0005_Layer-6.png,https://sportscards.standard.us-east-1.oortstorages.com/new%20card%20scans%202/card%20matcher/cards2_0011_Layer-7.png,,2026-02-04T01:59:04.876Z,,
2024-25 Topps Chrome UEFA Club Competitions 118 Kjell Watjen Refractor,Kjell Watjen,118,Chrome,Topps,2024-25,UEFA,"Refractor, Chrome",https://sportscards.standard.us-east-1.oortstorages.com/new%20card%20scans%202/card%20matcher/cards2_0004_Layer-5.png|https://sportscards.standard.us-east-1.oortstorages.com/new%20card%20scans%202/card%20matcher/cards2_0010_Layer-8.png,,,,,,,c_ff4b4f8d,,2024.0,Chrome,,118,Kjell Watjen,,UEFA,,,,,,,raw,2.0,,,USD,,https://sportscards.standard.us-east-1.oortstorages.com/new%20card%20scans%202/card%20matcher/cards2_0004_Layer-5.png,https://sportscards.standard.us-east-1.oortstorages.com/new%20card%20scans%202/card%20matcher/cards2_0010_Layer-8.png,,2026-02-04T01:59:04.876Z,,
2023-24 Topps Chrome UEFA Club Competitions 97 Kobbie Mainoo Aqua Prism Refractor,Kobbie Mainoo,97,Chrome,Topps,2023-24,UEFA,"Refractor, Chrome",https://sportscards.standard.us-east-1.oortstorages.com/new%20card%20scans%202/card%20matcher/Untitled-49_0008_Layer%2019.jpg|https://sportscards.standard.us-east-1.oortstorages.com/new%20card%20scans%202/card%20matcher/Untitled-49_0002_Layer%2025.jpg,,,,,,,c_c0be4da0,,2023.0,Chrome,,97,Kobbie Mainoo,,UEFA,,,,,,,raw,1.0,,,USD,,https://sportscards.standard.us-east-1.oortstorages.com/new%20card%20scans%202/card%20matcher/Untitled-49_0008_Layer%2019.jpg,https://sportscards.standard.us-east-1.oortstorages.com/new%20card%20scans%202/card%20matcher/Untitled-49_0002_Layer%2025.jpg,,2026-02-04T01:59:04.876Z,,
2023-24 Topps Merlin UEFA Club Competitions 78 Kobbie Mainoo Vintage Merlin Refractor,Kobbie Mainoo,78,Merlin,Topps,2023-24,UEFA,Refractor,https://sportscards.standard.us-east-1.oortstorages.com/new%20card%20scans%202/card%20matcher/Untitled-21_0003_Layer%20120.jpg|https://sportscards.standard.us-east-1.oortstorages.com/new%20card%20scans%202/card%20matcher/Untitled-21-BACK_0003_Layer%20121.jpg,,,,,,,c_a566b1c6,,2023.0,Merlin,,78,Kobbie Mainoo,,UEFA,,,,,,,raw,1.0,,,USD,,https://sportscards.standard.us-east-1.oortstorages.com/new%20card%20scans%202/card%20matcher/Untitled-21_0003_Layer%20120.jpg,https://sportscards.standard.us-east-1.oortstorages.com/new%20card%20scans%202/card%20matcher/Untitled-21-BACK_0003_Layer%20121.jpg,,2026-02-04T01:59:04.876Z,,
2023-24 Panini Select Premier League 70 Kobbie Mainoo Red Ice,Kobbie Mainoo,70,Select,Panini,2023-24,Premier League,Select,https://sportscards.standard.us-east-1.oortstorages.com/new%20card%20scans%202/card%20matcher/Untitled-22_0003_Layer%20121.jpg|https://sportscards.standard.us-east-1.oortstorages.com/new%20card%20scans%202/card%20matcher/Untitled-22-back_0003_Layer%20127.jpg,,,,,,,c_bc1f5bd9,,2023.0,Select,,70,Kobbie Mainoo,,Premier League,,,,,,,raw,2.0,,,USD,,https://sportscards.standard.us-east-1.oortstorages.com/new%20card%20scans%202/card%20matcher/Untitled-22_0003_Layer%20121.jpg,https://sportscards.standard.us-east-1.oortstorages.com/new%20card%20scans%202/card%20matcher/Untitled-22-back_0003_Layer%20127.jpg,,2026-02-04T01:59:04.876Z,,
2022-23 Topps Merlin Chrome UEFA Club Competitions 97 Kobbie Mainoo Aqua Prism Refractor,Kobbie Mainoo,97,Topps Merlin,Topps,2022-23,UEFA Club Competitions,,https://sportscards.standard.us-east-1.oortstorages.com/new%20card%20scans%202/card%20matcher/Untitled-49_0008_Layer%2019.jpg|https://sportscards.standard.us-east-1.oortstorages.com/new%20card%20scans%202/card%20matcher/Untitled-49_0002_Layer%2025.jpg,,,,,,Manchester United,c_f649ceba,,2022.0,Topps Merlin,,97,Kobbie Mainoo,Manchester United,UEFA Club Competitions,,,,,,,raw,1.0,,,USD,,https://sportscards.standard.us-east-1.oortstorages.com/new%20card%20scans%202/card%20matcher/Untitled-49_0008_Layer%2019.jpg,https://sportscards.standard.us-east-1.oortstorages.com/new%20card%20scans%202/card%20matcher/Untitled-49_0002_Layer%2025.jpg,,2026-02-04T01:59:04.877Z,,
2023-24 Topps Chrome UEFA Club Competitions 21 Kylian Mbappe,Kylian Mbappe,21,Chrome,Topps,2023-24,UEFA,Chrome,https://sportscards.standard.us-east-1.oortstorages.com/new%20card%20scans%202/card%20matcher/Untitled-1_0007_Layer%205.jpg|https://sportscards.standard.us-east-1.oortstorages.com/new%20card%20scans%202/card%20matcher/Untitled-1_0002_Layer%2010.jpg,,,,,,,c_4b4fe009,,2023.0,Chrome,,21,Kylian Mbappe,,UEFA,,,,,,,raw,1.0,,,USD,,https://sportscards.standard.us-east-1.oortstorages.com/new%20card%20scans%202/card%20matcher/Untitled-1_0007_Layer%205.jpg,https://sportscards.standard.us-east-1.oortstorages.com/new%20card%20scans%202/card%20matcher/Untitled-1_0002_Layer%2010.jpg,,2026-02-04T01:59:04.876Z,,
2023-24 Panini Select Premier League 227 Jhon Duran Red Ice,Jhon Duran,227,Select,Panini,2023-24,Premier League,Select,https://sportscards.standard.us-east-1.oortstorages.com/new%20card%20scans%202/card%20matcher/Untitled-45_0007_Layer%205.jpg|https://sportscards.standard.us-east-1.oortstorages.com/new%20card%20scans%202/card%20matcher/Untitled-45_0001_Layer%2011.jpg,,,,,,,c_76797293,,2023.0,Select,,227,Jhon Duran,,Premier League,,,,,,,raw,1.0,,,USD,,https://sportscards.standard.us-east-1.oortstorages.com/new%20card%20scans%202/card%20matcher/Untitled-45_0007_Layer%205.jpg,https://sportscards.standard.us-east-1.oortstorages.com/new%20card%20scans%202/card%20matcher/Untitled-45_0001_Layer%2011.jpg,,2026-02-04T01:59:04.876Z,,
2024 Topps Finest MLS Prized Footballers PF23 Joseph Paintsil,Joseph Paintsil,PF23,Topps Finest MLS,Topps,2024,MLS,,https://sportscards.standard.us-east-1.oortstorages.com/new%20card%20scans%202/card%20matcher/Untitled-17_0009_Layer%20146.jpg|https://sportscards.standard.us-east-1.oortstorages.com/new%20card%20scans%202/card%20matcher/Untitled-17_0003_Layer%20152.jpg,,,,,,LA Galaxy,c_7750060d,,2024.0,Topps Finest MLS,,PF23,Joseph Paintsil,LA Galaxy,MLS,,,,,,,raw,1.0,,,USD,,https://sportscards.standard.us-east-1.oortstorages.com/new%20card%20scans%202/card%20matcher/Untitled-17_0009_Layer%20146.jpg,https://sportscards.standard.us-east-1.oortstorages.com/new%20card%20scans%202/card%20matcher/Untitled-17_0003_Layer%20152.jpg,,2026-02-04T01:59:04.879Z,,
2023-24 Topps UEFA Club Competitions 83 Hyunjun Yang Purple Foilboard,Hyunjun Yang,83,Topps,Topps,2023-24,UEFA Club Competitions,,https://sportscards.standard.us-east-1.oortstorages.com/new%20card%20scans%202/card%20matcher/UntfinL_0003_Layer%202.jpg|https://sportscards.standard.us-east-1.oortstorages.com/new%20card%20scans%202/card%20matcher/UntfinL_0000_Layer%205.jpg,,,,,,Celtic,c_e44d5fe8,,2023.0,Topps,,83,Hyunjun Yang,Celtic,UEFA Club Competitions,,,,,,,raw,1.0,,,USD,,https://sportscards.standard.us-east-1.oortstorages.com/new%20card%20scans%202/card%20matcher/UntfinL_0003_Layer%202.jpg,https://sportscards.standard.us-east-1.oortstorages.com/new%20card%20scans%202/card%20matcher/UntfinL_0000_Layer%205.jpg,,2026-02-04T01:59:04.878Z,,
2023-24 Topps Chrome UEFA Club Competitions London Calling LC10 Victor Osimhen,Victor Osimhen,LC10,Topps Chrome,Topps,2023-24,UEFA Club Competitions,,https://sportscards.standard.us-east-1.oortstorages.com/new%20card%20scans%202/card%20matcher/Untitled-47_0008_Layer%2018.jpg|https://sportscards.standard.us-east-1.oortstorages.com/new%20card%20scans%202/card%20matcher/Untitled-47_0001_Layer%2024.jpg,,,,,,Napoli,c_ace800f9,,2023.0,Topps Chrome,,LC10,Victor Osimhen,Napoli,UEFA Club Competitions,,,,,,,raw,1.0,,,USD,,https://sportscards.standard.us-east-1.oortstorages.com/new%20card%20scans%202/card%20matcher/Untitled-47_0008_Layer%2018.jpg,https://sportscards.standard.us-east-1.oortstorages.com/new%20card%20scans%202/card%20matcher/Untitled-47_0001_Layer%2024.jpg,,2026-02-04T01:59:04.878Z,,
2023-24 Topps Chrome UEFA Club Competitions Wonderkids WK5 Hakon Haraldsson,Håkon Haraldsson,WK5,Topps Chrome,Topps,2023-24,UEFA Club Competitions,,https://sportscards.standard.us-east-1.oortstorages.com/new%20card%20scans%202/card%20matcher/sportscards6_0006_Layer%2027.jpg|https://sportscards.standard.us-east-1.oortstorages.com/new%20card%20scans%202/card%20matcher/sportscards6_0000_Layer%2033.jpg,,,,,,AS Monaco,c_1c8f72ea,,2023.0,Topps Chrome,,WK5,Håkon Haraldsson,AS Monaco,UEFA Club Competitions,,,,,,,raw,1.0,,,USD,,https://sportscards.standard.us-east-1.oortstorages.com/new%20card%20scans%202/card%20matcher/sportscards6_0006_Layer%2027.jpg,https://sportscards.standard.us-east-1.oortstorages.com/new%20card%20scans%202/card%20matcher/sportscards6_0000_Layer%2033.jpg,,2026-02-04T01:59:04.878Z,,
2022-23 Topps Merlin Chrome UEFA Club Competitions 100 Hugo Ekitike,Hugo Ekitike,100,Merlin Chrome,Topps,2022-23,UEFA,Chrome,https://sportscards.standard.us-east-1.oortstorages.com/new%20card%20scans%202/card%20matcher/cards3_0004_Layer-5.png|https://sportscards.standard.us-east-1.oortstorages.com/new%20card%20scans%202/card%20matcher/cards3_0010_Layer-8.png,,,,,Paris Saint-Germain,,c_bdc51ca9,,2022.0,Merlin Chrome,,100,Hugo Ekitike,,UEFA,,,,,,,raw,1.0,,,USD,,https://sportscards.standard.us-east-1.oortstorages.com/new%20card%20scans%202/card%20matcher/cards3_0004_Layer-5.png,https://sportscards.standard.us-east-1.oortstorages.com/new%20card%20scans%202/card%20matcher/cards3_0010_Layer-8.png,,2026-02-04T01:59:04.877Z,,
2022-23 Topps Merlin Chrome UEFA Club Competitions Ageless Alchemy AA15 Harry Kewell,Harry Kewell,AA15,Topps Merlin,Topps,2022-23,UEFA Club Competitions,,https://sportscards.standard.us-east-1.oortstorages.com/new%20card%20scans%202/card%20matcher/Untitled-51_0008_Layer%2021.jpg|https://sportscards.standard.us-east-1.oortstorages.com/new%20card%20scans%202/card%20matcher/Untitled-51_0002_Layer%2027.jpg,,,,,,Leeds United,c_903866e1,,2022.0,Topps Merlin,,AA15,Harry Kewell,Leeds United,UEFA Club Competitions,,,,,,,raw,1.0,,,USD,,https://sportscards.standard.us-east-1.oortstorages.com/new%20card%20scans%202/card%20matcher/Untitled-51_0008_Layer%2021.jpg,https://sportscards.standard.us-east-1.oortstorages.com/new%20card%20scans%202/card%20matcher/Untitled-51_0002_Layer%2027.jpg,,2026-02-04T01:59:04.878Z,,
2023-24 Topps Chrome UEFA Club Competitions 50 Harry Kane Prism Refractor,Harry Kane,50,Topps Chrome,Topps,2023-24,UEFA Club Competitions,,https://sportscards.standard.us-east-1.oortstorages.com/new%20card%20scans%202/card%20matcher/Untitled-5_0005_Layer%2020.jpg|https://sportscards.standard.us-east-1.oortstorages.com/new%20card%20scans%202/card%20matcher/Untitled-5-back_0005_Layer%2026.jpg,,,,,,Bayern Munich,c_6b140331,,2023.0,Topps Chrome,,50,Harry Kane,Bayern Munich,UEFA Club Competitions,,,,,,,raw,1.0,,,USD,,https://sportscards.standard.us-east-1.oortstorages.com/new%20card%20scans%202/card%20matcher/Untitled-5_0005_Layer%2020.jpg,https://sportscards.standard.us-east-1.oortstorages.com/new%20card%20scans%202/card%20matcher/Untitled-5-back_0005_Layer%2026.jpg,,2026-02-04T01:59:04.877Z,,
2023-24 Topps Chrome UEFA Club Competitions 102 Guus Til Aqua Prism Refractor,Guus Til,102,Topps Chrome,Topps,2023-24,UEFA Club Competitions,,https://sportscards.standard.us-east-1.oortstorages.com/new%20card%20scans%202/card%20matcher/Untitled-8_0004_Layer%2032.jpg|https://sportscards.standard.us-east-1.oortstorages.com/new%20card%20scans%202/card%20matcher/Untitled-8-back_0004_Layer%2038.jpg,,,,,,PSV Eindhoven,c_855b5e9,,2023.0,Topps Chrome,,102,Guus Til,PSV Eindhoven,UEFA Club Competitions,,,,,,,raw,1.0,,,USD,,https://sportscards.standard.us-east-1.oortstorages.com/new%20card%20scans%202/card%20matcher/Untitled-8_0004_Layer%2032.jpg,https://sportscards.standard.us-east-1.oortstorages.com/new%20card%20scans%202/card%20matcher/Untitled-8-back_0004_Layer%2038.jpg,,2026-02-04T01:59:04.877Z,,
2023-24 Topps Chrome UEFA Club Competitions London Calling LC15 Gustav Isaksen,Gustav Isaksen,LC15,Topps Chrome,Topps,2023-24,UEFA Club Competitions,,https://sportscards.standard.us-east-1.oortstorages.com/new%20card%20scans%202/card%20matcher/Untitled-47_0010_Layer%2016.jpg|https://sportscards.standard.us-east-1.oortstorages.com/new%20card%20scans%202/card%20matcher/Untitled-47_0003_Layer%2022.jpg,,,,,,Lazio,c_3937d750,,2023.0,Topps Chrome,,LC15,Gustav Isaksen,Lazio,UEFA Club Competitions,,,,,,,raw,1.0,,,USD,,https://sportscards.standard.us-east-1.oortstorages.com/new%20card%20scans%202/card%20matcher/Untitled-47_0010_Layer%2016.jpg,https://sportscards.standard.us-east-1.oortstorages.com/new%20card%20scans%202/card%20matcher/Untitled-47_0003_Layer%2022.jpg,,2026-02-04T01:59:04.878Z,,
2023-24 Panini Select Premier League 87 Guglielmo Vicario White Ice,Guglielmo Vicario,87,Select,Panini,2023-24,Premier League,Select,https://sportscards.standard.us-east-1.oortstorages.com/new%20card%20scans%202/card%20matcher/Untitled-18_0005_Layer%2092.jpg|https://sportscards.standard.us-east-1.oortstorages.com/new%20card%20scans%202/card%20matcher/Untitled-18-back_0005_Layer%2098.jpg,,,,,,,c_11d3cdcc,,2023.0,Select,,87,Guglielmo Vicario,,Premier League,,,,,,,raw,1.0,,,USD,,https://sportscards.standard.us-east-1.oortstorages.com/new%20card%20scans%202/card%20matcher/Untitled-18_0005_Layer%2092.jpg,https://sportscards.standard.us-east-1.oortstorages.com/new%20card%20scans%202/card%20matcher/Untitled-18-back_0005_Layer%2098.jpg,,2026-02-04T01:59:04.876Z,,
2023-24 Panini Prizm Premier League 102 Ilya Zabarnyi,Ilya Zabarnyi,102,Prizm,Panini,2023-24,Premier League,Prizm,https://sportscards.standard.us-east-1.oortstorages.com/new%20card%20scans%202/card%20matcher/Untitled-40_0000_Layer%208.jpg|https://sportscards.standard.us-east-1.oortstorages.com/new%20card%20scans%202/card%20matcher/Untitled-40-back_0000_Layer%208.jpg,,,,,,,c_b2cdd85f,,2023.0,Prizm,,102,Ilya Zabarnyi,,Premier League,,,,,,,raw,1.0,,,USD,,https://sportscards.standard.us-east-1.oortstorages.com/new%20card%20scans%202/card%20matcher/Untitled-40_0000_Layer%208.jpg,https://sportscards.standard.us-east-1.oortstorages.com/new%20card%20scans%202/card%20matcher/Untitled-40-back_0000_Layer%208.jpg,,2026-02-04T01:59:04.876Z,,
2023-24 Topps Merlin UEFA Club Competitions 125 Giacomo Raspadori Aqua Prism Refractor,Giacomo Raspadori,125,Topps Merlin,Topps,2023-24,UEFA Club Competitions,,https://sportscards.standard.us-east-1.oortstorages.com/new%20card%20scans%202/card%20matcher/Untitled-1_0010_Layer%2038.jpg|https://sportscards.standard.us-east-1.oortstorages.com/new%20card%20scans%202/card%20matcher/Untitled-4-back_0003_Layer%2020.jpg,,,,,,Napoli,c_6fe6b31c,,2023.0,Topps Merlin,,125,Giacomo Raspadori,Napoli,UEFA Club Competitions,,,,,,,raw,1.0,,,USD,,https://sportscards.standard.us-east-1.oortstorages.com/new%20card%20scans%202/card%20matcher/Untitled-1_0010_Layer%2038.jpg,https://sportscards.standard.us-east-1.oortstorages.com/new%20card%20scans%202/card%20matcher/Untitled-4-back_0003_Layer%2020.jpg,,2026-02-04T01:59:04.877Z,,
2023-24 Topps Chrome UEFA Club Competitions 109 Ismaila Sarr Aqua Prism Refractor,Ismaila Sarr,109,Topps Chrome,Topps,2023-24,UEFA Club Competitions,,https://sportscards.standard.us-east-1.oortstorages.com/new%20card%20scans%202/card%20matcher/Untitled-5_0001_Layer%2024.jpg|https://sportscards.standard.us-east-1.oortstorages.com/new%20card%20scans%202/card%20matcher/Untitled-5-back_0001_Layer%2030.jpg,,,,,,Marseille,c_c3399e4d,,2023.0,Topps Chrome,,109,Ismaila Sarr,Marseille,UEFA Club Competitions,,,,,,,raw,1.0,,,USD,,https://sportscards.standard.us-east-1.oortstorages.com/new%20card%20scans%202/card%20matcher/Untitled-5_0001_Layer%2024.jpg,https://sportscards.standard.us-east-1.oortstorages.com/new%20card%20scans%202/card%20matcher/Untitled-5-back_0001_Layer%2030.jpg,,2026-02-04T01:59:04.877Z,,
2022-23 Topps Merlin Chrome UEFA Club Competitions Under 21 Stars 6 Gavi,Gavi,6,Topps Merlin,Topps,2022-23,UEFA Club Competitions,,https://sportscards.standard.us-east-1.oortstorages.com/new%20card%20scans%202/card%20matcher/Untitled-53_0011_Layer%2031.jpg|https://sportscards.standard.us-east-1.oortstorages.com/new%20card%20scans%202/card%20matcher/Untitled-53_0005_Layer%2037.jpg,,,,,,Barcelona,c_79129232,,2022.0,Topps Merlin,,6,Gavi,Barcelona,UEFA Club Competitions,,,,,,,raw,1.0,,,USD,,https://sportscards.standard.us-east-1.oortstorages.com/new%20card%20scans%202/card%20matcher/Untitled-53_0011_Layer%2031.jpg,https://sportscards.standard.us-east-1.oortstorages.com/new%20card%20scans%202/card%20matcher/Untitled-53_0005_Layer%2037.jpg,,2026-02-04T01:59:04.878Z,,
2022-23 Topps Merlin Chrome UEFA Club Competitions 87 Harvey Elliott Aqua Prism Refractor,Harvey Elliott,87,Topps Merlin,Topps,2022-23,UEFA Club Competitions,,https://sportscards.standard.us-east-1.oortstorages.com/new%20card%20scans%202/card%20matcher/Untitled-11_0003_Layer%2052.jpg|https://sportscards.standard.us-east-1.oortstorages.com/new%20card%20scans%202/card%20matcher/Untitled-11-back_0003_Layer%2058.jpg,,,,,,Liverpool,c_1e691dba,,2022.0,Topps Merlin,,87,Harvey Elliott,Liverpool,UEFA Club Competitions,,,,,,,raw,1.0,,,USD,,https://sportscards.standard.us-east-1.oortstorages.com/new%20card%20scans%202/card%20matcher/Untitled-11_0003_Layer%2052.jpg,https://sportscards.standard.us-east-1.oortstorages.com/new%20card%20scans%202/card%20matcher/Untitled-11-back_0003_Layer%2058.jpg,,2026-02-04T01:59:04.877Z,,
2023-24 Topps Chrome UEFA Club Competitions 124 Jack Grealish Aqua Prism Refractor,Jack Grealish,124,Topps Chrome,Topps,2023-24,UEFA Club Competitions,,https://sportscards.standard.us-east-1.oortstorages.com/new%20card%20scans%202/card%20matcher/Untitled-11_0002_Layer%2053.jpg|https://sportscards.standard.us-east-1.oortstorages.com/new%20card%20scans%202/card%20matcher/Untitled-11-back_0002_Layer%2059.jpg,,,,,,Manchester City,c_6cefab94,,2023.0,Topps Chrome,,124,Jack Grealish,Manchester City,UEFA Club Competitions,,,,,,,raw,1.0,,,USD,,https://sportscards.standard.us-east-1.oortstorages.com/new%20card%20scans%202/card%20matcher/Untitled-11_0002_Layer%2053.jpg,https://sportscards.standard.us-east-1.oortstorages.com/new%20card%20scans%202/card%20matcher/Untitled-11-back_0002_Layer%2059.jpg,,2026-02-04T01:59:04.877Z,,
2022-23 Topps Merlin Chrome UEFA Club Competitions 48 Gavi Neon Green Shimmer,Gavi,48,Topps Merlin,Topps,2022-23,UEFA Club Competitions,,https://sportscards.standard.us-east-1.oortstorages.com/new%20card%20scans%202/card%20matcher/Untitled-59_0009_Layer%2060.jpg|https://sportscards.standard.us-east-1.oortstorages.com/new%20card%20scans%202/card%20matcher/Untitled-59_0003_Layer%2066.jpg,,,,,,Barcelona,c_cc940e46,,2022.0,Topps Merlin,,48,Gavi,Barcelona,UEFA Club Competitions,,,,,,,raw,1.0,,,USD,,https://sportscards.standard.us-east-1.oortstorages.com/new%20card%20scans%202/card%20matcher/Untitled-59_0009_Layer%2060.jpg,https://sportscards.standard.us-east-1.oortstorages.com/new%20card%20scans%202/card%20matcher/Untitled-59_0003_Layer%2066.jpg,,2026-02-04T01:59:04.878Z,,
2023-24 Topps Chrome UEFA Club Competitions 63 Gavi Aqua Prism Refractor,Gavi,63,Topps Chrome,Topps,2023-24,UEFA Club Competitions,,https://sportscards.standard.us-east-1.oortstorages.com/new%20card%20scans%202/card%20matcher/Untitled-7_0001_Layer%2033.jpg|https://sportscards.standard.us-east-1.oortstorages.com/new%20card%20scans%202/card%20matcher/Untitled-7-BACK_0001_Layer%2034.jpg,,,,,,Barcelona,c_6a92d4f,,2023.0,Topps Chrome,,63,Gavi,Barcelona,UEFA Club Competitions,,,,,,,raw,1.0,,,USD,,https://sportscards.standard.us-east-1.oortstorages.com/new%20card%20scans%202/card%20matcher/Untitled-7_0001_Layer%2033.jpg,https://sportscards.standard.us-east-1.oortstorages.com/new%20card%20scans%202/card%20matcher/Untitled-7-BACK_0001_Layer%2034.jpg,,2026-02-04T01:59:04.877Z,,
2023-24 Topps Merlin UEFA Club Competitions Mystic Nights MN12 Victor Boniface,Victor Boniface,MN12,Topps Merlin,Topps,2023-24,UEFA Club Competitions,,https://sportscards.standard.us-east-1.oortstorages.com/new%20card%20scans%202/card%20matcher/Untitled-58_0010_Layer%2058.jpg|https://sportscards.standard.us-east-1.oortstorages.com/new%20card%20scans%202/card%20matcher/Untitled-58_0004_Layer%2064.jpg,,,,,,Bayer Leverkusen,c_132dc004,,2023.0,Topps Merlin,,MN12,Victor Boniface,Bayer Leverkusen,UEFA Club Competitions,,,,,,,raw,1.0,,,USD,,https://sportscards.standard.us-east-1.oortstorages.com/new%20card%20scans%202/card%20matcher/Untitled-58_0010_Layer%2058.jpg,https://sportscards.standard.us-east-1.oortstorages.com/new%20card%20scans%202/card%20matcher/Untitled-58_0004_Layer%2064.jpg,,2026-02-04T01:59:04.878Z,,
2024-25 Panini Donruss FIFA 164 Victor Boniface,Victor Boniface,164,Panini Donruss FIFA,Panini,2024-25,FIFA,,https://sportscards.standard.us-east-1.oortstorages.com/new%20card%20scans%202/card%20matcher/Untitled-23_0008_Layer%20174.jpg|https://sportscards.standard.us-east-1.oortstorages.com/new%20card%20scans%202/card%20matcher/Untitled-23_0002_Layer%20180.jpg,,,,,,Nigeria,c_4fd6656a,,2024.0,Panini Donruss FIFA,,164,Victor Boniface,Nigeria,FIFA,,,,,,,raw,1.0,,,USD,,https://sportscards.standard.us-east-1.oortstorages.com/new%20card%20scans%202/card%20matcher/Untitled-23_0008_Layer%20174.jpg,https://sportscards.standard.us-east-1.oortstorages.com/new%20card%20scans%202/card%20matcher/Untitled-23_0002_Layer%20180.jpg,,2026-02-04T01:59:04.879Z,,
2024 Topps Finest MLS Prized Footballers PF20 Gabriel Pec,Gabriel Pec,PF20,Topps Finest MLS,Topps,2024,MLS,,https://sportscards.standard.us-east-1.oortstorages.com/new%20card%20scans%202/card%20matcher/Untitled-17_0011_Layer%20144.jpg|https://sportscards.standard.us-east-1.oortstorages.com/new%20card%20scans%202/card%20matcher/Untitled-17_0005_Layer%20150.jpg,,,,,,LA Galaxy,c_721e9435,,2024.0,Topps Finest MLS,,PF20,Gabriel Pec,LA Galaxy,MLS,,,,,,,raw,1.0,,,USD,,https://sportscards.standard.us-east-1.oortstorages.com/new%20card%20scans%202/card%20matcher/Untitled-17_0011_Layer%20144.jpg,https://sportscards.standard.us-east-1.oortstorages.com/new%20card%20scans%202/card%20matcher/Untitled-17_0005_Layer%20150.jpg,,2026-02-04T01:59:04.879Z,,
2023-24 Topps Merlin UEFA Club Competitions 25 Jamie Bynoe-Gittens Rose Gold Shimmer,Jamie Bynoe-Gittens,25,Topps Merlin,Topps,2023-24,UEFA Club Competitions,,https://sportscards.standard.us-east-1.oortstorages.com/new%20card%20scans%202/card%20matcher/Untitled-55_0006_Layer%2038.jpg|https://sportscards.standard.us-east-1.oortstorages.com/new%20card%20scans%202/card%20matcher/Untitled-55_0000_Layer%2044.jpg,,,,,,Bayern Munich,c_5f4b9d81,,2023.0,Topps Merlin,,25,Jamie Bynoe-Gittens,Bayern Munich,UEFA Club Competitions,,,,,,,raw,1.0,,,USD,,https://sportscards.standard.us-east-1.oortstorages.com/new%20card%20scans%202/card%20matcher/Untitled-55_0006_Layer%2038.jpg,https://sportscards.standard.us-east-1.oortstorages.com/new%20card%20scans%202/card%20matcher/Untitled-55_0000_Layer%2044.jpg,,2026-02-04T01:59:04.878Z,,
2022-23 Topps Merlin Chrome UEFA Club Competitions 28 Jan Oblak Aqua Prism Refractor,Jan Oblak,28,Topps Merlin,Topps,2022-23,UEFA Club Competitions,,https://sportscards.standard.us-east-1.oortstorages.com/new%20card%20scans%202/card%20matcher/Untitled-9_0001_Layer%2047.jpg|https://sportscards.standard.us-east-1.oortstorages.com/new%20card%20scans%202/card%20matcher/Untitled-9-back_0001_Layer%2048.jpg,,,,,,Atlético Madrid,c_db28af43,,2022.0,Topps Merlin,,28,Jan Oblak,Atlético Madrid,UEFA Club Competitions,,,,,,,raw,1.0,,,USD,,https://sportscards.standard.us-east-1.oortstorages.com/new%20card%20scans%202/card%20matcher/Untitled-9_0001_Layer%2047.jpg,https://sportscards.standard.us-east-1.oortstorages.com/new%20card%20scans%202/card%20matcher/Untitled-9-back_0001_Layer%2048.jpg,,2026-02-04T01:59:04.877Z,,
2022-23 Topps Merlin Chrome UEFA Club Competitions 115 Timo Werner Aqua Prism Refractor,Timo Werner,115,Topps Merlin,Topps,2022-23,UEFA Club Competitions,,https://sportscards.standard.us-east-1.oortstorages.com/new%20card%20scans%202/card%20matcher/Untitled-7_0003_Layer%2031.jpg|https://sportscards.standard.us-east-1.oortstorages.com/new%20card%20scans%202/card%20matcher/Untitled-7-BACK_0003_Layer%2032.jpg,,,,,,RB Leipzig,c_f084fb7a,,2022.0,Topps Merlin,,115,Timo Werner,RB Leipzig,UEFA Club Competitions,,,,,,,raw,1.0,,,USD,,https://sportscards.standard.us-east-1.oortstorages.com/new%20card%20scans%202/card%20matcher/Untitled-7_0003_Layer%2031.jpg,https://sportscards.standard.us-east-1.oortstorages.com/new%20card%20scans%202/card%20matcher/Untitled-7-BACK_0003_Layer%2032.jpg,,2026-02-04T01:59:04.877Z,,
2023-24 Panini Select Premier League Unstoppable 20 Hee-Chan Hwang,Hee-Chan Hwang,20,Panini Select Premier League,Panini,2023–24,Premier League,,https://sportscards.standard.us-east-1.oortstorages.com/new%20card%20scans%202/card%20matcher/Untitled-16_0001_Layer%2093.jpg|https://sportscards.standard.us-east-1.oortstorages.com/new%20card%20scans%202/card%20matcher/Untitled-16-back_0001_Layer%2093.jpg,,,,,,Wolverhampton Wanderers,c_23855c6f,,2023.0,Panini Select Premier League,,20,Hee-Chan Hwang,Wolverhampton Wanderers,Premier League,,,,,,,raw,1.0,,,USD,,https://sportscards.standard.us-east-1.oortstorages.com/new%20card%20scans%202/card%20matcher/Untitled-16_0001_Layer%2093.jpg,https://sportscards.standard.us-east-1.oortstorages.com/new%20card%20scans%202/card%20matcher/Untitled-16-back_0001_Layer%2093.jpg,,2026-02-04T01:59:04.879Z,,
2023-24 Panini Select Premier League 22 Solly March Red Ice,Solly March,22,2023-24 Panini Select Premier League,Panini,2023-24,Premier League,Red Ice,https://sportscards.standard.us-east-1.oortstorages.com/new%20card%20scans%202/card%20matcher/card%20matcher/Untitled-36_0001_Layer%2024.jpg  | https://sportscards.standard.us-east-1.oortstorages.com/new%20card%20scans%202/card%20matcher/card%20matcher/Untitled-36-back_0001_Layer%2030.jpg,,,,,,Brighton & Hove Albion,,,,,,,,,,,,,,,,,,,,,,,,,,,
2024 Topps Finest MLS MLS Pop Art PA14 Zlatan Ibrahimovic,Zlatan Ibrahimovic,2024,Finest Pop Art,Topps,2024,MLS,,https://sportscards.standard.us-east-1.oortstorages.com/new%20card%20scans%202/card%20matcher/Untitled-8_0009_Layer%2071.jpg|https://sportscards.standard.us-east-1.oortstorages.com/new%20card%20scans%202/card%20matcher/Untitled-8_0004_Layer%2076.jpg,,,,,,,c_a114d802,,2024.0,Finest Pop Art,,2024,Zlatan Ibrahimovic,,MLS,,,,,,,raw,1.0,,,USD,,https://sportscards.standard.us-east-1.oortstorages.com/new%20card%20scans%202/card%20matcher/Untitled-8_0009_Layer%2071.jpg,https://sportscards.standard.us-east-1.oortstorages.com/new%20card%20scans%202/card%20matcher/Untitled-8_0004_Layer%2076.jpg,,2026-02-04T01:59:04.876Z,,
2023-24 Panini Select Premier League 2 Ryan Christie,Ryan Christie,2,2023-24 Panini Select Premier League,Panini,2023-24,Premier League,Base,https://sportscards.standard.us-east-1.oortstorages.com/new%20card%20scans%202/card%20matcher/card%20matcher/Untitled-40_0001_Layer%207.jpg  | https://sportscards.standard.us-east-1.oortstorages.com/new%20card%20scans%202/card%20matcher/card%20matcher/Untitled-40-back_0001_Layer%207.jpg,,,,,,Bournemouth,,,,,,,,,,,,,,,,,,,,,,,,,,,
2023-24 Panini Select Premier League Select Stars 6 Sander Berge,Sander Berge,6,2023-24 Panini Select Premier League,Panini,2023-24,Premier League,Select Stars,https://sportscards.standard.us-east-1.oortstorages.com/new%20card%20scans%202/card%20matcher/card%20matcher/Untitled-43_0005_Layer%2025.jpg  | https://sportscards.standard.us-east-1.oortstorages.com/new%20card%20scans%202/card%20matcher/card%20matcher/Untitled-43_0001_Layer%2029.jpg,,,,,,Burnley,,,,,,,,,,,,,,,,,,,,,,,,,,,
2023-24 Panini Select Premier League 27 Wilson Odobert Red Ice,Wilson Odobert,27,2023-24 Panini Select Premier League,Panini,2023-24,Premier League,Red Ice,https://sportscards.standard.us-east-1.oortstorages.com/new%20card%20scans%202/card%20matcher/card%20matcher/Untitled-13_0008_Layer%2014.jpg  | https://sportscards.standard.us-east-1.oortstorages.com/new%20card%20scans%202/card%20matcher/card%20matcher/Untitled-13_0002_Layer%2020.jpg,,,,,,Burnley,,,,,,,,,,,,,,,,,,,,,,,,,,,
2023-24 Panini Select Premier League 19 Aaron Hickey Red Ice,Aaron Hickey,19,2023-24 Panini Select Premier League,Panini,2023-24,Premier League,Red Ice,https://sportscards.standard.us-east-1.oortstorages.com/new%20card%20scans%202/card%20matcher/card%20matcher/Untitled-46_0005_Layer%2018.jpg  | https://sportscards.standard.us-east-1.oortstorages.com/new%20card%20scans%202/card%20matcher/card%20matcher/Untitled-46_0000_Layer%2024.jpg,,,,,,Brentford,,,,,,,,,,,,,,,,,,,,,,,,,,,
2024 Topps Finest MLS 47 Diogo Goncalves Gold Refractor,Diogo Goncalves,47,2024 Topps Finest MLS,Topps,2023-24,MLS,Gold Refractor,https://sportscards.standard.us-east-1.oortstorages.com/new%20card%20scans%202/card%20matcher/card%20matcher/Untitled-1_0042_Layer%206.jpg | https://sportscards.standard.us-east-1.oortstorages.com/new%20card%20scans%202/card%20matcher/card%20matcher/Untitled-1_0037_Layer%2011.jpg,,,,,,Real Salt Lake,,,,,,,,,,,,,,,,,,,,,,,,,,,
2023-24 Panini Select Premier League 101 Dominic Solanke Red Ice,Dominic Solanke,101,2023-24 Panini Select Premier League,Panini,2023-24,Premier League,Red Ice,https://sportscards.standard.us-east-1.oortstorages.com/new%20card%20scans%202/card%20matcher/card%20matcher/Untitled-40_0003_Layer%205.jpg  | https://sportscards.standard.us-east-1.oortstorages.com/new%20card%20scans%202/card%20matcher/card%20matcher/Untitled-40-back_0003_Layer%205.jpg,,,,,,Bournemouth,,,,,,,,,,,,,,,,,,,,,,,,,,,
2023-24 Panini Select Premier League 201 Dominic Solanke Red Ice,Dominic Solanke,201,2023-24 Panini Select Premier League,Panini,2023-24,Premier League,Red Ice,https://sportscards.standard.us-east-1.oortstorages.com/new%20card%20scans%202/card%20matcher/card%20matcher/Untitled-40_0004_Layer%204.jpg  | https://sportscards.standard.us-east-1.oortstorages.com/new%20card%20scans%202/card%20matcher/card%20matcher/Untitled-40-back_0004_Layer%204.jpg,,,,,,Bournemouth,,,,,,,,,,,,,,,,,,,,,,,,,,,
2023-24 Panini Select Premier League 234 Eberechi Eze Red Ice,Eberechi Eze,234,2023-24 Panini Select Premier League,Panini,2023-24,Premier League,Red Ice,https://sportscards.standard.us-east-1.oortstorages.com/new%20card%20scans%202/card%20matcher/card%20matcher/Untitled-39_0002_Layer%2050.jpg  | https://sportscards.standard.us-east-1.oortstorages.com/new%20card%20scans%202/card%20matcher/card%20matcher/Untitled-39-back_0002_Layer%2056.jpg,,,,,,Crystal Palace,,,,,,,,,,,,,,,,,,,,,,,,,,,
2023-24 Panini Select Premier League 228 Ivan Toney Pink Ice,Ivan Toney,228,2023-24 Panini Select Premier League,Panini,2023-24,Premier League,Pink Ice,https://sportscards.standard.us-east-1.oortstorages.com/new%20card%20scans%202/card%20matcher/card%20matcher/Untitled-13_0001_Layer%2079.jpg  | https://sportscards.standard.us-east-1.oortstorages.com/new%20card%20scans%202/card%20matcher/card%20matcher/Untitled-46_0004_Layer%2019.jpg,,,,,,Brentford,,,,,,,,,,,,,,,,,,,,,,,,,,,
2024 Topps Finest MLS 29 Daniel Gazdag Orange Refractor,Daniel Gazdag,29,2024 Topps Finest MLS,Topps,2023-24,MLS,Orange Refractor,https://sportscards.standard.us-east-1.oortstorages.com/new%20card%20scans%202/card%20matcher/card%20matcher/Untitled-1_0046_Layer%202.jpg  | https://sportscards.standard.us-east-1.oortstorages.com/new%20card%20scans%202/card%20matcher/card%20matcher/Untitled-1_0040_Layer%208.jpg,,,,,,Philadelphia Union,,,,,,,,,,,,,,,,,,,,,,,,,,,
2023-24 Panini Select Premier League 30 Jacob Bruun Larsen Red Ice,Jacob Bruun Larsen,30,2023-24 Panini Select Premier League,Panini,2023-24,Premier League,Red Ice,https://sportscards.standard.us-east-1.oortstorages.com/new%20card%20scans%202/card%20matcher/card%20matcher/Untitled-13_0009_Layer%2013.jpg  | https://sportscards.standard.us-east-1.oortstorages.com/new%20card%20scans%202/card%20matcher/card%20matcher/Untitled-13_0003_Layer%2019.jpg,,,,,,Burnley,,,,,,,,,,,,,,,,,,,,,,,,,,,
2023-24 Panini Select Premier League 43 James Tarkowski Red Ice,James Tarkowski,43,2023-24 Panini Select Premier League,Panini,2023-24,Premier League,Red Ice,https://sportscards.standard.us-east-1.oortstorages.com/new%20card%20scans%202/card%20matcher/card%20matcher/Untitled-38_0000_Layer%2044.jpg  | https://sportscards.standard.us-east-1.oortstorages.com/new%20card%20scans%202/card%20matcher/card%20matcher/Untitled-38-back_0000_Layer%2051.jpg,,,,,,Everton,,,,,,,,,,,,,,,,,,,,,,,,,,,
2023-24 Panini Select Premier League 36 Jean-Philippe Mateta Red Ice,Jean-Philippe Mateta,36,2023-24 Panini Select Premier League,Panini,2023-24,Premier League,Red Ice,https://sportscards.standard.us-east-1.oortstorages.com/new%20card%20scans%202/card%20matcher/card%20matcher/Untitled-35-front_0003_Layer%2047.jpg  | https://sportscards.standard.us-east-1.oortstorages.com/new%20card%20scans%202/card%20matcher/card%20matcher/Untitled-35-back_0003_Layer%2016.jpg,,,,,,Everton,,,,,,,,,,,,,,,,,,,,,,,,,,,
2023-24 Panini Select Premier League 140 Jeffrey Schlupp Red Ice,Jeffrey Schlupp,140,2023-24 Panini Select Premier League,Panini,2023-24,Premier League,Red Ice,https://sportscards.standard.us-east-1.oortstorages.com/new%20card%20scans%202/card%20matcher/card%20matcher/Untitled-39_0001_Layer%2051.jpg  | https://sportscards.standard.us-east-1.oortstorages.com/new%20card%20scans%202/card%20matcher/card%20matcher/Untitled-39-back_0001_Layer%2057.jpg,,,,,,Crystal Palace,,,,,,,,,,,,,,,,,,,,,,,,,,,
2023-24 Panini Prizm Premier League 109 Jhon Duran Orange Mosaic,Jhon Duran,109,2023-24 Panini Prizm Premier League,Panini,2023-24,Premier League,Orange Mosaic,https://sportscards.standard.us-east-1.oortstorages.com/new%20card%20scans%202/card%20matcher/card%20matcher/Untitled-45_0006_Layer%206.jpg  | https://sportscards.standard.us-east-1.oortstorages.com/new%20card%20scans%202/card%20matcher/card%20matcher/Untitled-45_0000_Layer%2012.jpg,,,,,,Aston Villa,,,,,,,,,,,,,,,,,,,,,,,,,,,
2023-24 Panini Select Premier League 21 Joao Pedro,Joao Pedro,21,2023-24 Panini Select Premier League,Panini,2023-24,Premier League,Base,https://sportscards.standard.us-east-1.oortstorages.com/new%20card%20scans%202/card%20matcher/card%20matcher/Untitled-36_0002_Layer%2023.jpg  | https://sportscards.standard.us-east-1.oortstorages.com/new%20card%20scans%202/card%20matcher/card%20matcher/Untitled-36-back_0002_Layer%2029.jpg,,,,,,Brighton & Hove Albion,,,,,,,,,,,,,,,,,,,,,,,,,,,
2023-24 Panini Select Premier League 28 Dara O'Shea Red Ice,Dara O'Shea,28,2023-24 Panini Select Premier League,Panini,2023-24,Premier League,Red Ice,https://sportscards.standard.us-east-1.oortstorages.com/new%20card%20scans%202/card%20matcher/card%20matcher/Untitled-13_0010_Layer%2012.jpg  | https://sportscards.standard.us-east-1.oortstorages.com/new%20card%20scans%202/card%20matcher/card%20matcher/Untitled-13_0004_Layer%2018.jpg,,,,,,Burnley,,,,,,,,,,,,,,,,,,,,,,,,,,,
2023-24 Panini Select Premier League 206 Josh Cullen Red Ice,Josh Cullen,206,2023-24 Panini Select Premier League,Panini,2023-24,Premier League,Red Ice,https://sportscards.standard.us-east-1.oortstorages.com/new%20card%20scans%202/card%20matcher/card%20matcher/Untitled-13_0011_Layer%2011.jpg  | https://sportscards.standard.us-east-1.oortstorages.com/new%20card%20scans%202/card%20matcher/card%20matcher/Untitled-13-back_0000_Layer%2086.jpg,,,,,,Burnley,,,,,,,,,,,,,,,,,,,,,,,,,,,
2023-24 Panini Select Premier League Equalizers 15 Anthony Gordon,Anthony Gordon,15,2023-24 Panini Select Premier League,Panini,2023-24,Premier League,Equalizers,https://sportscards.standard.us-east-1.oortstorages.com/new%20card%20scans%202/card%20matcher/card%20matcher/Untitled-20_0000_Layer%20116.jpg  | https://sportscards.standard.us-east-1.oortstorages.com/new%20card%20scans%202/card%20matcher/card%20matcher/Untitled-20-back_0000_Layer%20117.jpg,,,,,,Newcastle United,,,,,,,,,,,,,,,,,,,,,,,,,,,
2023-24 Panini Select Premier League 3 Alex Scott Red Ice,Alex Scott,3,2023-24 Panini Select Premier League,Panini,2023-24,Premier League,Red Ice,https://sportscards.standard.us-east-1.oortstorages.com/new%20card%20scans%202/card%20matcher/card%20matcher/Untitled-40_0002_Layer%206.jpg  | https://sportscards.standard.us-east-1.oortstorages.com/new%20card%20scans%202/card%20matcher/card%20matcher/Untitled-40-back_0002_Layer%206.jpg,,,,,,Bournemouth,,,,,,,,,,,,,,,,,,,,,,,,,,,
2023-24 Panini Select Premier League Unstoppable 10 Andreas Pereira,Andreas Pereira,10,2023-24 Panini Select Premier League,Panini,2023-24,Premier League,Unstoppable,https://sportscards.standard.us-east-1.oortstorages.com/new%20card%20scans%202/card%20matcher/card%20matcher/Untitled-34_0004_Layer%208.jpg  | https://sportscards.standard.us-east-1.oortstorages.com/new%20card%20scans%202/card%20matcher/card%20matcher/Untitled-34-back_0004_Layer%2014.jpg,,,,,,Fulham,,,,,,,,,,,,,,,,,,,,,,,,,,,
2023-24 Panini Select Premier League 146 Andreas Pereira Red Ice,Andreas Pereira,146,2023-24 Panini Select Premier League,Panini,2023-24,Premier League,Red Ice,https://sportscards.standard.us-east-1.oortstorages.com/new%20card%20scans%202/card%20matcher/card%20matcher/Untitled-34_0003_Layer%209.jpg  | https://sportscards.standard.us-east-1.oortstorages.com/new%20card%20scans%202/card%20matcher/card%20matcher/Untitled-34-back_0003_Layer%2015.jpg,,,,,,Fulham,,,,,,,,,,,,,,,,,,,,,,,,,,,
2023-24 Panini Select Premier League Unstoppable 22 Christian Norgaard,Christian Norgaard,22,2023-24 Panini Select Premier League,Panini,2023-24,Premier League,Unstoppable,https://sportscards.standard.us-east-1.oortstorages.com/new%20card%20scans%202/card%20matcher/card%20matcher/Untitled-43_0007_Layer%2023.jpg  | https://sportscards.standard.us-east-1.oortstorages.com/new%20card%20scans%202/card%20matcher/card%20matcher/Untitled-43_0003_Layer%2027.jpg,,,,,,Brentford,,,,,,,,,,,,,,,,,,,,,,,,,,,
2023-24 Panini Select Premier League 247 Anthony Gordon Red Ice,Anthony Gordon,247,2023-24 Panini Select Premier League,Panini,2023-24,Premier League,Red Ice,https://sportscards.standard.us-east-1.oortstorages.com/new%20card%20scans%202/card%20matcher/card%20matcher/Untitled-20_0002_Layer%20114.jpg  | https://sportscards.standard.us-east-1.oortstorages.com/new%20card%20scans%202/card%20matcher/card%20matcher/Untitled-20-back_0002_Layer%20115.jpg,,,,,,Newcastle United,,,,,,,,,,,,,,,,,,,,,,,,,,,
2023-24 Panini Select Premier League 47 Bobby de Cordova-Reid Red Ice,Bobby de Cordova-Reid,47,2023-24 Panini Select Premier League,Panini,2023-24,Premier League,Red Ice,https://sportscards.standard.us-east-1.oortstorages.com/new%20card%20scans%202/card%20matcher/card%20matcher/Untitled-38_0002_Layer%2042.jpg  | https://sportscards.standard.us-east-1.oortstorages.com/new%20card%20scans%202/card%20matcher/card%20matcher/Untitled-38-back_0002_Layer%2049.jpg,,,,,,Fulham,,,,,,,,,,,,,,,,,,,,,,,,,,,
2024 Finest MLS 210 Rafael Navarro Oil Spill Refractor,Rafael Navarro,210,2024 Topps Finest MLS,Topps,2023-24,MLS,Oil Spill Refractor,https://sportscards.standard.us-east-1.oortstorages.com/new%20card%20scans%202/card%20matcher/card%20matcher/Untitled-1_0047_Layer%201.jpg | https://sportscards.standard.us-east-1.oortstorages.com/new%20card%20scans%202/card%20matcher/card%20matcher/Untitled-1_0041_Layer%207.jpg,,,,,,Colorado Rapids,,,,,,,,,,,,,,,,,,,,,,,,,,,
2023-24 Panini Select Premier League 116 Bryan Mbeumo Red Ice,Bryan Mbeumo,116,2023-24 Panini Select Premier League,Panini,2023-24,Premier League,Red Ice,https://sportscards.standard.us-east-1.oortstorages.com/new%20card%20scans%202/card%20matcher/card%20matcher/Untitled-46_0008_Layer%2015.jpg  | https://sportscards.standard.us-east-1.oortstorages.com/new%20card%20scans%202/card%20matcher/card%20matcher/Untitled-46_0010_Layer%2021.jpg,,,,,,Brentford,,,,,,,,,,,,,,,,,,,,,,,,,,,
2023-24 Panini Select Premier League 42 Jordan Pickford Red Ice,Jordan Pickford,42,2023-24 Panini Select Premier League,Panini,2023-24,Premier League,Red Ice,https://sportscards.standard.us-east-1.oortstorages.com/new%20card%20scans%202/card%20matcher/card%20matcher/Untitled-38_0001_Layer%2043.jpg  | https://sportscards.standard.us-east-1.oortstorages.com/new%20card%20scans%202/card%20matcher/card%20matcher/Untitled-38-back_0001_Layer%2050.jpg,,,,,,Everton,,,,,,,,,,,,,,,,,,,,,,,,,,,
2023-24 Panini Select Premier League 205 Kaoru Mitoma Red Ice,Kaoru Mitoma,205,2023-24 Panini Select Premier League,Panini,2023-24,Premier League,Red Ice,https://sportscards.standard.us-east-1.oortstorages.com/new%20card%20scans%202/card%20matcher/card%20matcher/Untitled-36_0000_Layer%2025.jpg  | https://sportscards.standard.us-east-1.oortstorages.com/new%20card%20scans%202/card%20matcher/card%20matcher/Untitled-36-back_0000_Layer%2031.jpg,,,,,,Brighton & Hove Albion,,,,,,,,,,,,,,,,,,,,,,,,,,,
2023-24 Panini Select Premier League Unstoppable 5 Kaoru Mitoma,Kaoru Mitoma,5,2023-24 Panini Select Premier League,Panini,2023-24,Premier League,Unstoppable,https://sportscards.standard.us-east-1.oortstorages.com/new%20card%20scans%202/card%20matcher/card%20matcher/Untitled-36_0005_Layer%2020.jpg  | https://sportscards.standard.us-east-1.oortstorages.com/new%20card%20scans%202/card%20matcher/card%20matcher/Untitled-36-back_0003_Layer%2028.jpg,,,,,,Brighton & Hove Albion,,,,,,,,,,,,,,,,,,,,,,,,,,,
2023-24 Panini Select Premier League Equalizers 1 Marcus Tavernier,Marcus Tavernier,1,2023-24 Panini Select Premier League,Panini,2023-24,Premier League,Equalizers,https://sportscards.standard.us-east-1.oortstorages.com/new%20card%20scans%202/card%20matcher/card%20matcher/Untitled-40_0006_Layer%202.jpg  | https://sportscards.standard.us-east-1.oortstorages.com/new%20card%20scans%202/card%20matcher/card%20matcher/Untitled-40-back_0006_Layer%202.jpg,,,,,,Bournemouth,,,,,,,,,,,,,,,,,,,,,,,,,,,
2024 Topps Finest MLS MLS Pop Art PA9 Marco Reus,Marco Reus,2024,Finest Pop Art,Topps,2024,MLS,,https://sportscards.standard.us-east-1.oortstorages.com/new%20card%20scans%202/card%20matcher/firstin%20_0014_Layer%2020.jpg|https://sportscards.standard.us-east-1.oortstorages.com/new%20card%20scans%202/card%20matcher/firstin%20_0012_Layer%2034.jpg,,,,,,,c_ccd133b2,,2024.0,Finest Pop Art,,2024,Marco Reus,,MLS,,,,,,,raw,1.0,,,USD,,https://sportscards.standard.us-east-1.oortstorages.com/new%20card%20scans%202/card%20matcher/firstin%20_0014_Layer%2020.jpg,https://sportscards.standard.us-east-1.oortstorages.com/new%20card%20scans%202/card%20matcher/firstin%20_0012_Layer%2034.jpg,,2026-02-04T01:59:04.876Z,,
2023-24 Panini Select Premier League Equalizers 6 Lyle Foster,Lyle Foster,6,2023-24 Panini Select Premier League,Panini,2023-24,Premier League,Equalizers,https://sportscards.standard.us-east-1.oortstorages.com/new%20card%20scans%202/card%20matcher/card%20matcher/Untitled-43_0004_Layer%2026.jpg  | https://sportscards.standard.us-east-1.oortstorages.com/new%20card%20scans%202/card%20matcher/card%20matcher/Untitled-43_0000_Layer%2030.jpg,,,,,,Burnley,,,,,,,,,,,,,,,,,,,,,,,,,,,
2023-24 Panini Select Premier League 26 Lyle Foster Red Ice,Lyle Foster,26,2023-24 Panini Select Premier League,Panini,2023-24,Premier League,Red Ice,https://sportscards.standard.us-east-1.oortstorages.com/new%20card%20scans%202/card%20matcher/card%20matcher/Untitled-43_0004_Layer%2026.jpg  | https://sportscards.standard.us-east-1.oortstorages.com/new%20card%20scans%202/card%20matcher/card%20matcher/Untitled-13_0001_Layer%2021.jpg,,,,,,Burnley,,,,,,,,,,,,,,,,,,,,,,,,,,,
2023-24 Panini Select Premier League 104 Milos Kerkez Red Ice,Milos Kerkez,104,2023-24 Panini Select Premier League,Panini,2023-24,Premier League,Red Ice,https://sportscards.standard.us-east-1.oortstorages.com/new%20card%20scans%202/card%20matcher/card%20matcher/Untitled-40_0007_Layer%201.jpg  | https://sportscards.standard.us-east-1.oortstorages.com/new%20card%20scans%202/card%20matcher/card%20matcher/Untitled-40-back_0007_Layer%201.jpg,,,,,,Bournemouth,,,,,,,,,,,,,,,,,,,,,,,,,,,
2023-24 Panini Select Premier League 14 Morgan Rogers Red Ice,Morgan Rogers,14,2023-24 Panini Select Premier League,Panini,2023-24,Premier League,Red Ice,https://sportscards.standard.us-east-1.oortstorages.com/new%20card%20scans%202/card%20matcher/card%20matcher/Untitled-45_0011_Layer%201.jpg  | https://sportscards.standard.us-east-1.oortstorages.com/new%20card%20scans%202/card%20matcher/card%20matcher/Untitled-45_0005_Layer%207.jpg,,,,,,Aston Villa,,,,,,,,,,,,,,,,,,,,,,,,,,,
2023-24 Panini Select Premier League 18 Nathan Collins Red Ice,Nathan Collins,18,2023-24 Panini Select Premier League,Panini,2023-24,Premier League,Red Ice,https://sportscards.standard.us-east-1.oortstorages.com/new%20card%20scans%202/card%20matcher/card%20matcher/Untitled-46_0009_Layer%2014.jpg  | https://sportscards.standard.us-east-1.oortstorages.com/new%20card%20scans%202/card%20matcher/card%20matcher/Untitled-46_0003_Layer%2020.jpg,,,,,,Brentford,,,,,,,,,,,,,,,,,,,,,,,,,,,
2023-24 Panini Select Premier League 130 Aaron Ramsey Red Ice,Aaron Ramsey,130,2023-24 Panini Select Premier League,Panini,2023-24,Premier League,Red Ice,https://sportscards.standard.us-east-1.oortstorages.com/new%20card%20scans%202/card%20matcher/card%20matcher/Untitled-13_0007_Layer%2015.jpg  | https://sportscards.standard.us-east-1.oortstorages.com/new%20card%20scans%202/card%20matcher/card%20matcher/Untitled-13_0000_Layer%2022.jpg,,,,,,Burnley,,,,,,,,,,,,,,,,,,,,,,,,,,,
2023-24 Topps Merlin UEFA Club Competitions 67 Lewis Miley,Lewis Miley,67,Merlin,Topps,2023-24,UEFA,,https://sportscards.standard.us-east-1.oortstorages.com/new%20card%20scans%202/card%20matcher/cards3_0001_Layer-2.png|https://sportscards.standard.us-east-1.oortstorages.com/new%20card%20scans%202/card%20matcher/cards3_0007_Layer-11.png,,,,,,,c_705088d9,,2023.0,Merlin,,67,Lewis Miley,,UEFA,,,,,,,raw,1.0,,,USD,,https://sportscards.standard.us-east-1.oortstorages.com/new%20card%20scans%202/card%20matcher/cards3_0001_Layer-2.png,https://sportscards.standard.us-east-1.oortstorages.com/new%20card%20scans%202/card%20matcher/cards3_0007_Layer-11.png,,2026-02-04T01:59:04.872Z,,
2023-24 Panini Prizm Premier League 252 Lewis Dobbin Blue Mosaic,Lewis Dobbin,252,2023-24 Panini Prizm Premier League,Panini,2023-24,Premier League,Blue Mosaic,https://sportscards.standard.us-east-1.oortstorages.com/new%20card%20scans%202/card%20matcher/card%20matcher/Untitled-35-front_0000_Layer%2050.jpg  | https://sportscards.standard.us-east-1.oortstorages.com/new%20card%20scans%202/card%20matcher/card%20matcher/Untitled-35-back_0000_Layer%2019.jpg,,,,,,Everton,,,,,,,,,,,,,,,,,,,,,,,,,,,
2023-24 Panini Select Premier League Unstoppable 1 Lewis Cook,Lewis Cook,1,2023-24 Panini Select Premier League,Panini,2023-24,Premier League,Unstoppable,https://sportscards.standard.us-east-1.oortstorages.com/new%20card%20scans%202/card%20matcher/card%20matcher/Untitled-10_0002_Layer%2059.jpg  | https://sportscards.standard.us-east-1.oortstorages.com/new%20card%20scans%202/card%20matcher/card%20matcher/Untitled-10-back_0002_Layer%2060.jpg,,,,,,Bournemouth,,,,,,,,,,,,,,,,,,,,,,,,,,,
2023-24 Topps Merlin UEFA Club Competitions 27 Lamine Yamal,Lamine Yamal,27,Merlin,Topps,2023-24,UEFA,,https://sportscards.standard.us-east-1.oortstorages.com/new%20card%20scans%202/card%20matcher/cards3_0005_Layer-6.png|https://sportscards.standard.us-east-1.oortstorages.com/new%20card%20scans%202/card%20matcher/cards3_0011_Layer-7.png,,,,,,,c_c0136e7,,2023.0,Merlin,,27,Lamine Yamal,,UEFA,,,,,,,raw,1.0,,,USD,,https://sportscards.standard.us-east-1.oortstorages.com/new%20card%20scans%202/card%20matcher/cards3_0005_Layer-6.png,https://sportscards.standard.us-east-1.oortstorages.com/new%20card%20scans%202/card%20matcher/cards3_0011_Layer-7.png,,2026-02-04T01:59:04.876Z,,
2023-24 Panini Select Premier League 203 Ollie Watkins Red Ice,Ollie Watkins,203,2023-24 Panini Select Premier League,Panini,2023-24,Premier League,Red Ice,https://sportscards.standard.us-east-1.oortstorages.com/new%20card%20scans%202/card%20matcher/card%20matcher/Untitled-45_0008_Layer%204.jpg  | https://sportscards.standard.us-east-1.oortstorages.com/new%20card%20scans%202/card%20matcher/card%20matcher/Untitled-45_0002_Layer%2010.jpg,,,,,,Aston Villa,,,,,,,,,,,,,,,,,,,,,,,,,,,
2023-24 Topps Merlin UEFA Club Competitions 92 Kylian Mbappe,Kylian Mbappe,92,Merlin,Topps,2023-24,UEFA,,https://sportscards.standard.us-east-1.oortstorages.com/new%20card%20scans%202/card%20matcher/Untitled-1_0009_Layer%203.jpg|https://sportscards.standard.us-east-1.oortstorages.com/new%20card%20scans%202/card%20matcher/Untitled-1_0004_Layer%208.jpg,,,,,,,c_1e191106,,2023.0,Merlin,,92,Kylian Mbappe,,UEFA,,,,,,,raw,1.0,,,USD,,https://sportscards.standard.us-east-1.oortstorages.com/new%20card%20scans%202/card%20matcher/Untitled-1_0009_Layer%203.jpg,https://sportscards.standard.us-east-1.oortstorages.com/new%20card%20scans%202/card%20matcher/Untitled-1_0004_Layer%208.jpg,,2026-02-04T01:59:04.876Z,,
2023-24 Topps Chrome UEFA Club Competitions 169 Kaoru Mitoma,Kaoru Mitoma,169,2023-24 Topps Chrome UEFA Club Competitions,Topps,2023-24,Premier League,Base,https://sportscards.standard.us-east-1.oortstorages.com/new%20card%20scans%202/card%20matcher/card%20matcher/Untitled-36_0004_Layer%2021.jpg  | https://sportscards.standard.us-east-1.oortstorages.com/new%20card%20scans%202/card%20matcher/card%20matcher/Untitled-36-back_0004_Layer%2027.jpg,,,,,,Brighton & Hove Albion,,,,,,,,,,,,,,,,,,,,,,,,,,,
2023-24 Panini Select Premier League 40 Matheus Franca Red Ice,Matheus Franca,40,2023-24 Panini Select Premier League,Panini,2023-24,Premier League,Red Ice,https://sportscards.standard.us-east-1.oortstorages.com/new%20card%20scans%202/card%20matcher/card%20matcher/Untitled-39_0000_Layer%2052.jpg  | https://sportscards.standard.us-east-1.oortstorages.com/new%20card%20scans%202/card%20matcher/card%20matcher/Untitled-39-back_0000_Layer%2058.jpg,,,,,,Crystal Palace,,,,,,,,,,,,,,,,,,,,,,,,,,,
2024 Topps Finest MLS 149 Bongokuhle Hlongwane Refractor,Bongokuhle Hlongwane,149,Topps Finest MLS,Topps,2024,MLS,Refractor,https://sportscards.standard.us-east-1.oortstorages.com/new%20card%20scans%202/card%20matcher/Untitled-16_0008_Layer%20135.jpg | https://sportscards.standard.us-east-1.oortstorages.com/new%20card%20scans%202/card%20matcher/Untitled-16_0002_Layer%20141.jpg,,,,,,,,,,,,,,,,,,,,,,,,,,,,,,,,,
2023-24 Panini Select Premier League 136 Odsonne Edouard,Odsonne Edouard,136,2023-24 Panini Select Premier League,Panini,2023-24,Premier League,,https://sportscards.standard.us-east-1.oortstorages.com/new%20card%20scans%202/card%20matcher/card%20matcher/Untitled-35-front_0004_Layer%2046.jpg  | https://sportscards.standard.us-east-1.oortstorages.com/new%20card%20scans%202/card%20matcher/card%20matcher/Untitled-35-back_0004_Layer%2015.jpg,,,,,,Crystal Palace,,,,,,,,,,,,,,,,,,,,,,,,,,,
2024 Topps Finest MLS 202 Riqui Puig Oil Spill Refractor,Riqui Puig,202,Topps Finest MLS,Topps,2024,MLS,Oil Spill Refractor,https://sportscards.standard.us-east-1.oortstorages.com/new%20card%20scans%202/card%20matcher/Untitled-16_0009_Layer%20134.jpg | https://sportscards.standard.us-east-1.oortstorages.com/new%20card%20scans%202/card%20matcher/Untitled-9_0000_Layer%2092.jpg,,,,,,,,,,,,,,,,,,,,,,,,,,,,,,,,,
2023-24 Panini Select Premier League Unstoppable 4 Mathias Jensen,Mathias Jensen,4,2023-24 Panini Select Premier League,Panini,2023-24,Premier League,,https://sportscards.standard.us-east-1.oortstorages.com/new%20card%20scans%202/card%20matcher/card%20matcher/Untitled-46_0007_Layer%2016.jpg   | https://sportscards.standard.us-east-1.oortstorages.com/new%20card%20scans%202/card%20matcher/card%20matcher/Untitled-46_0002_Layer%2022.jpg,,,,,,Crystal Palace,,,,,,,,,,,,,,,,,,,,,,,,,,,
2024 Topps Finest MLS #231 Pedro de La Vega Aqua Refractor Seattle Sounders,Pedro de La Vega,231,Topps Finest MLS,Topps,2023-24,MLS,Aqua Refractor,https://sportscards.standard.us-east-1.oortstorages.com/new%20card%20scans%202/card%20matcher/card%20matcher/Untitled-1_0045_Layer%203.jpg | https://sportscards.standard.us-east-1.oortstorages.com/new%20card%20scans%202/card%20matcher/card%20matcher/Untitled-1_0039_Layer%209.jpg,,,,,,,,,,,,,,,,,,,,,,,,,,,,,,,,,
2023-24 Panini Select Premier League 220 Matheus Cunha Red,Matheus Cunha,220,Panini Select Premier League,Panini,2023–24,Premier League,Red,https://sportscards.standard.us-east-1.oortstorages.com/new%20card%20scans%202/card%20matcher/card%20matcher/Untitled-15_0004_Layer%2084.jpg | https://sportscards.standard.us-east-1.oortstorages.com/new%20card%20scans%202/card%20matcher/card%20matcher/Untitled-15-back_0004_Layer%2089.jpg,,,,,,,,,,,,,,,,,,,,,,,,,,,,,,,,,
2023-24 Panini Select Premier League 15 Emiliano Martinez Red Ice,Emiliano Martinez,15,Panini Select Premier League,Panini,2023-24,Premier League,Red Ice,https://sportscards.standard.us-east-1.oortstorages.com/new%20card%20scans%202/card%20matcher/card%20matcher/Untitled-45_0010_Layer%202.jpg | https://sportscards.standard.us-east-1.oortstorages.com/new%20card%20scans%202/card%20matcher/card%20matcher/Untitled-45_0003_Layer%209.jpg,,,,,,,,,,,,,,,,,,,,,,,,,,,,,,,,,
2023-24 Panini Select Premier League 117 Yoane Wissa,Yoane Wissa,117,2023-24 Panini Select Premier League,Panini,2023-24,Premier League,,https://sportscards.standard.us-east-1.oortstorages.com/new%20card%20scans%202/card%20matcher/card%20matcher/Untitled-46_0006_Layer%2017.jpg  | https://sportscards.standard.us-east-1.oortstorages.com/new%20card%20scans%202/card%20matcher/card%20matcher/Untitled-46_0001_Layer%2023.jpg,,,,,,Brentford,,,,,,,,,,,,,,,,,,,,,,,,,,,
2023-24 Panini Select Premier League Select Future 10 David Ozoh,David Ozoh,10,2023-24 Panini Select Premier League Select Future,Panini,2023-24,Premier League,,https://sportscards.standard.us-east-1.oortstorages.com/new%20card%20scans%202/card%20matcher/card%20matcher/Untitled-35-front_0005_Layer%2045.jpg  | https://sportscards.standard.us-east-1.oortstorages.com/new%20card%20scans%202/card%20matcher/card%20matcher/Untitled-35-back_0005_Layer%2014.jpg,,,,,,Everton,,,,,,,,,,,,,,,,,,,,,,,,,,,
2024 Topps Finest MLS Autographs #BADF Diego Fagundez Auto Austin FC,Diego Fagundez,BADF,Topps Finest MLS,Topps,2023-24,MLS,Topps Autograph,https://sportscards.standard.us-east-1.oortstorages.com/new%20card%20scans%202/card%20matcher/Untitled-3_0005_Layer%203.jpg | https://sportscards.standard.us-east-1.oortstorages.com/new%20card%20scans%202/card%20matcher/Untitled-9_0005_Layer%2087.jpg,,,,,,,,,,,,,,,,,,,,,,,,,,,,,,,,,
2023-24 Panini Select Premier League 144 Youssef Chermiti,Youssef Chermiti,144,2023-24 Panini Select Premier League,Panini,2023-24,Premier League,,https://sportscards.standard.us-east-1.oortstorages.com/new%20card%20scans%202/card%20matcher/card%20matcher/Untitled-35-front_0002_Layer%2048.jpg  | https://sportscards.standard.us-east-1.oortstorages.com/new%20card%20scans%202/card%20matcher/card%20matcher/Untitled-35-back_0002_Layer%2017.jpg,,,,,,Everton,,,,,,,,,,,,,,,,,,,,,,,,,,,
2023-24 Panini Select Premier League 44 Lewis Dobbin,Lewis Dobbin,44,2023-24 Panini Select Premier League,Panini,2023-24,Premier League,,https://sportscards.standard.us-east-1.oortstorages.com/new%20card%20scans%202/card%20matcher/card%20matcher/Untitled-35-front_0001_Layer%2049.jpg  | https://sportscards.standard.us-east-1.oortstorages.com/new%20card%20scans%202/card%20matcher/card%20matcher/Untitled-35-back_0001_Layer%2018.jpg,,,,,,Everton,,,,,,,,,,,,,,,,,,,,,,,,,,,
2024 Topps Finest MLS #47 Diogo Goncalves Neon Green Refractor /99 New England,Diogo Goncalves,47,Topps Finest MLS,Topps,2023-24,MLS,Neon Green Refractor,https://sportscards.standard.us-east-1.oortstorages.com/new%20card%20scans%202/card%20matcher/card%20matcher/Untitled-1_0043_Layer%205.jpg | https://sportscards.standard.us-east-1.oortstorages.com/new%20card%20scans%202/card%20matcher/card%20matcher/Untitled-1_0036_Layer%2012.jpg,,,,,,,,,,,,,,,,,,,,,,,,,,,,,,,,,
2023-24 Panini Select Premier League Select Stars 9 Dominic Calvert-Lewin,Dominic Calvert-Lewin,9,2023-24 Panini Select Premier League Select Stars,Panini,2023-24,Premier League,,https://sportscards.standard.us-east-1.oortstorages.com/new%20card%20scans%202/card%20matcher/card%20matcher/Untitled-1_0023_Layer%2025.jpg  | https://sportscards.standard.us-east-1.oortstorages.com/new%20card%20scans%202/card%20matcher/card%20matcher/Untitled-1_0015_Layer%2033.jpg,,,,,,Everton,,,,,,,,,,,,,,,,,,,,,,,,,,,
2024 Topps Finest MLS Lucho Acosta Orange Refractor Autograph,Lucho Acosta,,2024 Topps Finest MLS,Topps,2024-25,MLS,Auto,https://sportscards.standard.us-east-1.oortstorages.com/new%20card%20scans%202/card%20matcher/Untitled-2_0003_Layer%203.jpg,,,,,,,c_7c98b073,,2024.0,2024 Topps Finest MLS,,,Lucho Acosta,,MLS,,,,,,,raw,1.0,,,USD,,https://sportscards.standard.us-east-1.oortstorages.com/new%20card%20scans%202/card%20matcher/Untitled-2_0003_Layer%203.jpg,,,2026-02-04T01:59:04.877Z,,
2023-24 Topps Merlin UEFA Club Competitions 54 Gjivai Zechiel Pink Mojo,Gjivai Zechiel,54,,,2023-24,UEFA Club Competitions,RC,https://sportscards.standard.us-east-1.oortstorages.com/new%20card%20scans%202/card%20matcher/gjival_zechiel_pink_front.png|https://sportscards.standard.us-east-1.oortstorages.com/new%20card%20scans%202/card%20matcher/sportscards3_0005_Layer%2013.jpg,,,,,,,c_ca9b8a98,,2023.0,,,54,Gjivai Zechiel,,UEFA Club Competitions,,,,,,,raw,1.0,,,USD,,https://sportscards.standard.us-east-1.oortstorages.com/new%20card%20scans%202/card%20matcher/gjival_zechiel_pink_front.png,https://sportscards.standard.us-east-1.oortstorages.com/new%20card%20scans%202/card%20matcher/sportscards3_0005_Layer%2013.jpg,,2026-02-04T01:59:04.878Z,,
2023-24 Panini Select Premier League Select Stars 19 Jarrod Bowen,Jarrod Bowen,19,Panini Select Premier League Select Stars,Panini,2023–24,Premier League,,https://sportscards.standard.us-east-1.oortstorages.com/new%20card%20scans%202/card%20matcher/card%20matcher/Untitled-14_0000_Layer%2087.jpg | https://sportscards.standard.us-east-1.oortstorages.com/new%20card%20scans%202/card%20matcher/card%20matcher/Untitled-14-back_0001_Layer%2087.jpg,,,,,,,,,,,,,,,,,,,,,,,,,,,,,,,,,
2024 Topps Finest MLS 202 Riqui Puig,Riqui Puig,,Topps Finest MLS,Topps,,MLS,,https://sportscards.standard.us-east-1.oortstorages.com/new%20card%20scans%202/card%20matcher/Untitled-16_0009_Layer%20134.jpg|https://sportscards.standard.us-east-1.oortstorages.com/new%20card%20scans%202/card%20matcher/Untitled-9_0000_Layer%2092.jpg,,,,,,,c_558338fa,,,Topps Finest MLS,,,Riqui Puig,,MLS,,,,,,,raw,2.0,,,USD,,https://sportscards.standard.us-east-1.oortstorages.com/new%20card%20scans%202/card%20matcher/Untitled-16_0009_Layer%20134.jpg,https://sportscards.standard.us-east-1.oortstorages.com/new%20card%20scans%202/card%20matcher/Untitled-9_0000_Layer%2092.jpg,,2026-02-04T01:59:04.877Z,,
2024 Topps Finest MLS 181 Diego Fagundez Gold Refractor,Diego Fagundez,,Topps Finest MLS,Topps,,MLS,,https://sportscards.standard.us-east-1.oortstorages.com/new%20card%20scans%202/card%20matcher/Untitled-9_0010_Layer%2082.jpg|https://sportscards.standard.us-east-1.oortstorages.com/new%20card%20scans%202/card%20matcher/Untitled-9_0003_Layer%2089.jpg,,,,,,,c_aa72fff1,,,Topps Finest MLS,,,Diego Fagundez,,MLS,,,,,,,raw,1.0,,,USD,,https://sportscards.standard.us-east-1.oortstorages.com/new%20card%20scans%202/card%20matcher/Untitled-9_0010_Layer%2082.jpg,https://sportscards.standard.us-east-1.oortstorages.com/new%20card%20scans%202/card%20matcher/Untitled-9_0003_Layer%2089.jpg,,2026-02-04T01:59:04.877Z,,
2024 Topps Finest MLS 218 Lucho Acosta,Lucho Acosta,,Topps Finest MLS,Topps,,MLS,,https://sportscards.standard.us-east-1.oortstorages.com/new%20card%20scans%202/card%20matcher/Untitled-14_0009_Layer%20121.jpg|https://sportscards.standard.us-east-1.oortstorages.com/new%20card%20scans%202/card%20matcher/Untitled-14_0003_Layer%20127.jpg,,,,,,,c_3f5d3b17,,,Topps Finest MLS,,,Lucho Acosta,,MLS,,,,,,,raw,1.0,,,USD,,https://sportscards.standard.us-east-1.oortstorages.com/new%20card%20scans%202/card%20matcher/Untitled-14_0009_Layer%20121.jpg,https://sportscards.standard.us-east-1.oortstorages.com/new%20card%20scans%202/card%20matcher/Untitled-14_0003_Layer%20127.jpg,,2026-02-04T01:59:04.877Z,,
2024 Topps Finest MLS 126 Agustin Ojeda Gold Refractor,Agustin Ojeda,,Topps Finest MLS,Topps,,MLS,,https://sportscards.standard.us-east-1.oortstorages.com/new%20card%20scans%202/card%20matcher/Untitled-10_0010_Layer%2083.jpg|https://sportscards.standard.us-east-1.oortstorages.com/new%20card%20scans%202/card%20matcher/Untitled-10_0004_Layer%2089.jpg,,,,,,,c_ba123b57,,,Topps Finest MLS,,,Agustin Ojeda,,MLS,,,,,,,raw,1.0,,,USD,,https://sportscards.standard.us-east-1.oortstorages.com/new%20card%20scans%202/card%20matcher/Untitled-10_0010_Layer%2083.jpg,https://sportscards.standard.us-east-1.oortstorages.com/new%20card%20scans%202/card%20matcher/Untitled-10_0004_Layer%2089.jpg,,2026-02-04T01:59:04.877Z,,
2024 Topps Finest MLS 123 Eduard Lowen Aqua Refractor,Eduard Lowen,,Topps Finest MLS,Topps,,MLS,,https://sportscards.standard.us-east-1.oortstorages.com/new%20card%20scans%202/card%20matcher/Untitled-10_0008_Layer%2085.jpg|https://sportscards.standard.us-east-1.oortstorages.com/new%20card%20scans%202/card%20matcher/Untitled-10_0002_Layer%2091.jpg,,,,,,,c_1bfbe61f,,,Topps Finest MLS,,,Eduard Lowen,,MLS,,,,,,,raw,1.0,,,USD,,https://sportscards.standard.us-east-1.oortstorages.com/new%20card%20scans%202/card%20matcher/Untitled-10_0008_Layer%2085.jpg,https://sportscards.standard.us-east-1.oortstorages.com/new%20card%20scans%202/card%20matcher/Untitled-10_0002_Layer%2091.jpg,,2026-02-04T01:59:04.877Z,,
2024 Topps Finest MLS 111 Alonso Martinez Gold Refractor,Alonso Martinez,,Topps Finest MLS,Topps,,MLS,,https://sportscards.standard.us-east-1.oortstorages.com/new%20card%20scans%202/card%20matcher/Untitled-10_0011_Layer%2082.jpg|https://sportscards.standard.us-east-1.oortstorages.com/new%20card%20scans%202/card%20matcher/Untitled-10_0005_Layer%2088.jpg,,,,,,,c_8ad55be5,,,Topps Finest MLS,,,Alonso Martinez,,MLS,,,,,,,raw,1.0,,,USD,,https://sportscards.standard.us-east-1.oortstorages.com/new%20card%20scans%202/card%20matcher/Untitled-10_0011_Layer%2082.jpg,https://sportscards.standard.us-east-1.oortstorages.com/new%20card%20scans%202/card%20matcher/Untitled-10_0005_Layer%2088.jpg,,2026-02-04T01:59:04.877Z,,
2024 Topps Chrome MLS Pedro de La Vega Pink X-Fractor,Pedro de La Vega,,2024 Topps Chrome MLS,Topps,2024-25,MLS,,https://sportscards.standard.us-east-1.oortstorages.com/new%20card%20scans%202/card%20matcher/Untitled-27_0000_Layer%201.jpg,,,,,,,c_3f7ab38b,,2024.0,2024 Topps Chrome MLS,,,Pedro de La Vega,,MLS,,,,,,,raw,1.0,,,USD,,https://sportscards.standard.us-east-1.oortstorages.com/new%20card%20scans%202/card%20matcher/Untitled-27_0000_Layer%201.jpg,,,2026-02-04T01:59:04.877Z,,
2024 Topps Finest MLS 231 Pedro de La Vega Checkerboard,Pedro de La Vega,,Topps Finest MLS,Topps,,MLS,,https://sportscards.standard.us-east-1.oortstorages.com/new%20card%20scans%202/card%20matcher/oilspills_0002_Layer%206.jpg|https://sportscards.standard.us-east-1.oortstorages.com/new%20card%20scans%202/card%20matcher/Untitled-1_0039_Layer%209.jpg,,,,,,,c_5ec8fae,,,Topps Finest MLS,,,Pedro de La Vega,,MLS,,,,,,,raw,2.0,,,USD,,https://sportscards.standard.us-east-1.oortstorages.com/new%20card%20scans%202/card%20matcher/oilspills_0002_Layer%206.jpg,https://sportscards.standard.us-east-1.oortstorages.com/new%20card%20scans%202/card%20matcher/Untitled-1_0039_Layer%209.jpg,,2026-02-04T01:59:04.877Z,,
2024 Topps Finest MLS 277 Marco Reus,Marco Reus,,Topps Finest MLS,Topps,,MLS,,https://sportscards.standard.us-east-1.oortstorages.com/new%20card%20scans%202/card%20matcher/firstin%20_0000_Layer%2027.jpg|https://sportscards.standard.us-east-1.oortstorages.com/new%20card%20scans%202/card%20matcher/firstin%20_0005_Layer%2022.jpg,,,,,,,c_a7df4f8c,,,Topps Finest MLS,,,Marco Reus,,MLS,,,,,,,raw,2.0,,,USD,,https://sportscards.standard.us-east-1.oortstorages.com/new%20card%20scans%202/card%20matcher/firstin%20_0000_Layer%2027.jpg,https://sportscards.standard.us-east-1.oortstorages.com/new%20card%20scans%202/card%20matcher/firstin%20_0005_Layer%2022.jpg,,2026-02-04T01:59:04.877Z,,
2024 Topps Finest MLS 83 Iuri Tavares,Iuri Tavares,,Topps Finest MLS,Topps,,MLS,,https://sportscards.standard.us-east-1.oortstorages.com/new%20card%20scans%202/card%20matcher/Untitled_set__0009_Layer%2014.jpg|https://sportscards.standard.us-east-1.oortstorages.com/new%20card%20scans%202/card%20matcher/tavares.png,,,,,,,c_5aee4f30,,,Topps Finest MLS,,,Iuri Tavares,,MLS,,,,,,,raw,1.0,,,USD,,https://sportscards.standard.us-east-1.oortstorages.com/new%20card%20scans%202/card%20matcher/Untitled_set__0009_Layer%2014.jpg,https://sportscards.standard.us-east-1.oortstorages.com/new%20card%20scans%202/card%20matcher/tavares.png,,2026-02-04T01:59:04.877Z,,
2024 Topps Finest MLS 195 Nimfasha Berchimas,Nimfasha Berchimas,,Topps Finest MLS,Topps,,MLS,,https://sportscards.standard.us-east-1.oortstorages.com/new%20card%20scans%202/card%20matcher/Untitled_set__0012_Layer%2011.jpg|https://sportscards.standard.us-east-1.oortstorages.com/new%20card%20scans%202/card%20matcher/Untitled_set__0017_Layer%206.jpg,,,,,,,c_1a476e4e,,,Topps Finest MLS,,,Nimfasha Berchimas,,MLS,,,,,,,raw,1.0,,,USD,,https://sportscards.standard.us-east-1.oortstorages.com/new%20card%20scans%202/card%20matcher/Untitled_set__0012_Layer%2011.jpg,https://sportscards.standard.us-east-1.oortstorages.com/new%20card%20scans%202/card%20matcher/Untitled_set__0017_Layer%206.jpg,,2026-02-04T01:59:04.877Z,,
2024 Topps Finest MLS Zlatan Ibrahimovic Red Refractor,Zlatan Ibrahimovic,,2024 Topps Finest MLS,Topps,2024-25,MLS,,https://sportscards.standard.us-east-1.oortstorages.com/new%20card%20scans%202/card%20matcher/Untitled-8_0007_Layer%2073.jpg,,,,,,,c_68eb7a38,,2024.0,2024 Topps Finest MLS,,,Zlatan Ibrahimovic,,MLS,,,,,,,raw,1.0,,,USD,,https://sportscards.standard.us-east-1.oortstorages.com/new%20card%20scans%202/card%20matcher/Untitled-8_0007_Layer%2073.jpg,,,2026-02-04T01:59:04.877Z,,
2024 Topps Finest MLS Luis Suarez Gold Refractor,Luis Suarez,,2024 Topps Finest MLS,Topps,2024-25,MLS,,https://sportscards.standard.us-east-1.oortstorages.com/new%20card%20scans%202/card%20matcher/Untitled-11_0010_Layer%2095.jpg,,,,,,,c_bc5e76b4,,2024.0,2024 Topps Finest MLS,,,Luis Suarez,,MLS,,,,,,,raw,1.0,,,USD,,https://sportscards.standard.us-east-1.oortstorages.com/new%20card%20scans%202/card%20matcher/Untitled-11_0010_Layer%2095.jpg,,,2026-02-04T01:59:04.877Z,,
2024 Topps Finest MLS Marco Reus Black Refractor,Marco Reus,,2024 Topps Finest MLS,Topps,2024-25,MLS,,https://sportscards.standard.us-east-1.oortstorages.com/new%20card%20scans%202/card%20matcher/Untitled-3_0001_Layer%207.jpg,,,,,,,c_e4f06be8,,2024.0,2024 Topps Finest MLS,,,Marco Reus,,MLS,,,,,,,raw,1.0,,,USD,,https://sportscards.standard.us-east-1.oortstorages.com/new%20card%20scans%202/card%20matcher/Untitled-3_0001_Layer%207.jpg,,,2026-02-04T01:59:04.877Z,,
2020 Panini Select UEFA Euro 98 Marcel Sabitzer Purple Prizm,Marcel Sabitzer,98,,,2020,UEFA Euro,,https://sportscards.standard.us-east-1.oortstorages.com/new%20card%20scans%202/card%20matcher/UntfinL_0002_Layer%203.jpg|https://sportscards.standard.us-east-1.oortstorages.com/new%20card%20scans%202/card%20matcher/UntfinL_0001_Layer%204.jpg,,,,,,,c_a5b025df,,2020.0,,,98,Marcel Sabitzer,,UEFA Euro,,,,,,,raw,1.0,,,USD,,https://sportscards.standard.us-east-1.oortstorages.com/new%20card%20scans%202/card%20matcher/UntfinL_0002_Layer%203.jpg,https://sportscards.standard.us-east-1.oortstorages.com/new%20card%20scans%202/card%20matcher/UntfinL_0001_Layer%204.jpg,,2026-02-04T01:59:04.878Z,,
2024 Topps Finest MLS Finest Debuts FD7 Kerwin Vargas,Kerwin Vargas,,Topps Finest MLS,Topps,,MLS,,https://sportscards.standard.us-east-1.oortstorages.com/new%20card%20scans%202/card%20matcher/Untitled-12_0009_Layer%2097.jpg|https://sportscards.standard.us-east-1.oortstorages.com/new%20card%20scans%202/card%20matcher/Untitled-12_0003_Layer%20103.jpg,,,,,,,c_2a9311e9,,,Topps Finest MLS,,,Kerwin Vargas,,MLS,,,,,,,raw,2.0,,,USD,,https://sportscards.standard.us-east-1.oortstorages.com/new%20card%20scans%202/card%20matcher/Untitled-12_0009_Layer%2097.jpg,https://sportscards.standard.us-east-1.oortstorages.com/new%20card%20scans%202/card%20matcher/Untitled-12_0003_Layer%20103.jpg,,2026-02-04T01:59:04.877Z,,
2024 Topps Finest MLS Riqui Puig Black Refractor,Riqui Puig,,2024 Topps Finest MLS,Topps,2024-25,MLS,,https://sportscards.standard.us-east-1.oortstorages.com/new%20card%20scans%202/card%20matcher/Untitled-3_0000_Layer%208.jpg,,,,,,,c_92945556,,2024.0,2024 Topps Finest MLS,,,Riqui Puig,,MLS,,,,,,,raw,2.0,,,USD,,https://sportscards.standard.us-east-1.oortstorages.com/new%20card%20scans%202/card%20matcher/Untitled-3_0000_Layer%208.jpg,,,2026-02-04T01:59:04.877Z,,
2024-25 Panini Select FIFA 221 Lamine Yamal Orange Fluorescent,Lamine Yamal,,,Panini,,FIFA,,https://sportscards.standard.us-east-1.oortstorages.com/new%20card%20scans%202/card%20matcher/cards1front_0002_Layer-4.png|https://sportscards.standard.us-east-1.oortstorages.com/new%20card%20scans%202/card%20matcher/newcardsback_0002_Layer-4.png,,,,,,,c_e4e21f1384,,,,,,,,,,,,,,,,5.0,,,,,,,,,,
2024 Topps Finest MLS 110 Jovan Mijatovic Checkerboard,Jovan Mijatovic,,Topps Finest MLS,Topps,,MLS,,,,,,,,,c_e7bd119b,,,Topps Finest MLS,,,Jovan Mijatovic,,MLS,,,,,,,raw,1.0,,,USD,,,,,2026-02-04T01:59:04.877Z,,
2024-25 Panini Prizm Premier League 271 Abdul Fatawu Orange Hyper,,,,,,,,,,,,,,,,,,,,,,,,,,,,,,,,,,,,,,,,,
2024-25 Topps Chrome UEFA Club Competitions 105 Karim Adeyemi Refractor,,,,,,,,,,,,,,,,,,,,,,,,,,,,,,,,,,,,,,,,,
2024-25 Topps Chrome UEFA Club Competitions 105 Karim Adeyemi Wave,,,,,,,,,,,,,,,,,,,,,,,,,,,,,,,,,,,,,,,,,
2024-25 Panini Donruss FIFA 76 Emiliano Martinez Optic-Holo,,,,,,,,,,,,,,,,,,,,,,,,,,,,,,,,,,,,,,,,,
2024-25 Topps Chrome UEFA Club Competitions 166 Julien Duranville,,,,,,,,,,,,,,,,,,,,,,,,,,,,,,,,,,,,,,,,,
2024-25 Topps Chrome UEFA Club Competitions 191 Cole Campbell Wave,,,,,,,,,,,,,,,,,,,,,,,,,,,,,,,,,,,,,,,,,
2024-25 Topps Chrome UEFA Club Competitions 51 Serhou Guirassy Wave,,,,,,,,,,,,,,,,,,,,,,,,,,,,,,,,,,,,,,,,,
2024-25 Topps Chrome UEFA Club Competitions 58 Jamie Bynoe-Gittens Refractor,,,,,,,,,,,,,,,,,,,,,,,,,,,,,,,,,,,,,,,,,
2024-25 Topps Chrome UEFA Club Competitions 58 Jamie Bynoe-Gittens Wave,,,,,,,,,,,,,,,,,,,,,,,,,,,,,,,,,,,,,,,,,
2024 Topps Finest MLS Finest Fabrics Relics Ffcb Christian Benteke,,,,,,,,,,,,,,,,,,,,,,,,,,,,,,,,,,,,,,,,,
2024-25 Topps Chrome UEFA Club Competitions 159 Maximilian Beier Wave,,,,,,,,,,,,,,,,,,,,,,,,,,,,,,,,,,,,,,,,,
2023-24 Panini Donruss FIFA 194 Josha Vagnoman,,,,,,,,,,,,,,,,,,,,,,,,,,,,,,,,,,,,,,,,,
2024 Panini Prizm Copa America Manfred Ugalde New Era,,,,,,,,,,,,,,,,,,,,,,,,,,,,,,,,,,,,,,,,,
2023-24 Topps Stadium Club Chrome UEFA Club Competitions 86 Bradley Barcola,,,,,,,,,,,,,,,,,,,,,,,,,,,,,,,,,,,,,,,,,
2022-23 Topps Merlin Chrome Chris Smalling Neon Green Shimmer,,,,,,,,,,,,,,,,,,,,,,,,,,,,,,,,,,,,,,,,,
2022-23 Topps Merlin Chrome Gabriel Martinelli Aqua Prism,,,,,,,,,,,,,,,,,,,,,,,,,,,,,,,,,,,,,,,,,
2022-23 Topps Merlin Chrome UEFA Abakar Sylla Refractor,,,,,,,,,,,,,,,,,,,,,,,,,,,,,,,,,,,,,,,,,
2023 Topps Chrome Formula 1 172 Sergio Perez Checker Flag Refractor,,,,,,,,,,,,,,,,,,,,,,,,,,,,,,,,,,,,,,,,,
2023-24 Panini Donruss FIFA 1 Lionel Messi,,,,,,,,,,,,,,,,,,,,,,,,,,,,,,,,,,,,,,,,,
2023-24 Panini Donruss FIFA 136 Marcus Thuram Optic-Argyle,,,,,,,,,,,,,,,,,,,,,,,,,,,,,,,,,,,,,,,,,
2023-24 Panini Donruss FIFA 137 Hakan Calhanoglu Optic-Argyle,,,,,,,,,,,,,,,,,,,,,,,,,,,,,,,,,,,,,,,,,
2023-24 Panini Donruss FIFA 193 Facundo Buonanotte,,,,,,,,,,,,,,,,,,,,,,,,,,,,,,,,,,,,,,,,,
2023-24 Panini Donruss FIFA 30 Niclas Fullkrug Optic-Holo,,,,,,,,,,,,,,,,,,,,,,,,,,,,,,,,,,,,,,,,,
2023-24 Panini Donruss FIFA 4 Enzo Fernandez Optic-Holo,,,,,,,,,,,,,,,,,,,,,,,,,,,,,,,,,,,,,,,,,
2023-24 Panini Donruss FIFA 93 Mason Mount Optic-Argyle,,,,,,,,,,,,,,,,,,,,,,,,,,,,,,,,,,,,,,,,,
2023-24 Topps Chrome UEFA Leny Yoro Refractor,,,,,,,,,,,,,,,,,,,,,,,,,,,,,,,,,,,,,,,,,
2023-24 Topps Merlin UEFA Club Competitions 47 Nicolo Barella Refractor,,,,,,,,,,,,,,,,,,,,,,,,,,,,,,,,,,,,,,,,,
2023-24 Topps Merlin UEFA Club Competitions 76 Julian Alvarez Refractor,,,,,,,,,,,,,,,,,,,,,,,,,,,,,,,,,,,,,,,,,
2023-24 Topps Merlin UEFA Club Competitions 94 Ousmane Dembele,,,,,,,,,,,,,,,,,,,,,,,,,,,,,,,,,,,,,,,,,
,,,,,,,,,,,,,,,,,,,,,,,,,,,,,,,,,,,,,,,,,
2023-24 Panini Select Premier League 161, Erling Haaland Pink Ice,	Erling Haaland, 161,	Select,	Panini,	2023-24	Premier League,	Select,	https://sportscards.standard.us-east-1.oortstorages.com/new%20card%20scans%202/card%20matcher/Untitled-12_0003_Layer%2065.jpg|https://sportscards.standard.us-east-1.oortstorages.com/new%20card%20scans%202/card%20matcher/Untitled-12-back_0003_Layer%2071.jpg							c_99562509		2023	Select		161	Erling Haaland		Premier League							raw	1			USD		https://sportscards.standard.us-east-1.oortstorages.com/new%20card%20scans%202/card%20matcher/Untitled-29_0001_Layer%20141.jpg	https://sportscards.standard.us-east-1.oortstorages.com/new%20card%20scans%202/card%20matcher/Untitled-12-back_0003_Layer%2071.jpg		2026-02-04T01:59:04.876Z,,,,,,,,,,,,,,,,,,,,,,,,,,,,,,,,,
2025 Topps Chrome MLS Lucho Acosta Blue Refractor Auto #CA-LA,Lucho Acosta,CA-LA,2025 Topps Chrome MLS,Topps,2025,MLS,Blue Refractor Auto,https://sportscards.standard.us-east-1.oortstorages.com/new%20card%20scans%202/card%20matcher/classic_cards_3_0004_Layer-15.png|https://sportscards.standard.us-east-1.oortstorages.com/new%20card%20scans%202/card%20matcher/classic_cards_3_0010_Layer-9.png,,,,,,FC Dallas,c_420b5827,Soccer,2025.0,2025 Topps Chrome MLS,,CA-LA,Lucho Acosta,FC Dallas,MLS,Blue Refractor Auto,,0.0,1.0,,,raw,1.0,,,USD,,https://sportscards.standard.us-east-1.oortstorages.com/new%20card%20scans%202/card%20matcher/classic_cards_3_0004_Layer-15.png,https://sportscards.standard.us-east-1.oortstorages.com/new%20card%20scans%202/card%20matcher/classic_cards_3_0010_Layer-9.png,ebay_merge_2026-04-15,2026-04-15T22:41:01Z,261328.0,
2025 Topps Chrome MLS Kaick Aqua Refractor Auto #CA-KK,Kaick,CA-KK,2025 Topps Chrome MLS,Topps,2025,MLS,Aqua Refractor Auto,https://sportscards.standard.us-east-1.oortstorages.com/new%20card%20scans%202/card%20matcher/classic_cards_3_0005_Layer-14.png|https://sportscards.standard.us-east-1.oortstorages.com/new%20card%20scans%202/card%20matcher/classic_cards_3_0011_Layer-8.png,,,,,,FC Dallas,c_48fbf66e,Soccer,2025.0,2025 Topps Chrome MLS,,CA-KK,Kaick,FC Dallas,MLS,Aqua Refractor Auto,,0.0,1.0,,,raw,1.0,,,USD,,https://sportscards.standard.us-east-1.oortstorages.com/new%20card%20scans%202/card%20matcher/classic_cards_3_0005_Layer-14.png,https://sportscards.standard.us-east-1.oortstorages.com/new%20card%20scans%202/card%20matcher/classic_cards_3_0011_Layer-8.png,ebay_merge_2026-04-15,2026-04-15T22:41:01Z,261328.0,
2026 Topps Chrome Premier League Marcus Edwards Orange Refractor #52,Marcus Edwards,52,Topps Chrome Premier League,Topps,2026,Premier League,"Orange Refractor, RC",https://sportscards.standard.us-east-1.oortstorages.com/new%20card%20scans%202/card%20matcher/marcus_edwards__2026_topps_chrome_premier_league__burnley_fc__52__orange__front.png|https://sportscards.standard.us-east-1.oortstorages.com/new%20card%20scans%202/card%20matcher/marcus_edwards__2026_topps_chrome_premier_league__burnley_fc__52__orange__back.png,,,,,,Burnley,c_df7e7911,Soccer,2026.0,Topps Chrome Premier League,,52,Marcus Edwards,Burnley,Premier League,"Orange Refractor, RC",,0.0,0.0,,,raw,1.0,,,USD,,https://sportscards.standard.us-east-1.oortstorages.com/new%20card%20scans%202/card%20matcher/marcus_edwards__2026_topps_chrome_premier_league__burnley_fc__52__orange__front.png,https://sportscards.standard.us-east-1.oortstorages.com/new%20card%20scans%202/card%20matcher/marcus_edwards__2026_topps_chrome_premier_league__burnley_fc__52__orange__back.png,ebay_merge_2026-04-15,2026-04-15T22:41:01Z,261328.0,
2026 Panini Prizm Monopoly FIFA World Cup Soccer Mia Hamm Orange & Gold Icons #9,Mia Hamm,91,2026 Panini Prizm Monopoly FIFA World Cup Soccer,Panini,2026,FIFA World Cup,Orange & Gold Icons,https://sportscards.standard.us-east-1.oortstorages.com/new%20card%20scans%202/card%20matcher/Untitled-1_0022_Layer-2.png|https://sportscards.standard.us-east-1.oortstorages.com/new%20card%20scans%202/card%20matcher/Untitled-1_0016_Layer-8.png,,,,,,USWNT,c_c5ab1067,Soccer,2026.0,2026 Panini Prizm Monopoly FIFA World Cup Soccer,,91,Mia Hamm,USWNT,FIFA World Cup,Orange & Gold Icons,,0.0,0.0,,,raw,1.0,,,USD,,https://sportscards.standard.us-east-1.oortstorages.com/new%20card%20scans%202/card%20matcher/Untitled-1_0022_Layer-2.png,https://sportscards.standard.us-east-1.oortstorages.com/new%20card%20scans%202/card%20matcher/Untitled-1_0016_Layer-8.png,ebay_merge_2026-04-15,2026-04-15T22:41:01Z,261328.0,
2025 Topps Chrome Sapphire MLS Wilfried Zaha Black Refractor Auto #CA-W,Wilfried Zaha,CA-WZ,2025 Topps Chrome Sapphire MLS,Topps,2025,MLS,Black Refractor Auto,https://sportscards.standard.us-east-1.oortstorages.com/new%20card%20scans%202/card%20matcher/wilfried_zaha__2025_topps_chrome_sapphire_mls__charlotte_fc__ca_wz__black_refractor_auto__front.png|https://sportscards.standard.us-east-1.oortstorages.com/new%20card%20scans%202/card%20matcher/wilfried_zaha__2025_topps_chrome_sapphire_mls__charlotte_fc__ca_wz__black_refractor_auto__back.png,,,,,,Charlotte FC,c_cd6b40d6,Soccer,2025.0,2025 Topps Chrome Sapphire MLS,,CA-WZ,Wilfried Zaha,Charlotte FC,MLS,Black Refractor Auto,,0.0,1.0,,,raw,1.0,,,USD,,https://sportscards.standard.us-east-1.oortstorages.com/new%20card%20scans%202/card%20matcher/wilfried_zaha__2025_topps_chrome_sapphire_mls__charlotte_fc__ca_wz__black_refractor_auto__front.png,https://sportscards.standard.us-east-1.oortstorages.com/new%20card%20scans%202/card%20matcher/wilfried_zaha__2025_topps_chrome_sapphire_mls__charlotte_fc__ca_wz__black_refractor_auto__back.png,ebay_merge_2026-04-15,2026-04-15T22:41:01Z,261328.0,
2026 Topps Chrome Premier League Emiliano Martínez Auto Refractor #CA-EM,Emiliano Martínez,CA-EM,2026 Topps Chrome Premier League,Topps,2026,Premier League,Auto Refractor,https://sportscards.standard.us-east-1.oortstorages.com/new%20card%20scans%202/card%20matcher/emiliano_martinez__2026_topps_premier_league_chrome__aston_villa__ca_em__auto_refractor__front.png|https://sportscards.standard.us-east-1.oortstorages.com/new%20card%20scans%202/card%20matcher/emiliano_martinez__2026_topps_premier_league_chrome__aston_villa__ca_em__auto_refractor__back.png,,,,,,Aston Villa,c_8e92bbd0,Soccer,2026.0,2026 Topps Chrome Premier League,,CA-EM,Emiliano Martínez,Aston Villa,Premier League,Auto Refractor,,0.0,1.0,,,raw,1.0,,,USD,,https://sportscards.standard.us-east-1.oortstorages.com/new%20card%20scans%202/card%20matcher/emiliano_martinez__2026_topps_premier_league_chrome__aston_villa__ca_em__auto_refractor__front.png,https://sportscards.standard.us-east-1.oortstorages.com/new%20card%20scans%202/card%20matcher/emiliano_martinez__2026_topps_premier_league_chrome__aston_villa__ca_em__auto_refractor__back.png,ebay_merge_2026-04-15,2026-04-15T22:41:01Z,261328.0,
2025 Topps Chrome MLS Alonso Martinez Green Refractor Auto #CA-MZ,Alonso Martinez,CA-MZ,2025 Topps Chrome MLS,Topps,2025,MLS,Green Refractor Auto,https://sportscards.standard.us-east-1.oortstorages.com/new%20card%20scans%202/card%20matcher/classic_cards_3_0003_Layer-16.png|https://sportscards.standard.us-east-1.oortstorages.com/new%20card%20scans%202/card%20matcher/classic_cards_3_0009_Layer-10.png,,,,,,NYCFC,c_df229e08,Soccer,2025.0,2025 Topps Chrome MLS,,CA-MZ,Alonso Martinez,NYCFC,MLS,Green Refractor Auto,,0.0,1.0,,,raw,1.0,,,USD,,https://sportscards.standard.us-east-1.oortstorages.com/new%20card%20scans%202/card%20matcher/classic_cards_3_0003_Layer-16.png,https://sportscards.standard.us-east-1.oortstorages.com/new%20card%20scans%202/card%20matcher/classic_cards_3_0009_Layer-10.png,ebay_merge_2026-04-15,2026-04-15T22:41:01Z,261328.0,
2024 Topps Finest MLS Alonso Martinez Gold Refractor #266,Alonso Martinez,266,Topps Finest MLS,Topps,2024,MLS,"Gold Refractor, Refractor",https://sportscards.standard.us-east-1.oortstorages.com/new%20card%20scans%202/card%20matcher/alonso_martinez__2024_topps_finest_mls__nycfc__266__gold__front.png|https://sportscards.standard.us-east-1.oortstorages.com/new%20card%20scans%202/card%20matcher/alonso_martinez__2024_topps_finest_mls__nycfc__266__gold__back.png,,,,,,New York City FC,c_67417a80,Soccer,2024.0,Topps Finest MLS,,266,Alonso Martinez,New York City FC,MLS,"Gold Refractor, Refractor",,0.0,0.0,,,raw,1.0,,,USD,,https://sportscards.standard.us-east-1.oortstorages.com/new%20card%20scans%202/card%20matcher/alonso_martinez__2024_topps_finest_mls__nycfc__266__gold__front.png,https://sportscards.standard.us-east-1.oortstorages.com/new%20card%20scans%202/card%20matcher/alonso_martinez__2024_topps_finest_mls__nycfc__266__gold__back.png,ebay_merge_2026-04-15,2026-04-15T22:41:01Z,261328.0,
2025 Topps Chrome MLS Georgi Minoungou Orange Refractor #127,Georgi Minoungou,127,2025 Topps Chrome MLS,Topps,2025,MLS,Orange Refractor,https://sportscards.standard.us-east-1.oortstorages.com/new%20card%20scans%202/card%20matcher/JPEG%20image-0689A4F825F0-7_1.png|https://sportscards.standard.us-east-1.oortstorages.com/new%20card%20scans%202/card%20matcher/JPEG%20image-0689A4F825F0-8_1.png,,,,,,Seattle Sounders,c_9543e0b0,Soccer,2025.0,2025 Topps Chrome MLS,,127,Georgi Minoungou,Seattle Sounders,MLS,Orange Refractor,,0.0,0.0,,,raw,1.0,,,USD,,https://sportscards.standard.us-east-1.oortstorages.com/new%20card%20scans%202/card%20matcher/JPEG%20image-0689A4F825F0-7_1.png,https://sportscards.standard.us-east-1.oortstorages.com/new%20card%20scans%202/card%20matcher/JPEG%20image-0689A4F825F0-8_1.png,ebay_merge_2026-04-15,2026-04-15T22:41:01Z,261328.0,
2025 Topps Chrome MLS Denis Bouanga Orange Refractor #EL-9,Denis Bouanga,EL-9,2025 Topps Chrome MLS,Topps,2025,MLS,Orange Refractor,https://sportscards.standard.us-east-1.oortstorages.com/new%20card%20scans%202/card%20matcher/JPEG%20image-0689A4F825F0-7_4.jpg.png|https://sportscards.standard.us-east-1.oortstorages.com/new%20card%20scans%202/card%20matcher/JPEG%20image-0689A4F825F0-8_4.png,,,,,,LAFC,c_ccf67e01,Soccer,2025.0,2025 Topps Chrome MLS,,EL-9,Denis Bouanga,LAFC,MLS,Orange Refractor,,0.0,0.0,,,raw,1.0,,,USD,,https://sportscards.standard.us-east-1.oortstorages.com/new%20card%20scans%202/card%20matcher/JPEG%20image-0689A4F825F0-7_4.jpg.png,https://sportscards.standard.us-east-1.oortstorages.com/new%20card%20scans%202/card%20matcher/JPEG%20image-0689A4F825F0-8_4.png,ebay_merge_2026-04-15,2026-04-15T22:41:01Z,261328.0,
2025 Topps Chrome MLS Kalani Kossa-Rienzi Aqua Wave Auto #CA-KR,Kalani Kossa-Rienzi,CA-KR,2025 Topps Chrome MLS,Topps,2025,MLS,Aqua Wave Auto,https://sportscards.standard.us-east-1.oortstorages.com/new%20card%20scans%202/card%20matcher/Untitled-1_0009_Layer-15.png|https://sportscards.standard.us-east-1.oortstorages.com/new%20card%20scans%202/card%20matcher/Untitled-1_0005_Layer-19.png,,,,,,Seattle Sounders,c_85620eab,Soccer,2025.0,2025 Topps Chrome MLS,,CA-KR,Kalani Kossa-Rienzi,Seattle Sounders,MLS,Aqua Wave Auto,,0.0,1.0,,,raw,1.0,,,USD,,https://sportscards.standard.us-east-1.oortstorages.com/new%20card%20scans%202/card%20matcher/Untitled-1_0009_Layer-15.png,https://sportscards.standard.us-east-1.oortstorages.com/new%20card%20scans%202/card%20matcher/Untitled-1_0005_Layer-19.png,ebay_merge_2026-04-15,2026-04-15T22:41:01Z,261328.0,
2025 Topps Chrome MLS Jacob Murrell Orange Refractor #67,Jacob Murrell,67,2025 Topps Chrome MLS,Topps,2025,MLS,Orange Refractor,https://sportscards.standard.us-east-1.oortstorages.com/new%20card%20scans%202/card%20matcher/JPEG%20image-0689A4F825F0-7_6.png|https://sportscards.standard.us-east-1.oortstorages.com/new%20card%20scans%202/card%20matcher/JPEG%20image-0689A4F825F0-8_6.png,,,,,,DC United,c_aafbaa60,Soccer,2025.0,2025 Topps Chrome MLS,,67,Jacob Murrell,DC United,MLS,Orange Refractor,,0.0,0.0,,,raw,1.0,,,USD,,https://sportscards.standard.us-east-1.oortstorages.com/new%20card%20scans%202/card%20matcher/JPEG%20image-0689A4F825F0-7_6.png,https://sportscards.standard.us-east-1.oortstorages.com/new%20card%20scans%202/card%20matcher/JPEG%20image-0689A4F825F0-8_6.png,ebay_merge_2026-04-15,2026-04-15T22:41:01Z,261328.0,
2025 Topps Chrome MLS Cristian Espinoza Orange Wave Refractor #133,Cristian Espinoza,133,2025 Topps Chrome MLS,Topps,2025,MLS,Orange Wave Refractor,https://sportscards.standard.us-east-1.oortstorages.com/new%20card%20scans%202/card%20matcher/JPEG%20image-0689A4F825F0-7_5.jpg.png|https://sportscards.standard.us-east-1.oortstorages.com/new%20card%20scans%202/card%20matcher/jpeg_espinosza_orange.png,,,,,,San Jose Earthquakes,c_f6477922,Soccer,2025.0,2025 Topps Chrome MLS,,133,Cristian Espinoza,San Jose Earthquakes,MLS,Orange Wave Refractor,,0.0,0.0,,,raw,1.0,,,USD,,https://sportscards.standard.us-east-1.oortstorages.com/new%20card%20scans%202/card%20matcher/JPEG%20image-0689A4F825F0-7_5.jpg.png,https://sportscards.standard.us-east-1.oortstorages.com/new%20card%20scans%202/card%20matcher/jpeg_espinosza_orange.png,ebay_merge_2026-04-15,2026-04-15T22:41:01Z,261328.0,
2025 Topps Chrome Sapphire MLS Wilfried Zaha Orange Sapphire Refractor,Wilfried Zaha,172,2025 Topps Chrome Sapphire MLS,Topps,2025,MLS,Orange Sapphire Refractor,https://sportscards.standard.us-east-1.oortstorages.com/new%20card%20scans%202/card%20matcher/wilfried_zaha__2025_topps_chrome_sapphire_mls__charlotte_fc__172__orange_sapphire_refractor__front.png|https://sportscards.standard.us-east-1.oortstorages.com/new%20card%20scans%202/card%20matcher/wilfried_zaha__2025_topps_chrome_sapphire_mls__charlotte_fc__172__orange_sapphire_refractor__back.png,,,,,,Charlotte FC,c_3696ff2e,Soccer,2025.0,2025 Topps Chrome Sapphire MLS,,172,Wilfried Zaha,Charlotte FC,MLS,Orange Sapphire Refractor,,0.0,0.0,,,raw,1.0,,,USD,,https://sportscards.standard.us-east-1.oortstorages.com/new%20card%20scans%202/card%20matcher/wilfried_zaha__2025_topps_chrome_sapphire_mls__charlotte_fc__172__orange_sapphire_refractor__front.png,https://sportscards.standard.us-east-1.oortstorages.com/new%20card%20scans%202/card%20matcher/wilfried_zaha__2025_topps_chrome_sapphire_mls__charlotte_fc__172__orange_sapphire_refractor__back.png,ebay_merge_2026-04-15,2026-04-15T22:41:01Z,261328.0,
2025 Topps Chrome MLS Manu Garcia Blue Refractor #167,Manu Garcia,167,2025 Topps Chrome MLS,Topps,2025,MLS,Blue Refractor,https://sportscards.standard.us-east-1.oortstorages.com/new%20card%20scans%202/card%20matcher/Untitled-1_0007_Layer-17.png|https://sportscards.standard.us-east-1.oortstorages.com/new%20card%20scans%202/card%20matcher/Untitled-1_0001_Layer-23.png,,,,,,Sporting Kansa City,c_a9217ae4,Soccer,2025.0,2025 Topps Chrome MLS,,167,Manu Garcia,Sporting Kansa City,MLS,Blue Refractor,,0.0,0.0,,,raw,1.0,,,USD,,https://sportscards.standard.us-east-1.oortstorages.com/new%20card%20scans%202/card%20matcher/Untitled-1_0007_Layer-17.png,https://sportscards.standard.us-east-1.oortstorages.com/new%20card%20scans%202/card%20matcher/Untitled-1_0001_Layer-23.png,ebay_merge_2026-04-15,2026-04-15T22:41:01Z,261328.0,
2026 Panini Prizm Monopoly FIFA World Cup Soccer Pável Pardo Gold Shimmer #54,Pável Pardo,54,2026 Panini Prizm Monopoly FIFA World Cup Soccer,Panini,2026,FIFA World Cup,Gold Shimmer,https://sportscards.standard.us-east-1.oortstorages.com/new%20card%20scans%202/card%20matcher/Monopoly%20image-A224F8C714F8-5_5.png|https://sportscards.standard.us-east-1.oortstorages.com/new%20card%20scans%202/card%20matcher/Monopoly%20image-0689A4F825F0-6_5.png,,,,,,Mexico,c_d1ed28dd,Soccer,2026.0,2026 Panini Prizm Monopoly FIFA World Cup Soccer,,54,Pável Pardo,Mexico,FIFA World Cup,Gold Shimmer,,0.0,0.0,,,raw,1.0,,,USD,,https://sportscards.standard.us-east-1.oortstorages.com/new%20card%20scans%202/card%20matcher/Monopoly%20image-A224F8C714F8-5_5.png,https://sportscards.standard.us-east-1.oortstorages.com/new%20card%20scans%202/card%20matcher/Monopoly%20image-0689A4F825F0-6_5.png,ebay_merge_2026-04-15,2026-04-15T22:41:01Z,261328.0,
2025 Topps Chrome Sapphire MLS Eric Maxim Choupo-Moting Gold #111,Eric Maxim Choupo-Moting,111,2025 Topps Chrome Sapphire MLS,Topps,2025,MLS,Gold,https://sportscards.standard.us-east-1.oortstorages.com/new%20card%20scans%202/card%20matcher/eric_maxim_choupo_moting__2025_topps_chrome_sapphire_mls__nyrb__111__blue_sapphire_refractor__front.png|https://sportscards.standard.us-east-1.oortstorages.com/new%20card%20scans%202/card%20matcher/eric_maxim_choupo_moting__2025_topps_chrome_sapphire_mls__nyrb__111__blue_sapphire_refractor__back.png,,,,,,New York RedBulls,c_98faf0a0,Soccer,2025.0,2025 Topps Chrome Sapphire MLS,,111,Eric Maxim Choupo-Moting,New York RedBulls,MLS,Gold,,0.0,0.0,,,raw,1.0,,,USD,,https://sportscards.standard.us-east-1.oortstorages.com/new%20card%20scans%202/card%20matcher/eric_maxim_choupo_moting__2025_topps_chrome_sapphire_mls__nyrb__111__blue_sapphire_refractor__front.png,https://sportscards.standard.us-east-1.oortstorages.com/new%20card%20scans%202/card%20matcher/eric_maxim_choupo_moting__2025_topps_chrome_sapphire_mls__nyrb__111__blue_sapphire_refractor__back.png,ebay_merge_2026-04-15,2026-04-15T22:41:01Z,261328.0,
2025 Topps Chrome Sapphire MLS Zlatan Ibrahimović Blue Sapphire #9,Zlatan Ibrahimović,9,2025 Topps Chrome Sapphire MLS,Topps,2025,MLS,Blue Sapphire,https://sportscards.standard.us-east-1.oortstorages.com/new%20card%20scans%202/card%20matcher/JPEG1_0000_Layer-4.png|https://sportscards.standard.us-east-1.oortstorages.com/new%20card%20scans%202/card%20matcher/JPEG1_0002_Layer-2.png,,,,,,LA Galaxy,c_ce682e8b,Soccer,2025.0,2025 Topps Chrome Sapphire MLS,,9,Zlatan Ibrahimović,LA Galaxy,MLS,Blue Sapphire,,0.0,0.0,,,raw,1.0,,,USD,,https://sportscards.standard.us-east-1.oortstorages.com/new%20card%20scans%202/card%20matcher/JPEG1_0000_Layer-4.png,https://sportscards.standard.us-east-1.oortstorages.com/new%20card%20scans%202/card%20matcher/JPEG1_0002_Layer-2.png,ebay_merge_2026-04-15,2026-04-15T22:41:01Z,261328.0,
2026 Panini Prizm Monopoly FIFA World Cup Soccer Lionel Messi Green Wave #1,Lionel Messi,1,2026 Panini Prizm Monopoly FIFA World Cup Soccer,Panini,2026,FIFA World Cup,Green Wave,https://sportscards.standard.us-east-1.oortstorages.com/new%20card%20scans%202/card%20matcher/Monopoly%20image-A224F8C714F8-3_1.png|https://sportscards.standard.us-east-1.oortstorages.com/new%20card%20scans%202/card%20matcher/Monopoly%20image-A224F8C714F8-4_1.png,,,,,,Argentina,c_6aea5dce,Soccer,2026.0,2026 Panini Prizm Monopoly FIFA World Cup Soccer,,1,Lionel Messi,Argentina,FIFA World Cup,Green Wave,,0.0,0.0,,,raw,1.0,,,USD,,https://sportscards.standard.us-east-1.oortstorages.com/new%20card%20scans%202/card%20matcher/Monopoly%20image-A224F8C714F8-3_1.png,https://sportscards.standard.us-east-1.oortstorages.com/new%20card%20scans%202/card%20matcher/Monopoly%20image-A224F8C714F8-4_1.png,ebay_merge_2026-04-15,2026-04-15T22:41:01Z,261328.0,
2026 Panini Prizm Monopoly FIFA World Cup Soccer Lionel Messi Base #1,Lionel Messi,1,2026 Panini Prizm Monopoly FIFA World Cup Soccer,Panini,2026,FIFA World Cup,Base,https://sportscards.standard.us-east-1.oortstorages.com/new%20card%20scans%202/card%20matcher/Monopoly%20image-A224F8C714F8-3_2.png|https://sportscards.standard.us-east-1.oortstorages.com/new%20card%20scans%202/card%20matcher/Monopoly%20image-A224F8C714F8-4_2.png,,,,,,Argentina,c_7ec0c4d0,Soccer,2026.0,2026 Panini Prizm Monopoly FIFA World Cup Soccer,,1,Lionel Messi,Argentina,FIFA World Cup,Base,,0.0,0.0,,,raw,1.0,,,USD,,https://sportscards.standard.us-east-1.oortstorages.com/new%20card%20scans%202/card%20matcher/Monopoly%20image-A224F8C714F8-3_2.png,https://sportscards.standard.us-east-1.oortstorages.com/new%20card%20scans%202/card%20matcher/Monopoly%20image-A224F8C714F8-4_2.png,ebay_merge_2026-04-15,2026-04-15T22:41:01Z,261328.0,
2026 Panini Prizm Monopoly FIFA World Cup Soccer Ronaldo Green Wave #18,Ronaldo,18,2026 Panini Prizm Monopoly FIFA World Cup Soccer,Panini,2026,FIFA World Cup,Green Wave,https://sportscards.standard.us-east-1.oortstorages.com/new%20card%20scans%202/card%20matcher/Untitled-1_0009_Layer-3.png|https://sportscards.standard.us-east-1.oortstorages.com/new%20card%20scans%202/card%20matcher/Untitled-1_0002_Layer-10.png,,,,,,Brazil,c_9f0eb075,Soccer,2026.0,2026 Panini Prizm Monopoly FIFA World Cup Soccer,,18,Ronaldo,Brazil,FIFA World Cup,Green Wave,,0.0,0.0,,,raw,1.0,,,USD,,https://sportscards.standard.us-east-1.oortstorages.com/new%20card%20scans%202/card%20matcher/Untitled-1_0009_Layer-3.png,https://sportscards.standard.us-east-1.oortstorages.com/new%20card%20scans%202/card%20matcher/Untitled-1_0002_Layer-10.png,ebay_merge_2026-04-15,2026-04-15T22:41:01Z,261328.0,
2023-24 Topps Merlin UEFA Club Competitions 96 Bradley Barcola Aqua Prism Refrac,Bradley Barcola,96,Topps,Topps,UEFA Club Competitions,UEFA Champions League,RC,https://sportscards.standard.us-east-1.oortstorages.com/new%20card%20scans%202/card%20matcher/Untitled-49_0006_Layer%2021.jpg|https://sportscards.standard.us-east-1.oortstorages.com/new%20card%20scans%202/card%20matcher/Untitled-60_0001_Layer%2080.jpg,,,,,,Topps Merlin,c_6d67e4ca,Soccer,2023.0,Topps,,96,Bradley Barcola,Topps Merlin,UEFA Champions League,RC,,0.0,0.0,,,raw,1.0,,,USD,,https://sportscards.standard.us-east-1.oortstorages.com/new%20card%20scans%202/card%20matcher/Untitled-49_0006_Layer%2021.jpg,https://sportscards.standard.us-east-1.oortstorages.com/new%20card%20scans%202/card%20matcher/Untitled-60_0001_Layer%2080.jpg,ebay_merge_2026-04-15,2026-04-15T22:41:01Z,261328.0,
2026 Topps Chrome Premier League Beto Blue Refractor #90,Beto,90,Topps Chrome Premier League,Topps,2026,Premier League,Blue Refractor,https://sportscards.standard.us-east-1.oortstorages.com/new%20card%20scans%202/card%20matcher/beto__2026_topps_chrome_premier_league__everton__90__blue_refractor__front.png|https://sportscards.standard.us-east-1.oortstorages.com/new%20card%20scans%202/card%20matcher/beto__2026_topps_chrome_premier_league__everton__90__blue_refractor__back.png,,,,,,Everton,c_121dff93,Soccer,2026.0,Topps Chrome Premier League,,90,Beto,Everton,Premier League,Blue Refractor,,0.0,0.0,,,raw,1.0,,,USD,,https://sportscards.standard.us-east-1.oortstorages.com/new%20card%20scans%202/card%20matcher/beto__2026_topps_chrome_premier_league__everton__90__blue_refractor__front.png,https://sportscards.standard.us-east-1.oortstorages.com/new%20card%20scans%202/card%20matcher/beto__2026_topps_chrome_premier_league__everton__90__blue_refractor__back.png,ebay_merge_2026-04-15,2026-04-15T22:41:01Z,261328.0,
2026 Topps Chrome Premier League Ben Broggio Aqua Refractor #21,Ben Broggio,21,2026 Topps Chrome Premier League,Topps,2026,Premier League,Aqua Refractor,https://sportscards.standard.us-east-1.oortstorages.com/new%20card%20scans%202/card%20matcher/ben_broggio__2026_topps_premier_league_chrome__aston_villa__21__aqua_refractor__front.png|https://sportscards.standard.us-east-1.oortstorages.com/new%20card%20scans%202/card%20matcher/ben_broggio__2026_topps_premier_league_chrome__aston_villa__21__aqua_refractor__back.png,,,,,,Aston Villa,c_01062137,Soccer,2026.0,2026 Topps Chrome Premier League,,21,Ben Broggio,Aston Villa,Premier League,Aqua Refractor,,0.0,0.0,,,raw,1.0,,,USD,,https://sportscards.standard.us-east-1.oortstorages.com/new%20card%20scans%202/card%20matcher/ben_broggio__2026_topps_premier_league_chrome__aston_villa__21__aqua_refractor__front.png,https://sportscards.standard.us-east-1.oortstorages.com/new%20card%20scans%202/card%20matcher/ben_broggio__2026_topps_premier_league_chrome__aston_villa__21__aqua_refractor__back.png,ebay_merge_2026-04-15,2026-04-15T22:41:01Z,261328.0,
2025 Topps Chrome Sapphire MLS Mohammed Sofo Blue Sapphire Refractor #5,Mohammed Sofo,56,2025 Topps Chrome Sapphire MLS,Topps,2025,MLS,Blue Sapphire Refractor,https://sportscards.standard.us-east-1.oortstorages.com/new%20card%20scans%202/card%20matcher/mohammed_sofo__2025_topps_chrome_sapphire_mls__nyrb__56__blue_sapphire_refractor__front.png|https://sportscards.standard.us-east-1.oortstorages.com/new%20card%20scans%202/card%20matcher/mohammed_sofo__2025_topps_chrome_sapphire_mls__nyrb__56__blue_sapphire_refractor__back.png,,,,,,New York RedBulls,c_d4dcf26a,Soccer,2025.0,2025 Topps Chrome Sapphire MLS,,56,Mohammed Sofo,New York RedBulls,MLS,Blue Sapphire Refractor,,0.0,0.0,,,raw,1.0,,,USD,,https://sportscards.standard.us-east-1.oortstorages.com/new%20card%20scans%202/card%20matcher/mohammed_sofo__2025_topps_chrome_sapphire_mls__nyrb__56__blue_sapphire_refractor__front.png,https://sportscards.standard.us-east-1.oortstorages.com/new%20card%20scans%202/card%20matcher/mohammed_sofo__2025_topps_chrome_sapphire_mls__nyrb__56__blue_sapphire_refractor__back.png,ebay_merge_2026-04-15,2026-04-15T22:41:01Z,261328.0,
2025 Panini Prizm FIFA Club World Cup Marcus Thuram Silver #92,Marcus Thuram,92,2025 Panini Prizm FIFA Club World Cup,Panini,2025,FIFA Club World Cup,Silver,https://sportscards.standard.us-east-1.oortstorages.com/new%20card%20scans%202/card%20matcher/marcus_thuram__2025_panini_prizm_fifa_club_world_cup__fc_internazionale_milano__92__silver__front.png|https://sportscards.standard.us-east-1.oortstorages.com/new%20card%20scans%202/card%20matcher/marcus_thuram__2025_panini_prizm_fifa_club_world_cup__fc_internazionale_milano__92__silver__back.png,,,,,,FC Internazionale Milano,c_c37e2521,Soccer,2025.0,2025 Panini Prizm FIFA Club World Cup,,92,Marcus Thuram,FC Internazionale Milano,FIFA Club World Cup,Silver,,0.0,0.0,,,raw,1.0,,,USD,,https://sportscards.standard.us-east-1.oortstorages.com/new%20card%20scans%202/card%20matcher/marcus_thuram__2025_panini_prizm_fifa_club_world_cup__fc_internazionale_milano__92__silver__front.png,https://sportscards.standard.us-east-1.oortstorages.com/new%20card%20scans%202/card%20matcher/marcus_thuram__2025_panini_prizm_fifa_club_world_cup__fc_internazionale_milano__92__silver__back.png,ebay_merge_2026-04-15,2026-04-15T22:41:01Z,261328.0,
2025 Topps Chrome Sapphire MLS Pedro De La Vega Wave Refractor #166,Pedro De La Vega,166,2025 Topps Chrome Sapphire MLS,Topps,2025,MLS,Wave Refractor,https://sportscards.standard.us-east-1.oortstorages.com/new%20card%20scans%202/card%20matcher/pedro_de_la_vega__2025_topps_chrome_sapphire_mls__seattle_sounders__166__wave_refractor__front.png|https://sportscards.standard.us-east-1.oortstorages.com/new%20card%20scans%202/card%20matcher/pedro_de_la_vega__2025_topps_chrome_sapphire_mls__seattle_sounders__166__wave_refractor__back.png,,,,,,Seattle Sounders,c_d2911507,Soccer,2025.0,2025 Topps Chrome Sapphire MLS,,166,Pedro De La Vega,Seattle Sounders,MLS,Wave Refractor,,0.0,0.0,,,raw,1.0,,,USD,,https://sportscards.standard.us-east-1.oortstorages.com/new%20card%20scans%202/card%20matcher/pedro_de_la_vega__2025_topps_chrome_sapphire_mls__seattle_sounders__166__wave_refractor__front.png,https://sportscards.standard.us-east-1.oortstorages.com/new%20card%20scans%202/card%20matcher/pedro_de_la_vega__2025_topps_chrome_sapphire_mls__seattle_sounders__166__wave_refractor__back.png,ebay_merge_2026-04-15,2026-04-15T22:41:01Z,261328.0,
2025 Topps Chrome Sapphire MLS Mohammed Sofo Black Sapphire Refractor #,Mohammed Sofo,56,2025 Topps Chrome Sapphire MLS,Topps,2025,MLS,Black Sapphire Refractor,https://sportscards.standard.us-east-1.oortstorages.com/new%20card%20scans%202/card%20matcher/mohammed_sofo__2025_topps_chrome_sapphire_mls__nyrb__56__black_sapphire_refractor__front.png|https://sportscards.standard.us-east-1.oortstorages.com/new%20card%20scans%202/card%20matcher/mohammed_sofo__2025_topps_chrome_sapphire_mls__nyrb__56__blue_sapphire_refractor__back.pngNew York RedBulls,c_4886ced0,Soccer,2025.0,2025 Topps Chrome Sapphire MLS,,56,Mohammed Sofo,New York RedBulls,MLS,Black Sapphire Refractor,,0.0,0.0,,,raw,1.0,,,USD,,https://sportscards.standard.us-east-1.oortstorages.com/new%20card%20scans%202/card%20matcher/mohammed_sofo__2025_topps_chrome_sapphire_mls__nyrb__56__blue_sapphire_refractor__front.png,https://sportscards.standard.us-east-1.oortstorages.com/new%20card%20scans%202/card%20matcher/mohammed_sofo__2025_topps_chrome_sapphire_mls__nyrb__56__blue_sapphire_refractor__back.png,ebay_merge_2026-04-15,2026-04-15T22:41:01Z,261328.0,
2025 Topps Chrome MLS Frank Lampard Purple Speckle Refractor #NF-10,Frank Lampard,NF-10,2025 Topps Chrome MLS,Topps,2025,MLS,Purple Speckle Refractor,https://sportscards.standard.us-east-1.oortstorages.com/new%20card%20scans%202/card%20matcher/JPEG%20image-0689A4F825F0-5_5.png|https://sportscards.standard.us-east-1.oortstorages.com/new%20card%20scans%202/card%20matcher/jpeg_lampard_purple.jpg.png,,,,,,NYCFC,c_7936baed,Soccer,2025.0,2025 Topps Chrome MLS,,NF-10,Frank Lampard,NYCFC,MLS,Purple Speckle Refractor,,0.0,0.0,,,raw,1.0,,,USD,,https://sportscards.standard.us-east-1.oortstorages.com/new%20card%20scans%202/card%20matcher/JPEG%20image-0689A4F825F0-5_5.png,https://sportscards.standard.us-east-1.oortstorages.com/new%20card%20scans%202/card%20matcher/jpeg_lampard_purple.jpg.png,ebay_merge_2026-04-15,2026-04-15T22:41:01Z,261328.0,
2026 Topps Chrome Premier League Harrison Murray-Campbell Refractor #69,Harrison Murray-Campbell,69,2026 Topps Chrome Premier League,Topps,2026,Premier League,Refractor,https://sportscards.standard.us-east-1.oortstorages.com/new%20card%20scans%202/card%20matcher/classic_photos_0003_Layer-4.png|https://sportscards.standard.us-east-1.oortstorages.com/new%20card%20scans%202/card%20matcher/classic_photos_0008_Layer-10.png,,,,,,Chelsea FC,c_c30ab54c,Soccer,2026.0,2026 Topps Chrome Premier League,,69,Harrison Murray-Campbell,Chelsea FC,Premier League,Refractor,,0.0,0.0,,,raw,1.0,,,USD,,https://sportscards.standard.us-east-1.oortstorages.com/new%20card%20scans%202/card%20matcher/classic_photos_0003_Layer-4.png,https://sportscards.standard.us-east-1.oortstorages.com/new%20card%20scans%202/card%20matcher/classic_photos_0008_Layer-10.png,ebay_merge_2026-04-15,2026-04-15T22:41:01Z,261328.0,
2025 Topps Chrome MLS Wayne Rooney Purple Wave Refractor #35,Wayne Rooney,35,2025 Topps Chrome MLS,Topps,2025,MLS,Purple Wave Refractor,https://sportscards.standard.us-east-1.oortstorages.com/new%20card%20scans%202/card%20matcher/JPEG1_0001_Layer-3.png|https://sportscards.standard.us-east-1.oortstorages.com/new%20card%20scans%202/card%20matcher/JPEG1_0003_Layer-1.png,,,,,,DC United,c_64044c11,Soccer,2025.0,2025 Topps Chrome MLS,,35,Wayne Rooney,DC United,MLS,Purple Wave Refractor,,0.0,0.0,,,raw,1.0,,,USD,,https://sportscards.standard.us-east-1.oortstorages.com/new%20card%20scans%202/card%20matcher/JPEG1_0001_Layer-3.png,https://sportscards.standard.us-east-1.oortstorages.com/new%20card%20scans%202/card%20matcher/JPEG1_0003_Layer-1.png,ebay_merge_2026-04-15,2026-04-15T22:41:01Z,261328.0,
2026 Topps Chrome Premier League Nico O' Reilly Wave Refractor #130,Nico O' Reilly,130,2026 Topps Chrome Premier League,Topps,2026,Premier League,Wave Refractor,https://sportscards.standard.us-east-1.oortstorages.com/new%20card%20scans%202/card%20matcher/classic_photos_0002_Layer-5.png|https://sportscards.standard.us-east-1.oortstorages.com/new%20card%20scans%202/card%20matcher/classic_photos_0009_Layer-9.png,,,,,,Manchester City,c_6c78be20,Soccer,2026.0,2026 Topps Chrome Premier League,,130,Nico O' Reilly,Manchester City,Premier League,Wave Refractor,,0.0,0.0,,,raw,1.0,,,USD,,https://sportscards.standard.us-east-1.oortstorages.com/new%20card%20scans%202/card%20matcher/classic_photos_0002_Layer-5.png,https://sportscards.standard.us-east-1.oortstorages.com/new%20card%20scans%202/card%20matcher/classic_photos_0009_Layer-9.png,ebay_merge_2026-04-15,2026-04-15T22:41:01Z,261328.0,
2025 Topps Chrome MLS Nicolas Lodeiro Blue Refractor #55,Nicolas Lodeiro,55,2025 Topps Chrome MLS,Topps,2025,MLS,Blue Refractor,https://sportscards.standard.us-east-1.oortstorages.com/new%20card%20scans%202/card%20matcher/Untitled-1_0011_Layer-13.png|https://sportscards.standard.us-east-1.oortstorages.com/new%20card%20scans%202/card%20matcher/Untitled-1_0003_Layer-21.png,,,,,,Houston Dynamo FC,c_abcc7f83,Soccer,2025.0,2025 Topps Chrome MLS,,55,Nicolas Lodeiro,Houston Dynamo FC,MLS,Blue Refractor,,0.0,0.0,,,raw,1.0,,,USD,,https://sportscards.standard.us-east-1.oortstorages.com/new%20card%20scans%202/card%20matcher/Untitled-1_0011_Layer-13.png,https://sportscards.standard.us-east-1.oortstorages.com/new%20card%20scans%202/card%20matcher/Untitled-1_0003_Layer-21.png,ebay_merge_2026-04-15,2026-04-15T22:41:01Z,261328.0,
2026 Topps Chrome Premier League Milos Kerkez Wave Refractor #111,Milos Kerkez,111,2026 Topps Chrome Premier League,Topps,2026,Premier League,Wave Refractor,https://sportscards.standard.us-east-1.oortstorages.com/new%20card%20scans%202/card%20matcher/classic_photos_0005_Layer-2.png|https://sportscards.standard.us-east-1.oortstorages.com/new%20card%20scans%202/card%20matcher/classic_photos_0007_Layer-11.png,,,,,,Liverpool,c_11179b5c,Soccer,2026.0,2026 Topps Chrome Premier League,,111,Milos Kerkez,Liverpool,Premier League,Wave Refractor,,0.0,0.0,,,raw,1.0,,,USD,,https://sportscards.standard.us-east-1.oortstorages.com/new%20card%20scans%202/card%20matcher/classic_photos_0005_Layer-2.png,https://sportscards.standard.us-east-1.oortstorages.com/new%20card%20scans%202/card%20matcher/classic_photos_0007_Layer-11.png,ebay_merge_2026-04-15,2026-04-15T22:41:01Z,261328.0,
2026 Panini Prizm Monopoly FIFA World Cup Soccer Jay-Jay Okocha Red Refractor #8,Jay-Jay Okocha,82,2026 Panini Prizm Monopoly FIFA World Cup Soccer,Panini,2026,FIFA World Cup,Red Refractor,https://sportscards.standard.us-east-1.oortstorages.com/new%20card%20scans%202/card%20matcher/Monopoly%20image-A224F8C714F8-5_2.jpg|https://sportscards.standard.us-east-1.oortstorages.com/new%20card%20scans%202/card%20matcher/Monopoly%20image-A224F8C714F8-6_2.png,,,,,,Nigeria,c_a740aa9b,Soccer,2026.0,2026 Panini Prizm Monopoly FIFA World Cup Soccer,,82,Jay-Jay Okocha,Nigeria,FIFA World Cup,Red Refractor,,0.0,0.0,,,raw,1.0,,,USD,,https://sportscards.standard.us-east-1.oortstorages.com/new%20card%20scans%202/card%20matcher/Monopoly%20image-A224F8C714F8-5_2.jpg,https://sportscards.standard.us-east-1.oortstorages.com/new%20card%20scans%202/card%20matcher/Monopoly%20image-A224F8C714F8-6_2.png,ebay_merge_2026-04-15,2026-04-15T22:41:01Z,261328.0,
2025 Topps Chrome MLS Kaick Aqua Refractor #200,Kaick,200,2025 Topps Chrome MLS,Topps,2025,MLS,Aqua Refractor,https://sportscards.standard.us-east-1.oortstorages.com/new%20card%20scans%202/card%20matcher/classic_cards_3_0000_Layer-19.png|https://sportscards.standard.us-east-1.oortstorages.com/new%20card%20scans%202/card%20matcher/classic_cards_3_0006_Layer-13.png,,,,,,FC Dallas,c_aed36971,Soccer,2025.0,2025 Topps Chrome MLS,,200,Kaick,FC Dallas,MLS,Aqua Refractor,,0.0,0.0,,,raw,1.0,,,USD,,https://sportscards.standard.us-east-1.oortstorages.com/new%20card%20scans%202/card%20matcher/classic_cards_3_0000_Layer-19.png,https://sportscards.standard.us-east-1.oortstorages.com/new%20card%20scans%202/card%20matcher/classic_cards_3_0006_Layer-13.png,ebay_merge_2026-04-15,2026-04-15T22:41:01Z,261328.0,
2025 Topps Chrome MLS Kaick Refractor #37,Kaick,37,2025 Topps Chrome MLS,Topps,2025,MLS,Refractor,https://sportscards.standard.us-east-1.oortstorages.com/new%20card%20scans%202/card%20matcher/classic_cards_3_0002_Layer-17.png|https://sportscards.standard.us-east-1.oortstorages.com/new%20card%20scans%202/card%20matcher/classic_cards_3_0008_Layer-11.png,,,,,,FC Dallas,c_e2542d3c,Soccer,2025.0,2025 Topps Chrome MLS,,37,Kaick,FC Dallas,MLS,Refractor,,0.0,0.0,,,raw,1.0,,,USD,,https://sportscards.standard.us-east-1.oortstorages.com/new%20card%20scans%202/card%20matcher/classic_cards_3_0002_Layer-17.png,https://sportscards.standard.us-east-1.oortstorages.com/new%20card%20scans%202/card%20matcher/classic_cards_3_0008_Layer-11.png,ebay_merge_2026-04-15,2026-04-15T22:41:01Z,261328.0,
2026 Topps Chrome Premier League Jamaldeen Jimoh-Aloba Refractor #30,Jamaldeen Jimoh-Aloba,30,2026 Topps Chrome Premier League,Topps,2026,Premier League,Refractor,https://sportscards.standard.us-east-1.oortstorages.com/new%20card%20scans%202/card%20matcher/jamaldeen_jimoh_aloba__2026_topps_premier_league_chrome__aston_villa__30__refractor__front.png|https://sportscards.standard.us-east-1.oortstorages.com/new%20card%20scans%202/card%20matcher/jamaldeen_jimoh_aloba__2026_topps_premier_league_chrome__aston_villa__30__refractor__back.png,,,,,,Aston Villa,c_7a12c852,Soccer,2026.0,2026 Topps Chrome Premier League,,30,Jamaldeen Jimoh-Aloba,Aston Villa,Premier League,Refractor,,0.0,0.0,,,raw,1.0,,,USD,,https://sportscards.standard.us-east-1.oortstorages.com/new%20card%20scans%202/card%20matcher/jamaldeen_jimoh_aloba__2026_topps_premier_league_chrome__aston_villa__30__refractor__front.png,https://sportscards.standard.us-east-1.oortstorages.com/new%20card%20scans%202/card%20matcher/jamaldeen_jimoh_aloba__2026_topps_premier_league_chrome__aston_villa__30__refractor__back.png,ebay_merge_2026-04-15,2026-04-15T22:41:01Z,261328.0,
2025 Topps Chrome Sapphire MLS Kalani Kossa-Rienzi Wave Refractor #118,Kalani Kossa-Rienzi,118,2025 Topps Chrome Sapphire MLS,Topps,2025,MLS,Wave Refractor,https://sportscards.standard.us-east-1.oortstorages.com/new%20card%20scans%202/card%20matcher/kalani_kossa_rienzi__2025_topps_chrome_sapphire_mls__seattle_sounders__118__wave_refractor__front.png|https://sportscards.standard.us-east-1.oortstorages.com/new%20card%20scans%202/card%20matcher/kalani_kossa_rienzi__2025_topps_chrome_sapphire_mls__seattle_sounders__118__wave_refractor__back.png,,,,,,Seattle Sounders,c_116c902b,Soccer,2025.0,2025 Topps Chrome Sapphire MLS,,118,Kalani Kossa-Rienzi,Seattle Sounders,MLS,Wave Refractor,,0.0,0.0,,,raw,1.0,,,USD,,https://sportscards.standard.us-east-1.oortstorages.com/new%20card%20scans%202/card%20matcher/kalani_kossa_rienzi__2025_topps_chrome_sapphire_mls__seattle_sounders__118__wave_refractor__front.png,https://sportscards.standard.us-east-1.oortstorages.com/new%20card%20scans%202/card%20matcher/kalani_kossa_rienzi__2025_topps_chrome_sapphire_mls__seattle_sounders__118__wave_refractor__back.png,ebay_merge_2026-04-15,2026-04-15T22:41:01Z,261328.0,
2025 Topps Chrome Sapphire MLS Thierry Henry Blue Sapphire Refractor #1,Thierry Henry,14,2025 Topps Chrome Sapphire MLS,Topps,2025,MLS,Blue Sapphire Refractor,https://sportscards.standard.us-east-1.oortstorages.com/new%20card%20scans%202/card%20matcher/thierry_henry__2025_topps_chrome_sapphire_mls__nyrb__14__blue_sapphire_refractor__front.png|https://sportscards.standard.us-east-1.oortstorages.com/new%20card%20scans%202/card%20matcher/thierry_henry__2025_topps_chrome_sapphire_mls__nyrb__14__blue_sapphire_refractor__back.png,,,,,,New York RedBulls,c_3f4bb35b,Soccer,2025.0,2025 Topps Chrome Sapphire MLS,,14,Thierry Henry,New York RedBulls,MLS,Blue Sapphire Refractor,,0.0,0.0,,,raw,1.0,,,USD,,https://sportscards.standard.us-east-1.oortstorages.com/new%20card%20scans%202/card%20matcher/thierry_henry__2025_topps_chrome_sapphire_mls__nyrb__14__blue_sapphire_refractor__front.png,https://sportscards.standard.us-east-1.oortstorages.com/new%20card%20scans%202/card%20matcher/thierry_henry__2025_topps_chrome_sapphire_mls__nyrb__14__blue_sapphire_refractor__back.png,ebay_merge_2026-04-15,2026-04-15T22:41:01Z,261328.0,
2025 Topps Chrome Sapphire MLS Hannes Wolf Aqua Refractor #98,Hannes Wolf,98,2025 Topps Chrome Sapphire MLS,Topps,2025,MLS,Aqua Refractor,https://sportscards.standard.us-east-1.oortstorages.com/new%20card%20scans%202/card%20matcher/hannes_wolf__2025_topps_chrome_sapphire_mls__nycfc__98__aqua_refractor__front.png|https://sportscards.standard.us-east-1.oortstorages.com/new%20card%20scans%202/card%20matcher/hannes_wolf__2025_topps_chrome_sapphire_mls__nycfc__98__aqua_refractor__back.png,,,,,,NYCFC,c_43ddc251,Soccer,2025.0,2025 Topps Chrome Sapphire MLS,,98,Hannes Wolf,NYCFC,MLS,Aqua Refractor,,0.0,0.0,,,raw,1.0,,,USD,,https://sportscards.standard.us-east-1.oortstorages.com/new%20card%20scans%202/card%20matcher/hannes_wolf__2025_topps_chrome_sapphire_mls__nycfc__98__aqua_refractor__front.png,https://sportscards.standard.us-east-1.oortstorages.com/new%20card%20scans%202/card%20matcher/hannes_wolf__2025_topps_chrome_sapphire_mls__nycfc__98__aqua_refractor__back.png,ebay_merge_2026-04-15,2026-04-15T22:41:01Z,261328.0,
2025 Topps Chrome Sapphire MLS Jordan Morris Wave Refractor #125,Jordan Morris,125,2025 Topps Chrome Sapphire MLS,Topps,2025,MLS,Wave Refractor,https://sportscards.standard.us-east-1.oortstorages.com/new%20card%20scans%202/card%20matcher/jordan_morris__2025_topps_chrome_sapphire_mls__seattle_sounders__125__wave_refractor__front.png|https://sportscards.standard.us-east-1.oortstorages.com/new%20card%20scans%202/card%20matcher/jordan_morris__2025_topps_chrome_sapphire_mls__seattle_sounders__125__wave_refractor__back.png,,,,,,Seattle Sounders,c_def0f59c,Soccer,2025.0,2025 Topps Chrome Sapphire MLS,,125,Jordan Morris,Seattle Sounders,MLS,Wave Refractor,,0.0,0.0,,,raw,1.0,,,USD,,https://sportscards.standard.us-east-1.oortstorages.com/new%20card%20scans%202/card%20matcher/jordan_morris__2025_topps_chrome_sapphire_mls__seattle_sounders__125__wave_refractor__front.png,https://sportscards.standard.us-east-1.oortstorages.com/new%20card%20scans%202/card%20matcher/jordan_morris__2025_topps_chrome_sapphire_mls__seattle_sounders__125__wave_refractor__back.png,ebay_merge_2026-04-15,2026-04-15T22:41:01Z,261328.0,
2026 Panini Prizm Monopoly FIFA World Cup Soccer Alphonso Davies Red Refractor #,Alphonso Davies,78,2026 Panini Prizm Monopoly FIFA World Cup Soccer,Panini,2026,FIFA World Cup,Red Refractor,https://sportscards.standard.us-east-1.oortstorages.com/new%20card%20scans%202/card%20matcher/Untitled-1_0006_Layer-6.png|https://sportscards.standard.us-east-1.oortstorages.com/new%20card%20scans%202/card%20matcher/Untitled-1_0003_Layer-9.png,,,,,,Canada,c_9964929d,Soccer,2026.0,2026 Panini Prizm Monopoly FIFA World Cup Soccer,,78,Alphonso Davies,Canada,FIFA World Cup,Red Refractor,,0.0,0.0,,,raw,1.0,,,USD,,https://sportscards.standard.us-east-1.oortstorages.com/new%20card%20scans%202/card%20matcher/Untitled-1_0006_Layer-6.png,https://sportscards.standard.us-east-1.oortstorages.com/new%20card%20scans%202/card%20matcher/Untitled-1_0003_Layer-9.png,ebay_merge_2026-04-15,2026-04-15T22:41:01Z,261328.0,
2025 Topps Chrome MLS Deandre Kerr Purple Refractor #143,Deandre Kerr,143,2025 Topps Chrome MLS,Topps,2025,MLS,Purple Refractor,https://sportscards.standard.us-east-1.oortstorages.com/new%20card%20scans%202/card%20matcher/JPEG%20image-0689A4F825F0-5_6.png|https://sportscards.standard.us-east-1.oortstorages.com/new%20card%20scans%202/card%20matcher/jpeg_deandre_purple.jpg.png,,,,,,Toronto FC,c_7bced905,Soccer,2025.0,2025 Topps Chrome MLS,,143,Deandre Kerr,Toronto FC,MLS,Purple Refractor,,0.0,0.0,,,raw,1.0,,,USD,,https://sportscards.standard.us-east-1.oortstorages.com/new%20card%20scans%202/card%20matcher/JPEG%20image-0689A4F825F0-5_6.png,https://sportscards.standard.us-east-1.oortstorages.com/new%20card%20scans%202/card%20matcher/jpeg_deandre_purple.jpg.png,ebay_merge_2026-04-15,2026-04-15T22:41:01Z,261328.0,
2025 Topps Chrome MLS Eric Wynalda Purple Speckle Refractor #NFA-EW,Eric Wynalda,NFA-EW,2025 Topps Chrome MLS,Topps,2025,MLS,Purple Speckle Refractor,https://sportscards.standard.us-east-1.oortstorages.com/new%20card%20scans%202/card%20matcher/JPEG%20image-0689A4F825F0-5_4.jpg|https://sportscards.standard.us-east-1.oortstorages.com/new%20card%20scans%202/card%20matcher/jpeg_wynalda_purple.jpg.png,,,,,,San Jose Clash,c_419d81e7,Soccer,2025.0,2025 Topps Chrome MLS,,NFA-EW,Eric Wynalda,San Jose Clash,MLS,Purple Speckle Refractor,,0.0,0.0,,,raw,1.0,,,USD,,https://sportscards.standard.us-east-1.oortstorages.com/new%20card%20scans%202/card%20matcher/JPEG%20image-0689A4F825F0-5_4.jpg,https://sportscards.standard.us-east-1.oortstorages.com/new%20card%20scans%202/card%20matcher/jpeg_wynalda_purple.jpg.png,ebay_merge_2026-04-15,2026-04-15T22:41:01Z,261328.0,
2026 Panini Prizm Monopoly FIFA World Cup Soccer Carlos Vela Blue Wave Refractor,Carlos Vela,53,2026 Panini Prizm Monopoly FIFA World Cup Soccer,Panini,2026,FIFA World Cup,Blue Wave Refractor,https://sportscards.standard.us-east-1.oortstorages.com/new%20card%20scans%202/card%20matcher/Monopoly%20image-A224F8C714F8-5_1.png|https://sportscards.standard.us-east-1.oortstorages.com/new%20card%20scans%202/card%20matcher/Monopoly%20image-A224F8C714F8-6_1.png,,,,,,Mexico,c_0b666512,Soccer,2026.0,2026 Panini Prizm Monopoly FIFA World Cup Soccer,,53,Carlos Vela,Mexico,FIFA World Cup,Blue Wave Refractor,,0.0,0.0,,,raw,1.0,,,USD,,https://sportscards.standard.us-east-1.oortstorages.com/new%20card%20scans%202/card%20matcher/Monopoly%20image-A224F8C714F8-5_1.png,https://sportscards.standard.us-east-1.oortstorages.com/new%20card%20scans%202/card%20matcher/Monopoly%20image-A224F8C714F8-6_1.png,ebay_merge_2026-04-15,2026-04-15T22:41:01Z,261328.0,
2025 Topps Chrome MLS Christian Benteke Purple Refractor #BCS-1,Christian Benteke,BCS-1,2025 Topps Chrome MLS,Topps,2025,MLS,Purple Refractor,https://sportscards.standard.us-east-1.oortstorages.com/new%20card%20scans%202/card%20matcher/JPEG%20image-0689A4F825F0-5_3.png|https://sportscards.standard.us-east-1.oortstorages.com/new%20card%20scans%202/card%20matcher/jpeg_back_0002_Layer-3.png,,,,,,DC United,c_df0de14a,Soccer,2025.0,2025 Topps Chrome MLS,,BCS-1,Christian Benteke,DC United,MLS,Purple Refractor,,0.0,0.0,,,raw,1.0,,,USD,,https://sportscards.standard.us-east-1.oortstorages.com/new%20card%20scans%202/card%20matcher/JPEG%20image-0689A4F825F0-5_3.png,https://sportscards.standard.us-east-1.oortstorages.com/new%20card%20scans%202/card%20matcher/jpeg_back_0002_Layer-3.png,ebay_merge_2026-04-15,2026-04-15T22:41:01Z,261328.0,
2025 Topps Chrome MLS Christian Benteke Purple Refractor #43,Christian Benteke,43,2025 Topps Chrome MLS,Topps,2025,MLS,Purple Refractor,https://sportscards.standard.us-east-1.oortstorages.com/new%20card%20scans%202/card%20matcher/JPEG%20image-0689A4F825F0-5_2.jpg|https://sportscards.standard.us-east-1.oortstorages.com/new%20card%20scans%202/card%20matcher/jpeg_back_0001_Layer-4.png,,,,,,DC United,c_5e84c9dc,Soccer,2025.0,2025 Topps Chrome MLS,,43,Christian Benteke,DC United,MLS,Purple Refractor,,0.0,0.0,,,raw,1.0,,,USD,,https://sportscards.standard.us-east-1.oortstorages.com/new%20card%20scans%202/card%20matcher/JPEG%20image-0689A4F825F0-5_2.jpg,https://sportscards.standard.us-east-1.oortstorages.com/new%20card%20scans%202/card%20matcher/jpeg_back_0001_Layer-4.png,ebay_merge_2026-04-15,2026-04-15T22:41:01Z,261328.0,
2025 Topps Chrome MLS Cristian Arango Purple Refractor #137,Cristian Arango,137,2025 Topps Chrome MLS,Topps,2025,MLS,Purple Refractor,https://sportscards.standard.us-east-1.oortstorages.com/new%20card%20scans%202/card%20matcher/JPEG%20image-0689A4F825F0-5_1.jpg|https://sportscards.standard.us-east-1.oortstorages.com/new%20card%20scans%202/card%20matcher/jpeg_back_0000_Layer-5.png,,,,,,San Jose Earthquakes,c_578e81ed,Soccer,2025.0,2025 Topps Chrome MLS,,137,Cristian Arango,San Jose Earthquakes,MLS,Purple Refractor,,0.0,0.0,,,raw,1.0,,,USD,,https://sportscards.standard.us-east-1.oortstorages.com/new%20card%20scans%202/card%20matcher/JPEG%20image-0689A4F825F0-5_1.jpg,https://sportscards.standard.us-east-1.oortstorages.com/new%20card%20scans%202/card%20matcher/jpeg_back_0000_Layer-5.png,ebay_merge_2026-04-15,2026-04-15T22:41:01Z,261328.0,
2026 Topps Chrome Premier League Alexander Isak Wave Refractor #117,Alexander Isak,117,2026 Topps Chrome Premier League,Topps,2026,Premier League,Wave Refractor,https://sportscards.standard.us-east-1.oortstorages.com/new%20card%20scans%202/card%20matcher/classic_photos_0001_Layer-6.png|https://sportscards.standard.us-east-1.oortstorages.com/new%20card%20scans%202/card%20matcher/classic_photos_0006_Layer-12.png,,,,,,Liverpool,c_e913cc68,Soccer,2026.0,2026 Topps Chrome Premier League,,117,Alexander Isak,Liverpool,Premier League,Wave Refractor,,0.0,0.0,,,raw,1.0,,,USD,,https://sportscards.standard.us-east-1.oortstorages.com/new%20card%20scans%202/card%20matcher/classic_photos_0001_Layer-6.png,https://sportscards.standard.us-east-1.oortstorages.com/new%20card%20scans%202/card%20matcher/classic_photos_0006_Layer-12.png,ebay_merge_2026-04-15,2026-04-15T22:41:01Z,261328.0,
2023-24 Panini Select Premier League Equalizers 1 Marcus Tavernier Blue Pulsar,Marcus Tavernier,1,2023-24 Panini Select Premier League,Panini,2023-24,Premier League,Blue Pulsar,https://sportscards.standard.us-east-1.oortstorages.com/new%20card%20scans%202/card%20matcher/Untitled-40_0005_Layer%203.jpg|https://sportscards.standard.us-east-1.oortstorages.com/new%20card%20scans%202/card%20matcher/Untitled-40-back_0005_Layer%203.jpg,,,,,,Bournemouth,c_4b07aecd,Soccer,2023.0,2023-24 Panini Select Premier League,,1,Marcus Tavernier,Bournemouth,Premier League,Blue Pulsar,,0.0,0.0,,,raw,1.0,,,USD,,https://sportscards.standard.us-east-1.oortstorages.com/new%20card%20scans%202/card%20matcher/Untitled-40_0005_Layer%203.jpg,https://sportscards.standard.us-east-1.oortstorages.com/new%20card%20scans%202/card%20matcher/Untitled-40-back_0005_Layer%203.jpg,ebay_merge_2026-04-15,2026-04-15T22:41:01Z,261328.0,
2025 Topps Chrome MLS Seymour Reid Purple Wave Refractor #169,Seymour Reid,169,2025 Topps Chrome MLS,Topps,2025,MLS,Purple Wave Refractor,https://sportscards.standard.us-east-1.oortstorages.com/new%20card%20scans%202/card%20matcher/JPEG%20image-0689A4F825F0-7_3.png|https://sportscards.standard.us-east-1.oortstorages.com/new%20card%20scans%202/card%20matcher/jpeg_seymour_purple.png,,,,,,NYCFC,c_811f77dc,Soccer,2025.0,2025 Topps Chrome MLS,,169,Seymour Reid,NYCFC,MLS,Purple Wave Refractor,,0.0,0.0,,,raw,1.0,,,USD,,https://sportscards.standard.us-east-1.oortstorages.com/new%20card%20scans%202/card%20matcher/JPEG%20image-0689A4F825F0-7_3.png,https://sportscards.standard.us-east-1.oortstorages.com/new%20card%20scans%202/card%20matcher/jpeg_seymour_purple.png,ebay_merge_2026-04-15,2026-04-15T22:41:01Z,261328.0,
2025 Topps Chrome MLS Shapi Suleymanov Blue Refractor #78,Shapi Suleymanov,78,2025 Topps Chrome MLS,Topps,2025,MLS,Blue Refractor,https://sportscards.standard.us-east-1.oortstorages.com/new%20card%20scans%202/card%20matcher/Untitled-1_0008_Layer-16.png|https://sportscards.standard.us-east-1.oortstorages.com/new%20card%20scans%202/card%20matcher/Untitled-1_0000_Layer-24.png,,,,,,Sporting Kansas City,c_35bfbbd7,Soccer,2025.0,2025 Topps Chrome MLS,,78,Shapi Suleymanov,Sporting Kansas City,MLS,Blue Refractor,,0.0,0.0,,,raw,1.0,,,USD,,https://sportscards.standard.us-east-1.oortstorages.com/new%20card%20scans%202/card%20matcher/Untitled-1_0008_Layer-16.png,https://sportscards.standard.us-east-1.oortstorages.com/new%20card%20scans%202/card%20matcher/Untitled-1_0000_Layer-24.png,ebay_merge_2026-04-15,2026-04-15T22:41:01Z,261328.0,
2025 Topps Chrome MLS Kalani Kossa-Rienzi Blue Refractor #118,Kalani Kossa-Rienzi,118,2025 Topps Chrome MLS,Topps,2025,MLS,Blue Refractor,https://sportscards.standard.us-east-1.oortstorages.com/new%20card%20scans%202/card%20matcher/Untitled-1_0010_Layer-14.png|https://sportscards.standard.us-east-1.oortstorages.com/new%20card%20scans%202/card%20matcher/Untitled-1_0004_Layer-20.png,,,,,,Seattle Sounders,c_e18418a5,Soccer,2025.0,2025 Topps Chrome MLS,,118,Kalani Kossa-Rienzi,Seattle Sounders,MLS,Blue Refractor,,0.0,0.0,,,raw,1.0,,,USD,,https://sportscards.standard.us-east-1.oortstorages.com/new%20card%20scans%202/card%20matcher/Untitled-1_0010_Layer-14.png,https://sportscards.standard.us-east-1.oortstorages.com/new%20card%20scans%202/card%20matcher/Untitled-1_0004_Layer-20.png,ebay_merge_2026-04-15,2026-04-15T22:41:01Z,261328.0,
2025 Topps Chrome MLS Tadeo Allende Green Refractor #28,Tadeo Allende,28,2025 Topps Chrome MLS,Topps,2025,MLS,Green Refractor,https://sportscards.standard.us-east-1.oortstorages.com/new%20card%20scans%202/card%20matcher/Untitled-1_0006_Layer-18.png|https://sportscards.standard.us-east-1.oortstorages.com/new%20card%20scans%202/card%20matcher/Untitled-1_0002_Layer-22.png,,,,,,Inter Miami FC,c_30695e73,Soccer,2025.0,2025 Topps Chrome MLS,,28,Tadeo Allende,Inter Miami FC,MLS,Green Refractor,,0.0,0.0,,,raw,1.0,,,USD,,https://sportscards.standard.us-east-1.oortstorages.com/new%20card%20scans%202/card%20matcher/Untitled-1_0006_Layer-18.png,https://sportscards.standard.us-east-1.oortstorages.com/new%20card%20scans%202/card%20matcher/Untitled-1_0002_Layer-22.png,ebay_merge_2026-04-15,2026-04-15T22:41:01Z,261328.0,
2025 Topps Chrome MLS Seymour Reid Black Wave Refractor #CA-SR,Seymour Reid,CA-SR,2025 Topps Chrome MLS,Topps,2025,MLS,Black Wave Refractor,https://sportscards.standard.us-east-1.oortstorages.com/new%20card%20scans%202/card%20matcher/JPEG%20image-0689A4F825F0-7_2.png|https://sportscards.standard.us-east-1.oortstorages.com/new%20card%20scans%202/card%20matcher/JPEG%20image-0689A4F825F0-8_2.jpg,,,,,,NYCFC,c_a16fa83a,Soccer,2025.0,2025 Topps Chrome MLS,,CA-SR,Seymour Reid,NYCFC,MLS,Black Wave Refractor,,0.0,0.0,,,raw,1.0,,,USD,,https://sportscards.standard.us-east-1.oortstorages.com/new%20card%20scans%202/card%20matcher/JPEG%20image-0689A4F825F0-7_2.png,https://sportscards.standard.us-east-1.oortstorages.com/new%20card%20scans%202/card%20matcher/JPEG%20image-0689A4F825F0-8_2.jpg,ebay_merge_2026-04-15,2026-04-15T22:41:01Z,261328.0,
2026 Panini Prizm Monopoly FIFA World Cup Soccer Rafael Márquez Red Refractor #5,Rafael Márquez,57,2026 Panini Prizm Monopoly FIFA World Cup Soccer,Panini,2026,FIFA World Cup,Red Refractor,https://sportscards.standard.us-east-1.oortstorages.com/new%20card%20scans%202/card%20matcher/Monopoly%20image-A224F8C714F8-5_6.png|https://sportscards.standard.us-east-1.oortstorages.com/new%20card%20scans%202/card%20matcher/Monopoly%20image-A224F8C714F8-6_6.png,,,,,,Mexico,c_3a6e505d,Soccer,2026.0,2026 Panini Prizm Monopoly FIFA World Cup Soccer,,57,Rafael Márquez,Mexico,FIFA World Cup,Red Refractor,,0.0,0.0,,,raw,1.0,,,USD,,https://sportscards.standard.us-east-1.oortstorages.com/new%20card%20scans%202/card%20matcher/Monopoly%20image-A224F8C714F8-5_6.png,https://sportscards.standard.us-east-1.oortstorages.com/new%20card%20scans%202/card%20matcher/Monopoly%20image-A224F8C714F8-6_6.png,ebay_merge_2026-04-15,2026-04-15T22:41:01Z,261328.0,
2025 Topps Chrome Sapphire MLS Eric Maxim Choupo-Moting Blue Sapphire R,Eric Maxim Choupo-Moting,111,2025 Topps Chrome Sapphire MLS,Topps,2025,MLS,Blue Sapphire Refractor,https://sportscards.standard.us-east-1.oortstorages.com/new%20card%20scans%202/card%20matcher/eric_maxim_choupo_moting__2025_topps_chrome_sapphire_mls__nyrb__111__blue_sapphire_refractor__front.png|https://sportscards.standard.us-east-1.oortstorages.com/new%20card%20scans%202/card%20matcher/eric_maxim_choupo_moting__2025_topps_chrome_sapphire_mls__nyrb__111__blue_sapphire_refractor__back.png,,,,,,New York RedBulls,c_79ddb875,Soccer,2025.0,2025 Topps Chrome Sapphire MLS,,111,Eric Maxim Choupo-Moting,New York RedBulls,MLS,Blue Sapphire Refractor,,0.0,0.0,,,raw,1.0,,,USD,,https://sportscards.standard.us-east-1.oortstorages.com/new%20card%20scans%202/card%20matcher/eric_maxim_choupo_moting__2025_topps_chrome_sapphire_mls__nyrb__111__blue_sapphire_refractor__front.png,https://sportscards.standard.us-east-1.oortstorages.com/new%20card%20scans%202/card%20matcher/eric_maxim_choupo_moting__2025_topps_chrome_sapphire_mls__nyrb__111__blue_sapphire_refractor__back.png,ebay_merge_2026-04-15,2026-04-15T22:41:01Z,261328.0,
2025 Topps Chrome Sapphire MLS Idan Toklomati Fast Lane #FL-25,Idan Toklomati,FL-25,2025 Topps Chrome Sapphire MLS,Topps,2025,MLS,Fast Lane,https://sportscards.standard.us-east-1.oortstorages.com/new%20card%20scans%202/card%20matcher/idan_toklomati__2025_topps_chrome_sapphire_mls__charlotte_fc__fl_25__fast_lane__front.png|https://sportscards.standard.us-east-1.oortstorages.com/new%20card%20scans%202/card%20matcher/idan_toklomati__2025_topps_chrome_sapphire_mls__charlotte_fc__fl_25__fast_lane__back.png,,,,,,Charlotte FC,c_3deb06e4,Soccer,2025.0,2025 Topps Chrome Sapphire MLS,,FL-25,Idan Toklomati,Charlotte FC,MLS,Fast Lane,,0.0,0.0,,,raw,1.0,,,USD,,https://sportscards.standard.us-east-1.oortstorages.com/new%20card%20scans%202/card%20matcher/idan_toklomati__2025_topps_chrome_sapphire_mls__charlotte_fc__fl_25__fast_lane__front.png,https://sportscards.standard.us-east-1.oortstorages.com/new%20card%20scans%202/card%20matcher/idan_toklomati__2025_topps_chrome_sapphire_mls__charlotte_fc__fl_25__fast_lane__back.png,ebay_merge_2026-04-15,2026-04-15T22:41:01Z,261328.0,
2025 Topps Chrome Sapphire MLS Wilfried Zaha Blue Sapphire #172,Wilfried Zaha,172,2025 Topps Chrome Sapphire MLS,Topps,2025,MLS,Blue Sapphire,https://sportscards.standard.us-east-1.oortstorages.com/new%20card%20scans%202/card%20matcher/wilfried_zaha__2025_topps_chrome_sapphire_mls__charlotte_fc__172__blue_sapphire__front.png|https://sportscards.standard.us-east-1.oortstorages.com/new%20card%20scans%202/card%20matcher/wilfried_zaha__2025_topps_chrome_sapphire_mls__charlotte_fc__172__blue_sapphire__back.png,,,,,,Charlotte FC,c_93a4e659,Soccer,2025.0,2025 Topps Chrome Sapphire MLS,,172,Wilfried Zaha,Charlotte FC,MLS,Blue Sapphire,,0.0,0.0,,,raw,1.0,,,USD,,https://sportscards.standard.us-east-1.oortstorages.com/new%20card%20scans%202/card%20matcher/wilfried_zaha__2025_topps_chrome_sapphire_mls__charlotte_fc__172__blue_sapphire__front.png,https://sportscards.standard.us-east-1.oortstorages.com/new%20card%20scans%202/card%20matcher/wilfried_zaha__2025_topps_chrome_sapphire_mls__charlotte_fc__172__blue_sapphire__back.png,ebay_merge_2026-04-15,2026-04-15T22:41:01Z,261328.0,
2026 Topps Chrome Premier League Gabriel Agbonlahor The Streets Won't Forget #SW,Gabriel Agbonlahor,SWF-19,2026 Topps Chrome Premier League,Topps,2026,Premier League,The Streets Won't Forget,https://sportscards.standard.us-east-1.oortstorages.com/new%20card%20scans%202/card%20matcher/gabriel_agbonlahor__2026_topps_premier_league_chrome__aston_villa__swf_19__the_streets_won_t_forget__front.png|https://sportscards.standard.us-east-1.oortstorages.com/new%20card%20scans%202/card%20matcher/gabriel_agbonlahor__2026_topps_premier_league_chrome__aston_villa__swf_19__the_streets_won_t_forget__back.png,,,,,,Aston Villa,c_def65153,Soccer,2026.0,2026 Topps Chrome Premier League,,SWF-19,Gabriel Agbonlahor,Aston Villa,Premier League,The Streets Won't Forget,,0.0,0.0,,,raw,1.0,,,USD,,https://sportscards.standard.us-east-1.oortstorages.com/new%20card%20scans%202/card%20matcher/gabriel_agbonlahor__2026_topps_premier_league_chrome__aston_villa__swf_19__the_streets_won_t_forget__front.png,https://sportscards.standard.us-east-1.oortstorages.com/new%20card%20scans%202/card%20matcher/gabriel_agbonlahor__2026_topps_premier_league_chrome__aston_villa__swf_19__the_streets_won_t_forget__back.png,ebay_merge_2026-04-15,2026-04-15T22:41:01Z,261328.0,
2025 Topps Chrome Sapphire MLS Idan Toklomati Pitch Prodigies #199,Idan Toklomati,199,2025 Topps Chrome Sapphire MLS,Topps,2025,MLS,Pitch Prodigies,https://sportscards.standard.us-east-1.oortstorages.com/new%20card%20scans%202/card%20matcher/idan_toklomati__2025_topps_chrome_sapphire_mls__charlotte_fc__199__pitch_prodigies__front.png|https://sportscards.standard.us-east-1.oortstorages.com/new%20card%20scans%202/card%20matcher/idan_toklomati__2025_topps_chrome_sapphire_mls__charlotte_fc__199__pitch_prodigies__back.png,,,,,,Charlotte FC,c_cd07af12,Soccer,2025.0,2025 Topps Chrome Sapphire MLS,,199,Idan Toklomati,Charlotte FC,MLS,Pitch Prodigies,,0.0,0.0,,,raw,1.0,,,USD,,https://sportscards.standard.us-east-1.oortstorages.com/new%20card%20scans%202/card%20matcher/idan_toklomati__2025_topps_chrome_sapphire_mls__charlotte_fc__199__pitch_prodigies__front.png,https://sportscards.standard.us-east-1.oortstorages.com/new%20card%20scans%202/card%20matcher/idan_toklomati__2025_topps_chrome_sapphire_mls__charlotte_fc__199__pitch_prodigies__back.png,ebay_merge_2026-04-15,2026-04-15T22:41:01Z,261328.0,
2025 Topps Chrome Sapphire MLS Idan Toklomati Blue Sapphire #101,Idan Toklomati,101,2025 Topps Chrome Sapphire MLS,Topps,2025,MLS,Blue Sapphire,https://sportscards.standard.us-east-1.oortstorages.com/new%20card%20scans%202/card%20matcher/idan_toklomati__2025_topps_chrome_sapphire_mls__charlotte_fc__101__blue_sapphire.png|https://sportscards.standard.us-east-1.oortstorages.com/new%20card%20scans%202/card%20matcher/idan_toklomati__2025_topps_chrome_sapphire_mls__charlotte_fc__101__blue_sapphire__back.png,,,,,,Charlotte FC,c_03c35528,Soccer,2025.0,2025 Topps Chrome Sapphire MLS,,101,Idan Toklomati,Charlotte FC,MLS,Blue Sapphire,,0.0,0.0,,,raw,1.0,,,USD,,https://sportscards.standard.us-east-1.oortstorages.com/new%20card%20scans%202/card%20matcher/idan_toklomati__2025_topps_chrome_sapphire_mls__charlotte_fc__101__blue_sapphire__back.png,https://sportscards.standard.us-east-1.oortstorages.com/new%20card%20scans%202/card%20matcher/idan_toklomati__2025_topps_chrome_sapphire_mls__charlotte_fc__101__blue_sapphire.png,ebay_merge_2026-04-15,2026-04-15T22:41:01Z,261328.0,
2026 Topps Chrome Premier League Omar Marmoush Alive & Kicking #Ak-20,Omar Marmoush,Ak-20,2026 Topps Chrome Premier League,Topps,2026,Premier League,Alive & Kicking,https://sportscards.standard.us-east-1.oortstorages.com/new%20card%20scans%202/card%20matcher/classic_card2_0007_Layer-11.png|https://sportscards.standard.us-east-1.oortstorages.com/new%20card%20scans%202/card%20matcher/classic_card2_0004_Layer-2.png,,,,,,Manchester City,c_67820389,Soccer,2026.0,2026 Topps Chrome Premier League,,Ak-20,Omar Marmoush,Manchester City,Premier League,Alive & Kicking,,0.0,0.0,,,raw,1.0,,,USD,,https://sportscards.standard.us-east-1.oortstorages.com/new%20card%20scans%202/card%20matcher/classic_card2_0007_Layer-11.png,https://sportscards.standard.us-east-1.oortstorages.com/new%20card%20scans%202/card%20matcher/classic_card2_0004_Layer-2.png,ebay_merge_2026-04-15,2026-04-15T22:41:01Z,261328.0,
2025 Topps Chrome Sapphire MLS Kristijan Kahlina Blue Sapphire #5,Kristijan Kahlina,5,2025 Topps Chrome Sapphire MLS,Topps,2025,MLS,Blue Sapphire,https://sportscards.standard.us-east-1.oortstorages.com/new%20card%20scans%202/card%20matcher/kristijan_kahlina__2025_topps_chrome_sapphire_mls__charlotte_fc__5__blue_sapphire__front.png|https://sportscards.standard.us-east-1.oortstorages.com/new%20card%20scans%202/card%20matcher/kristijan_kahlina__2025_topps_chrome_sapphire_mls__charlotte_fc__5__blue_sapphire__back.png,,,,,,Charlotte FC,c_525c1e3c,Soccer,2025.0,2025 Topps Chrome Sapphire MLS,,5,Kristijan Kahlina,Charlotte FC,MLS,Blue Sapphire,,0.0,0.0,,,raw,1.0,,,USD,,https://sportscards.standard.us-east-1.oortstorages.com/new%20card%20scans%202/card%20matcher/kristijan_kahlina__2025_topps_chrome_sapphire_mls__charlotte_fc__5__blue_sapphire__front.png,https://sportscards.standard.us-east-1.oortstorages.com/new%20card%20scans%202/card%20matcher/kristijan_kahlina__2025_topps_chrome_sapphire_mls__charlotte_fc__5__blue_sapphire__back.png,ebay_merge_2026-04-15,2026-04-15T22:41:01Z,261328.0,
2025 Topps Chrome Sapphire MLS Emil Forsberg #8,Emil Forsberg,8,2025 Topps Chrome Sapphire MLS,Topps,2025,MLS,,https://sportscards.standard.us-east-1.oortstorages.com/new%20card%20scans%202/card%20matcher/sapphire_3_0006_Layer-31.png|https://sportscards.standard.us-east-1.oortstorages.com/new%20card%20scans%202/card%20matcher/sapphire_3_0000_Layer-37.png,,,,,,New York RedBulls,c_8ed8563a,Soccer,2025.0,2025 Topps Chrome Sapphire MLS,,8,Emil Forsberg,New York RedBulls,MLS,,,0.0,0.0,,,raw,1.0,,,USD,,https://sportscards.standard.us-east-1.oortstorages.com/new%20card%20scans%202/card%20matcher/sapphire_3_0006_Layer-31.png,https://sportscards.standard.us-east-1.oortstorages.com/new%20card%20scans%202/card%20matcher/sapphire_3_0000_Layer-37.png,ebay_merge_2026-04-15,2026-04-15T22:41:01Z,261328.0,
2026 Panini Prizm Monopoly FIFA World Cup Soccer Dennis Bergkamp Green Wave #74,Dennis Bergkamp,74,2026 Panini Prizm Monopoly FIFA World Cup Soccer,Panini,2026,FIFA World Cup,Green Wave,https://sportscards.standard.us-east-1.oortstorages.com/new%20card%20scans%202/card%20matcher/Monopoly%20image-A224F8C714F8-5_4.png|https://sportscards.standard.us-east-1.oortstorages.com/new%20card%20scans%202/card%20matcher/Monopoly%20image-0689A4F825F0-6_4.png,,,,,,Netherlands,c_4d48e3b2,Soccer,2026.0,2026 Panini Prizm Monopoly FIFA World Cup Soccer,,74,Dennis Bergkamp,Netherlands,FIFA World Cup,Green Wave,,0.0,0.0,,,raw,1.0,,,USD,,https://sportscards.standard.us-east-1.oortstorages.com/new%20card%20scans%202/card%20matcher/Monopoly%20image-A224F8C714F8-5_4.png,https://sportscards.standard.us-east-1.oortstorages.com/new%20card%20scans%202/card%20matcher/Monopoly%20image-0689A4F825F0-6_4.png,ebay_merge_2026-04-15,2026-04-15T22:41:01Z,261328.0,
2026 Panini Prizm Monopoly FIFA World Cup Soccer Robert Lewandowski Blue Wave Re,Robert Lewandowski,84,2026 Panini Prizm Monopoly FIFA World Cup Soccer,Panini,2026,FIFA World Cup,Blue Wave Refractor,https://sportscards.standard.us-east-1.oortstorages.com/new%20card%20scans%202/card%20matcher/Monopoly%20image-A224F8C714F8-3_5.png|https://sportscards.standard.us-east-1.oortstorages.com/new%20card%20scans%202/card%20matcher/Monopoly%20image-A224F8C714F8-4_5.png,,,,,,Poland,c_47db950c,Soccer,2026.0,2026 Panini Prizm Monopoly FIFA World Cup Soccer,,84,Robert Lewandowski,Poland,FIFA World Cup,Blue Wave Refractor,,0.0,0.0,,,raw,1.0,,,USD,,https://sportscards.standard.us-east-1.oortstorages.com/new%20card%20scans%202/card%20matcher/Monopoly%20image-A224F8C714F8-3_5.png,https://sportscards.standard.us-east-1.oortstorages.com/new%20card%20scans%202/card%20matcher/Monopoly%20image-A224F8C714F8-4_5.png,ebay_merge_2026-04-15,2026-04-15T22:41:01Z,261328.0,
2026 Panini Prizm Monopoly FIFA World Cup Soccer Robert Lewandowski Green Wave R,Robert Lewandowski,84,2026 Panini Prizm Monopoly FIFA World Cup Soccer,Panini,2026,FIFA World Cup,Green Wave Refractor,https://sportscards.standard.us-east-1.oortstorages.com/new%20card%20scans%202/card%20matcher/Monopoly%20image-A224F8C714F8-3_6.png|https://sportscards.standard.us-east-1.oortstorages.com/new%20card%20scans%202/card%20matcher/Monopoly%20image-A224F8C714F8-4_6.png,,,,,,Poland,c_ab140435,Soccer,2026.0,2026 Panini Prizm Monopoly FIFA World Cup Soccer,,84,Robert Lewandowski,Poland,FIFA World Cup,Green Wave Refractor,,0.0,0.0,,,raw,1.0,,,USD,,https://sportscards.standard.us-east-1.oortstorages.com/new%20card%20scans%202/card%20matcher/Monopoly%20image-A224F8C714F8-3_6.png,https://sportscards.standard.us-east-1.oortstorages.com/new%20card%20scans%202/card%20matcher/Monopoly%20image-A224F8C714F8-4_6.png,ebay_merge_2026-04-15,2026-04-15T22:41:01Z,261328.0,
2025 Topps Chrome Sapphire MLS Rodrigo De Paul #134,Rodrigo De Paul,134,2025 Topps Chrome Sapphire MLS,Topps,2025,MLS,,https://sportscards.standard.us-east-1.oortstorages.com/new%20card%20scans%202/card%20matcher/sapphire_3_0022_Layer-15.png|https://sportscards.standard.us-east-1.oortstorages.com/new%20card%20scans%202/card%20matcher/sapphire_3_0016_Layer-21.png,,,,,,Inter Miami FC,c_5b9ff501,Soccer,2025.0,2025 Topps Chrome Sapphire MLS,,134,Rodrigo De Paul,Inter Miami FC,MLS,,,0.0,0.0,,,raw,1.0,,,USD,,https://sportscards.standard.us-east-1.oortstorages.com/new%20card%20scans%202/card%20matcher/sapphire_3_0022_Layer-15.png,https://sportscards.standard.us-east-1.oortstorages.com/new%20card%20scans%202/card%20matcher/sapphire_3_0016_Layer-21.png,ebay_merge_2026-04-15,2026-04-15T22:41:01Z,261328.0,
2025 Topps Chrome Sapphire MLS Thierry Henry #14,Thierry Henry,14,2025 Topps Chrome Sapphire MLS,Topps,2025,MLS,,https://sportscards.standard.us-east-1.oortstorages.com/new%20card%20scans%202/card%20matcher/thierry_henry__2025_topps_chrome_sapphire_mls__nyrb__14__blue_sapphire_refractor__front.png|https://sportscards.standard.us-east-1.oortstorages.com/new%20card%20scans%202/card%20matcher/thierry_henry__2025_topps_chrome_sapphire_mls__nyrb__14__blue_sapphire_refractor__back.png,,,,,,New York RedBulls,c_53f3a3f4,Soccer,2025.0,2025 Topps Chrome Sapphire MLS,,14,Thierry Henry,New York RedBulls,MLS,,,0.0,0.0,,,raw,1.0,,,USD,,https://sportscards.standard.us-east-1.oortstorages.com/new%20card%20scans%202/card%20matcher/thierry_henry__2025_topps_chrome_sapphire_mls__nyrb__14__blue_sapphire_refractor__front.png,https://sportscards.standard.us-east-1.oortstorages.com/new%20card%20scans%202/card%20matcher/thierry_henry__2025_topps_chrome_sapphire_mls__nyrb__14__blue_sapphire_refractor__back.png,ebay_merge_2026-04-15,2026-04-15T22:41:01Z,261328.0,
2025 Topps Chrome Sapphire MLS Georgi Minoungou Fast Lane #FL-30,Georgi Minoungou,FL-30,2025 Topps Chrome Sapphire MLS,Topps,2025,MLS,Fast Lane,https://sportscards.standard.us-east-1.oortstorages.com/new%20card%20scans%202/card%20matcher/georgi_minoungou__2025_topps_chrome_sapphire_mls__seattle_sounders__fl_30__fast_lane__front.png|https://sportscards.standard.us-east-1.oortstorages.com/new%20card%20scans%202/card%20matcher/georgi_minoungou__2025_topps_chrome_sapphire_mls__seattle_sounders__fl_30__fast_lane__back.png,,,,,,Seattle Sounders,c_ad09f9c4,Soccer,2025.0,2025 Topps Chrome Sapphire MLS,,FL-30,Georgi Minoungou,Seattle Sounders,MLS,Fast Lane,,0.0,0.0,,,raw,1.0,,,USD,,https://sportscards.standard.us-east-1.oortstorages.com/new%20card%20scans%202/card%20matcher/georgi_minoungou__2025_topps_chrome_sapphire_mls__seattle_sounders__fl_30__fast_lane__front.png,https://sportscards.standard.us-east-1.oortstorages.com/new%20card%20scans%202/card%20matcher/georgi_minoungou__2025_topps_chrome_sapphire_mls__seattle_sounders__fl_30__fast_lane__back.png,ebay_merge_2026-04-15,2026-04-15T22:41:01Z,261328.0,
2025 Topps Chrome Sapphire MLS Liel Abada Blue Sapphire #46,Liel Abada,46,2025 Topps Chrome Sapphire MLS,Topps,2025,MLS,Blue Sapphire,https://sportscards.standard.us-east-1.oortstorages.com/new%20card%20scans%202/card%20matcher/liel_abada__2025_topps_chrome_sapphire_mls__charlotte_fc__46__blue_sapphire__front.png|https://sportscards.standard.us-east-1.oortstorages.com/new%20card%20scans%202/card%20matcher/liel_abada__2025_topps_chrome_sapphire_mls__charlotte_fc__46__blue_sapphire__back.png,,,,,,Charlotte FC,c_24b6b016,Soccer,2025.0,2025 Topps Chrome Sapphire MLS,,46,Liel Abada,Charlotte FC,MLS,Blue Sapphire,,0.0,0.0,,,raw,1.0,,,USD,,https://sportscards.standard.us-east-1.oortstorages.com/new%20card%20scans%202/card%20matcher/liel_abada__2025_topps_chrome_sapphire_mls__charlotte_fc__46__blue_sapphire__front.png,https://sportscards.standard.us-east-1.oortstorages.com/new%20card%20scans%202/card%20matcher/liel_abada__2025_topps_chrome_sapphire_mls__charlotte_fc__46__blue_sapphire__back.png,ebay_merge_2026-04-15,2026-04-15T22:41:01Z,261328.0,
2025 Topps Chrome Sapphire MLS Mohammed Sofo Fast Lane #FL-20,Mohammed Sofo,FL-20,2025 Topps Chrome Sapphire MLS,Topps,2025,MLS,Fast Lane,https://sportscards.standard.us-east-1.oortstorages.com/new%20card%20scans%202/card%20matcher/mohammed_sofo__2025_topps_chrome_sapphire_mls__nyrb__fl_20__fast_lane__front_2.png|https://sportscards.standard.us-east-1.oortstorages.com/new%20card%20scans%202/card%20matcher/mohammed_sofo__2025_topps_chrome_sapphire_mls__nyrb__fl_20__fast_lane__back_2.png,,,,,,New York RedBulls,c_ff3c4e17,Soccer,2025.0,2025 Topps Chrome Sapphire MLS,,FL-20,Mohammed Sofo,New York RedBulls,MLS,Fast Lane,,0.0,0.0,,,raw,1.0,,,USD,,https://sportscards.standard.us-east-1.oortstorages.com/new%20card%20scans%202/card%20matcher/mohammed_sofo__2025_topps_chrome_sapphire_mls__nyrb__fl_20__fast_lane__front_2.png,https://sportscards.standard.us-east-1.oortstorages.com/new%20card%20scans%202/card%20matcher/mohammed_sofo__2025_topps_chrome_sapphire_mls__nyrb__fl_20__fast_lane__back_2.png,ebay_merge_2026-04-15,2026-04-15T22:41:01Z,261328.0,
2025 Topps Chrome Sapphire MLS Mohammed Sofo Pitch Prodigies #190,Mohammed Sofo,190,2025 Topps Chrome Sapphire MLS,Topps,2025,MLS,Pitch Prodigies,https://sportscards.standard.us-east-1.oortstorages.com/new%20card%20scans%202/card%20matcher/mohammed_sofo__2025_topps_chrome_sapphire_mls__nyrb__190__pitch_prodigies__front.png|https://sportscards.standard.us-east-1.oortstorages.com/new%20card%20scans%202/card%20matcher/mohammed_sofo__2025_topps_chrome_sapphire_mls__nyrb__190__pitch_prodigies__back.png,,,,,,New York RedBulls,c_7a3687e9,Soccer,2025.0,2025 Topps Chrome Sapphire MLS,,190,Mohammed Sofo,New York RedBulls,MLS,Pitch Prodigies,,0.0,0.0,,,raw,1.0,,,USD,,https://sportscards.standard.us-east-1.oortstorages.com/new%20card%20scans%202/card%20matcher/mohammed_sofo__2025_topps_chrome_sapphire_mls__nyrb__190__pitch_prodigies__front.png,https://sportscards.standard.us-east-1.oortstorages.com/new%20card%20scans%202/card%20matcher/mohammed_sofo__2025_topps_chrome_sapphire_mls__nyrb__190__pitch_prodigies__back.png,ebay_merge_2026-04-15,2026-04-15T22:41:01Z,261328.0,
2025 Topps Chrome Sapphire MLS Mohammed Sofo #56,Mohammed Sofo,56,2025 Topps Chrome Sapphire MLS,Topps,2025,MLS,,https://sportscards.standard.us-east-1.oortstorages.com/new%20card%20scans%202/card%20matcher/mohammed_sofo__2025_topps_chrome_sapphire_mls__nyrb__56__blue_sapphire_refractor__front.png|https://sportscards.standard.us-east-1.oortstorages.com/new%20card%20scans%202/card%20matcher/mohammed_sofo__2025_topps_chrome_sapphire_mls__nyrb__56__blue_sapphire_refractor__back.png,,,,,,New York RedBulls,c_baf82d77,Soccer,2025.0,2025 Topps Chrome Sapphire MLS,,56,Mohammed Sofo,New York RedBulls,MLS,,,0.0,0.0,,,raw,1.0,,,USD,,https://sportscards.standard.us-east-1.oortstorages.com/new%20card%20scans%202/card%20matcher/mohammed_sofo__2025_topps_chrome_sapphire_mls__nyrb__56__blue_sapphire_refractor__front.png,https://sportscards.standard.us-east-1.oortstorages.com/new%20card%20scans%202/card%20matcher/mohammed_sofo__2025_topps_chrome_sapphire_mls__nyrb__56__blue_sapphire_refractor__back.png,ebay_merge_2026-04-15,2026-04-15T22:41:01Z,261328.0,
2025 Topps Chrome Sapphire MLS Wiktor Bogacz #83,Wiktor Bogacz,83,2025 Topps Chrome Sapphire MLS,Topps,2025,MLS,,https://sportscards.standard.us-east-1.oortstorages.com/new%20card%20scans%202/card%20matcher/sapphire_3_0007_Layer-30.png|https://sportscards.standard.us-east-1.oortstorages.com/new%20card%20scans%202/card%20matcher/sapphire_3_0001_Layer-36.png,,,,,,New York RedBulls,c_8141a718,Soccer,2025.0,2025 Topps Chrome Sapphire MLS,,83,Wiktor Bogacz,New York RedBulls,MLS,,,0.0,0.0,,,raw,1.0,,,USD,,https://sportscards.standard.us-east-1.oortstorages.com/new%20card%20scans%202/card%20matcher/sapphire_3_0007_Layer-30.png,https://sportscards.standard.us-east-1.oortstorages.com/new%20card%20scans%202/card%20matcher/sapphire_3_0001_Layer-36.png,ebay_merge_2026-04-15,2026-04-15T22:41:01Z,261328.0,
2025 Topps Chrome Sapphire MLS Tomas Aviles #72,Tomas Aviles,72,Topps Chrome Sapphire MLS Sapphire,Topps,2025,MLS,,https://sportscards.standard.us-east-1.oortstorages.com/new%20card%20scans%202/card%20matcher/sapphire_2_0009_Layer-3.png|https://sportscards.standard.us-east-1.oortstorages.com/new%20card%20scans%202/card%20matcher/sapphire_2_0004_Layer-8.png,,,,,,Inter Miami FC,c_e2658bd3,Soccer,2025.0,Topps Chrome Sapphire MLS Sapphire,,72,Tomas Aviles,Inter Miami FC,MLS,,,0.0,0.0,,,raw,1.0,,,USD,,https://sportscards.standard.us-east-1.oortstorages.com/new%20card%20scans%202/card%20matcher/sapphire_2_0009_Layer-3.png,https://sportscards.standard.us-east-1.oortstorages.com/new%20card%20scans%202/card%20matcher/sapphire_2_0004_Layer-8.png,ebay_merge_2026-04-15,2026-04-15T22:41:01Z,261328.0,
2025 Topps Chrome Sapphire MLS Telasco Segovia Fast Lane #FL-5,Telasco Segovia,FL-5,Topps Chrome Sapphire MLS Sapphire,Topps,2025,MLS,Fast Lane,https://sportscards.standard.us-east-1.oortstorages.com/new%20card%20scans%202/card%20matcher/sapphire_2_0006_Layer-6.png|https://sportscards.standard.us-east-1.oortstorages.com/new%20card%20scans%202/card%20matcher/sapphire_2_0000_Layer-12.png,,,,,,Inter Miami FC,c_bcc22c9a,Soccer,2025.0,Topps Chrome Sapphire MLS Sapphire,,FL-5,Telasco Segovia,Inter Miami FC,MLS,Fast Lane,,0.0,0.0,,,raw,1.0,,,USD,,https://sportscards.standard.us-east-1.oortstorages.com/new%20card%20scans%202/card%20matcher/sapphire_2_0006_Layer-6.png,https://sportscards.standard.us-east-1.oortstorages.com/new%20card%20scans%202/card%20matcher/sapphire_2_0000_Layer-12.png,ebay_merge_2026-04-15,2026-04-15T22:41:01Z,261328.0,
2026 Panini Prizm Monopoly FIFA World Cup Soccer Federico Valverde Blue Wave #65,Federico Valverde,65,2026 Panini Prizm Monopoly FIFA World Cup Soccer,Panini,2026,FIFA World Cup,Blue Wave,https://sportscards.standard.us-east-1.oortstorages.com/new%20card%20scans%202/card%20matcher/Untitled-1_0018_Layer-6.png|https://sportscards.standard.us-east-1.oortstorages.com/new%20card%20scans%202/card%20matcher/Untitled-1_0012_Layer-12.png,,,,,,Uruguay,c_5ed8bfd4,Soccer,2026.0,2026 Panini Prizm Monopoly FIFA World Cup Soccer,,65,Federico Valverde,Uruguay,FIFA World Cup,Blue Wave,,0.0,0.0,,,raw,1.0,,,USD,,https://sportscards.standard.us-east-1.oortstorages.com/new%20card%20scans%202/card%20matcher/Untitled-1_0018_Layer-6.png,https://sportscards.standard.us-east-1.oortstorages.com/new%20card%20scans%202/card%20matcher/Untitled-1_0012_Layer-12.png,ebay_merge_2026-04-15,2026-04-15T22:41:01Z,261328.0,
2026 Panini Prizm Monopoly FIFA World Cup Soccer Federico Chiesa Silver #35,Federico Chiesa,35,2026 Panini Prizm Monopoly FIFA World Cup Soccer,Panini,2026,FIFA World Cup,Silver,https://sportscards.standard.us-east-1.oortstorages.com/new%20card%20scans%202/card%20matcher/Untitled-1_0020_Layer-4.png|https://sportscards.standard.us-east-1.oortstorages.com/new%20card%20scans%202/card%20matcher/Untitled-1_0014_Layer-10.png,,,,,,Italy,c_5eae0984,Soccer,2026.0,2026 Panini Prizm Monopoly FIFA World Cup Soccer,,35,Federico Chiesa,Italy,FIFA World Cup,Silver,,0.0,0.0,,,raw,1.0,,,USD,,https://sportscards.standard.us-east-1.oortstorages.com/new%20card%20scans%202/card%20matcher/Untitled-1_0020_Layer-4.png,https://sportscards.standard.us-east-1.oortstorages.com/new%20card%20scans%202/card%20matcher/Untitled-1_0014_Layer-10.png,ebay_merge_2026-04-15,2026-04-15T22:41:01Z,261328.0,
2025 Topps Chrome MLS Kaick Prism #200,Kaick,200,2025 Topps Chrome MLS,Topps,2025,MLS,Prism,https://sportscards.standard.us-east-1.oortstorages.com/new%20card%20scans%202/card%20matcher/classic_cards_3_0001_Layer-18.png|https://sportscards.standard.us-east-1.oortstorages.com/new%20card%20scans%202/card%20matcher/classic_cards_3_0007_Layer-12.png,,,,,,FC Dallas,c_bfbd4ba3,Soccer,2025.0,2025 Topps Chrome MLS,,200,Kaick,FC Dallas,MLS,Prism,,0.0,0.0,,,raw,1.0,,,USD,,https://sportscards.standard.us-east-1.oortstorages.com/new%20card%20scans%202/card%20matcher/classic_cards_3_0001_Layer-18.png,https://sportscards.standard.us-east-1.oortstorages.com/new%20card%20scans%202/card%20matcher/classic_cards_3_0007_Layer-12.png,ebay_merge_2026-04-15,2026-04-15T22:41:01Z,261328.0,
2025 Topps Chrome Sapphire MLS Jordi Alba #41,Jordi Alba,41,Topps Chrome Sapphire MLS Sapphire,Topps,2025,MLS,,https://sportscards.standard.us-east-1.oortstorages.com/new%20card%20scans%202/card%20matcher/sapphire_3_0020_Layer-17.png|https://sportscards.standard.us-east-1.oortstorages.com/new%20card%20scans%202/card%20matcher/sapphire_3_0014_Layer-23.png,,,,,,Inter Miami FC,c_46cb6c7d,Soccer,2025.0,Topps Chrome Sapphire MLS Sapphire,,41,Jordi Alba,Inter Miami FC,MLS,,,0.0,0.0,,,raw,1.0,,,USD,,https://sportscards.standard.us-east-1.oortstorages.com/new%20card%20scans%202/card%20matcher/sapphire_3_0020_Layer-17.png,https://sportscards.standard.us-east-1.oortstorages.com/new%20card%20scans%202/card%20matcher/sapphire_3_0014_Layer-23.png,ebay_merge_2026-04-15,2026-04-15T22:41:01Z,261328.0,
2026 Panini Prizm Monopoly FIFA World Cup Soccer Jay-Jay Okocha Green Wave Refra,Jay-Jay Okocha,82,2026 Panini Prizm Monopoly FIFA World Cup Soccer,Panini,2026,FIFA World Cup,Green Wave Refractor,https://sportscards.standard.us-east-1.oortstorages.com/new%20card%20scans%202/card%20matcher/Monopoly%20image-A224F8C714F8-5_3.png|https://sportscards.standard.us-east-1.oortstorages.com/new%20card%20scans%202/card%20matcher/Monopoly%20image-A224F8C714F8-6_3.png,,,,,,Nigeria,c_26b11176,Soccer,2026.0,2026 Panini Prizm Monopoly FIFA World Cup Soccer,,82,Jay-Jay Okocha,Nigeria,FIFA World Cup,Green Wave Refractor,,0.0,0.0,,,raw,1.0,,,USD,,https://sportscards.standard.us-east-1.oortstorages.com/new%20card%20scans%202/card%20matcher/Monopoly%20image-A224F8C714F8-5_3.png,https://sportscards.standard.us-east-1.oortstorages.com/new%20card%20scans%202/card%20matcher/Monopoly%20image-A224F8C714F8-6_3.png,ebay_merge_2026-04-15,2026-04-15T22:41:01Z,261328.0,
2026 Panini Prizm Monopoly FIFA World Cup Soccer Mia Hamm Green Wave #91,Mia Hamm,91,2026 Panini Prizm Monopoly FIFA World Cup Soccer,Panini,2026,FIFA World Cup,Green Wave,https://sportscards.standard.us-east-1.oortstorages.com/new%20card%20scans%202/card%20matcher/Untitled-1_0021_Layer-3.png|https://sportscards.standard.us-east-1.oortstorages.com/new%20card%20scans%202/card%20matcher/Untitled-1_0015_Layer-9.png,,,,,,USWNT,c_84f0bdaf,Soccer,2026.0,2026 Panini Prizm Monopoly FIFA World Cup Soccer,,91,Mia Hamm,USWNT,FIFA World Cup,Green Wave,,0.0,0.0,,,raw,1.0,,,USD,,https://sportscards.standard.us-east-1.oortstorages.com/new%20card%20scans%202/card%20matcher/Untitled-1_0021_Layer-3.png,https://sportscards.standard.us-east-1.oortstorages.com/new%20card%20scans%202/card%20matcher/Untitled-1_0015_Layer-9.png,ebay_merge_2026-04-15,2026-04-15T22:41:01Z,261328.0,
2026 Topps Chrome Premier League Maxime Esteve Yellow #51,Maxime Esteve,51,Topps Chrome Premier League,Topps,2026,Premier League,Yellow,https://sportscards.standard.us-east-1.oortstorages.com/new%20card%20scans%202/card%20matcher/classic_card2_0010_Layer-8.png|https://sportscards.standard.us-east-1.oortstorages.com/new%20card%20scans%202/card%20matcher/classic_card2_0001_Layer-5.png,,,,,,Burnley FC,c_6703e959,Soccer,2026.0,Topps Chrome Premier League,,51,Maxime Esteve,Burnley FC,Premier League,Yellow,,0.0,0.0,,,raw,1.0,,,USD,,https://sportscards.standard.us-east-1.oortstorages.com/new%20card%20scans%202/card%20matcher/classic_card2_0010_Layer-8.png,https://sportscards.standard.us-east-1.oortstorages.com/new%20card%20scans%202/card%20matcher/classic_card2_0001_Layer-5.png,ebay_merge_2026-04-15,2026-04-15T22:41:01Z,261328.0,
2025 Topps Chrome Sapphire MLS Mohammed Sofo Sapphire Selections #SS-14,Mohammed Sofo,SS-14,2025 Topps Chrome Sapphire MLS,Topps,2025,MLS,Sapphire Selections,https://sportscards.standard.us-east-1.oortstorages.com/new%20card%20scans%202/card%20matcher/sapphire_4_0009_Layer-16.png|https://sportscards.standard.us-east-1.oortstorages.com/new%20card%20scans%202/card%20matcher/sapphire_4_0003_Layer-22.png,,,,,,New York RedBulls,c_025f586c,Soccer,2025.0,2025 Topps Chrome Sapphire MLS,,SS-14,Mohammed Sofo,New York RedBulls,MLS,Sapphire Selections,,0.0,0.0,,,raw,1.0,,,USD,,https://sportscards.standard.us-east-1.oortstorages.com/new%20card%20scans%202/card%20matcher/sapphire_4_0009_Layer-16.png,https://sportscards.standard.us-east-1.oortstorages.com/new%20card%20scans%202/card%20matcher/sapphire_4_0003_Layer-22.png,ebay_merge_2026-04-15,2026-04-15T22:41:01Z,261328.0,
2025 Topps Chrome Sapphire MLS Luis Suarez Blue Sapphire #31,Luis Suarez,31,2025 Topps Chrome Sapphire MLS,Topps,2025,MLS,Blue Sapphire,https://sportscards.standard.us-east-1.oortstorages.com/new%20card%20scans%202/card%20matcher/luis.png|https://sportscards.standard.us-east-1.oortstorages.com/new%20card%20scans%202/card%20matcher/sapphire_3_0017_Layer-20.png,,,,,,Inter Miami FC,c_3f34a865,Soccer,2025.0,2025 Topps Chrome Sapphire MLS,,31,Luis Suarez,Inter Miami FC,MLS,Blue Sapphire,,0.0,0.0,,,raw,1.0,,,USD,,https://sportscards.standard.us-east-1.oortstorages.com/new%20card%20scans%202/card%20matcher/luis.png,https://sportscards.standard.us-east-1.oortstorages.com/new%20card%20scans%202/card%20matcher/sapphire_3_0017_Layer-20.png,ebay_merge_2026-04-15,2026-04-15T22:41:01Z,261328.0,
2026 Panini Prizm Monopoly FIFA World Cup Soccer Kylian Mbappé Base #7,Kylian Mbappé,7,2026 Panini Prizm Monopoly FIFA World Cup Soccer,Panini,2026,FIFA World Cup,Base,https://sportscards.standard.us-east-1.oortstorages.com/new%20card%20scans%202/card%20matcher/Monopoly%20image-A224F8C714F8-3_3.png|https://sportscards.standard.us-east-1.oortstorages.com/new%20card%20scans%202/card%20matcher/Monopoly%20image-A224F8C714F8-4_3.png,,,,,,France,c_30c0c454,Soccer,2026.0,2026 Panini Prizm Monopoly FIFA World Cup Soccer,,7,Kylian Mbappé,France,FIFA World Cup,Base,,0.0,0.0,,,raw,1.0,,,USD,,https://sportscards.standard.us-east-1.oortstorages.com/new%20card%20scans%202/card%20matcher/Monopoly%20image-A224F8C714F8-3_3.png,https://sportscards.standard.us-east-1.oortstorages.com/new%20card%20scans%202/card%20matcher/Monopoly%20image-A224F8C714F8-4_3.png,ebay_merge_2026-04-15,2026-04-15T22:41:01Z,261328.0,
2025 Topps Chrome Sapphire MLS Telasco Segovia Pitch Prodigies #195,Telasco Segovia,195,Topps Chrome Sapphire MLS Sapphire,Topps,2025,MLS,Pitch Prodigies,https://sportscards.standard.us-east-1.oortstorages.com/new%20card%20scans%202/card%20matcher/sapphire_2_0008_Layer-4.png|https://sportscards.standard.us-east-1.oortstorages.com/new%20card%20scans%202/card%20matcher/sapphire_2_0002_Layer-10.png,,,,,,Inter Miami FC,c_73e83d03,Soccer,2025.0,Topps Chrome Sapphire MLS Sapphire,,195,Telasco Segovia,Inter Miami FC,MLS,Pitch Prodigies,,0.0,0.0,,,raw,1.0,,,USD,,https://sportscards.standard.us-east-1.oortstorages.com/new%20card%20scans%202/card%20matcher/sapphire_2_0008_Layer-4.png,https://sportscards.standard.us-east-1.oortstorages.com/new%20card%20scans%202/card%20matcher/sapphire_2_0002_Layer-10.png,ebay_merge_2026-04-15,2026-04-15T22:41:01Z,261328.0,
2025 Topps Chrome Sapphire MLS Telasco Segovia #107,Telasco Segovia,107,Topps Chrome Sapphire MLS Sapphire,Topps,2025,MLS,,https://sportscards.standard.us-east-1.oortstorages.com/new%20card%20scans%202/card%20matcher/sapphire_2_0007_Layer-5.png|https://sportscards.standard.us-east-1.oortstorages.com/new%20card%20scans%202/card%20matcher/sapphire_2_0001_Layer-11.png,,,,,,Inter Miami FC,c_404058bc,Soccer,2025.0,Topps Chrome Sapphire MLS Sapphire,,107,Telasco Segovia,Inter Miami FC,MLS,,,0.0,0.0,,,raw,1.0,,,USD,,https://sportscards.standard.us-east-1.oortstorages.com/new%20card%20scans%202/card%20matcher/sapphire_2_0007_Layer-5.png,https://sportscards.standard.us-east-1.oortstorages.com/new%20card%20scans%202/card%20matcher/sapphire_2_0001_Layer-11.png,ebay_merge_2026-04-15,2026-04-15T22:41:01Z,261328.0,
2025 Topps Chrome Sapphire MLS Sergio Busquets #88,Sergio Busquets,88,2025 Topps Chrome Sapphire MLS,Topps,2025,MLS,,https://sportscards.standard.us-east-1.oortstorages.com/new%20card%20scans%202/card%20matcher/sapphire_3_0018_Layer-19.png|https://sportscards.standard.us-east-1.oortstorages.com/new%20card%20scans%202/card%20matcher/sapphire_3_0012_Layer-25.png,,,,,,Inter Miami FC,c_7cd4b422,Soccer,2025.0,2025 Topps Chrome Sapphire MLS,,88,Sergio Busquets,Inter Miami FC,MLS,,,0.0,0.0,,,raw,1.0,,,USD,,https://sportscards.standard.us-east-1.oortstorages.com/new%20card%20scans%202/card%20matcher/sapphire_3_0018_Layer-19.png,https://sportscards.standard.us-east-1.oortstorages.com/new%20card%20scans%202/card%20matcher/sapphire_3_0012_Layer-25.png,ebay_merge_2026-04-15,2026-04-15T22:41:01Z,261328.0,
2025 Topps Chrome Sapphire MLS Benjamin Cremaschi #90,Benjamin Cremaschi,90,2025 Topps Chrome Sapphire MLS,Topps,2025,MLS,,https://sportscards.standard.us-east-1.oortstorages.com/new%20card%20scans%202/card%20matcher/sapphire_2_0011_Layer-1.png|https://sportscards.standard.us-east-1.oortstorages.com/new%20card%20scans%202/card%20matcher/sapphire_2_0005_Layer-7.png,,,,,,Inter Miami FC,c_da5ca447,Soccer,2025.0,2025 Topps Chrome Sapphire MLS,,90,Benjamin Cremaschi,Inter Miami FC,MLS,,,0.0,0.0,,,raw,1.0,,,USD,,https://sportscards.standard.us-east-1.oortstorages.com/new%20card%20scans%202/card%20matcher/sapphire_2_0011_Layer-1.png,https://sportscards.standard.us-east-1.oortstorages.com/new%20card%20scans%202/card%20matcher/sapphire_2_0005_Layer-7.png,ebay_merge_2026-04-15,2026-04-15T22:41:01Z,261328.0,
2026 Panini Prizm Monopoly FIFA World Cup Soccer Alphonso Davies Green Wave #78,Alphonso Davies,78,2026 Panini Prizm Monopoly FIFA World Cup Soccer,Panini,2026,FIFA World Cup,Green Wave,https://sportscards.standard.us-east-1.oortstorages.com/new%20card%20scans%202/card%20matcher/Untitled-1_0008_Layer-4.png|https://sportscards.standard.us-east-1.oortstorages.com/new%20card%20scans%202/card%20matcher/Untitled-1_0005_Layer-7.png,,,,,,Canada,c_dc8c183a,Soccer,2026.0,2026 Panini Prizm Monopoly FIFA World Cup Soccer,,78,Alphonso Davies,Canada,FIFA World Cup,Green Wave,,0.0,0.0,,,raw,1.0,,,USD,,https://sportscards.standard.us-east-1.oortstorages.com/new%20card%20scans%202/card%20matcher/Untitled-1_0008_Layer-4.png,https://sportscards.standard.us-east-1.oortstorages.com/new%20card%20scans%202/card%20matcher/Untitled-1_0005_Layer-7.png,ebay_merge_2026-04-15,2026-04-15T22:41:01Z,261328.0,
2025 Topps Chrome Sapphire MLS Allen Obando Fast Lane #FL-24,Allen Obando,FL-24,2025 Topps Chrome Sapphire MLS,Topps,2025,MLS,Fast Lane,https://sportscards.standard.us-east-1.oortstorages.com/new%20card%20scans%202/card%20matcher/sapphire_scans_0007_Layer-5.png|https://sportscards.standard.us-east-1.oortstorages.com/new%20card%20scans%202/card%20matcher/sapphire_scans_0004_Layer-8.png,,,,,,Inter Miami FC,c_1b35b30f,Soccer,2025.0,2025 Topps Chrome Sapphire MLS,,FL-24,Allen Obando,Inter Miami FC,MLS,Fast Lane,,0.0,0.0,,,raw,1.0,,,USD,,https://sportscards.standard.us-east-1.oortstorages.com/new%20card%20scans%202/card%20matcher/sapphire_scans_0007_Layer-5.png,https://sportscards.standard.us-east-1.oortstorages.com/new%20card%20scans%202/card%20matcher/sapphire_scans_0004_Layer-8.png,ebay_merge_2026-04-15,2026-04-15T22:41:01Z,261328.0,
2025 Topps Chrome Sapphire MLS Allen Obando Pitch Prodigies #184,Allen Obando,184,2025 Topps Chrome Sapphire MLS,Topps,2025,MLS,Pitch Prodigies,https://sportscards.standard.us-east-1.oortstorages.com/new%20card%20scans%202/card%20matcher/sapphire_scans_0008_Layer-4.png|https://sportscards.standard.us-east-1.oortstorages.com/new%20card%20scans%202/card%20matcher/sapphire_scans_0003_Layer-9.png,,,,,,Inter Miami FC,c_c4f648ef,Soccer,2025.0,2025 Topps Chrome Sapphire MLS,,184,Allen Obando,Inter Miami FC,MLS,Pitch Prodigies,,0.0,0.0,,,raw,1.0,,,USD,,https://sportscards.standard.us-east-1.oortstorages.com/new%20card%20scans%202/card%20matcher/sapphire_scans_0008_Layer-4.png,https://sportscards.standard.us-east-1.oortstorages.com/new%20card%20scans%202/card%20matcher/sapphire_scans_0003_Layer-9.png,ebay_merge_2026-04-15,2026-04-15T22:41:01Z,261328.0,
2026 Panini Prizm Monopoly FIFA World Cup Soccer Claudio Reyna Green Wave #49,Claudio Reyna,49,2026 Panini Prizm Monopoly FIFA World Cup Soccer,Panini,2026,FIFA World Cup,Green Wave,https://sportscards.standard.us-east-1.oortstorages.com/new%20card%20scans%202/card%20matcher/Untitled-1_0010_Layer-2.png|https://sportscards.standard.us-east-1.oortstorages.com/new%20card%20scans%202/card%20matcher/Untitled-1_0000_Layer-12.png,,,,,,USMNT,c_b579af2f,Soccer,2026.0,2026 Panini Prizm Monopoly FIFA World Cup Soccer,,49,Claudio Reyna,USMNT,FIFA World Cup,Green Wave,,0.0,0.0,,,raw,1.0,,,USD,,https://sportscards.standard.us-east-1.oortstorages.com/new%20card%20scans%202/card%20matcher/Untitled-1_0010_Layer-2.png,https://sportscards.standard.us-east-1.oortstorages.com/new%20card%20scans%202/card%20matcher/Untitled-1_0000_Layer-12.png,ebay_merge_2026-04-15,2026-04-15T22:41:01Z,261328.0,
2026 Panini Prizm Monopoly FIFA World Cup Soccer Christine Sinclair Red Refracto,Christine Sinclair,100,2026 Panini Prizm Monopoly FIFA World Cup Soccer,Panini,2026,FIFA World Cup,Red Refractor,https://sportscards.standard.us-east-1.oortstorages.com/new%20card%20scans%202/card%20matcher/Untitled-1_0023_Layer-1.png|https://sportscards.standard.us-east-1.oortstorages.com/new%20card%20scans%202/card%20matcher/Untitled-1_0017_Layer-7.png,,,,,,Canada,c_9b475e4a,Soccer,2026.0,2026 Panini Prizm Monopoly FIFA World Cup Soccer,,100,Christine Sinclair,Canada,FIFA World Cup,Red Refractor,,0.0,0.0,,,raw,1.0,,,USD,,https://sportscards.standard.us-east-1.oortstorages.com/new%20card%20scans%202/card%20matcher/Untitled-1_0023_Layer-1.png,https://sportscards.standard.us-east-1.oortstorages.com/new%20card%20scans%202/card%20matcher/Untitled-1_0017_Layer-7.png,ebay_merge_2026-04-15,2026-04-15T22:41:01Z,261328.0,
2026 Topps Chrome Premier League Omar Marmoush Aqua Wave #121,Omar Marmoush,121,2026 Topps Chrome Premier League,Topps,2026,Premier League,Aqua Wave,https://sportscards.standard.us-east-1.oortstorages.com/new%20card%20scans%202/card%20matcher/classic_card2_0008_Layer-10.png|https://sportscards.standard.us-east-1.oortstorages.com/new%20card%20scans%202/card%20matcher/classic_card2_0005_Layer-1.png,,,,,,Manchester City,c_f4a34ac8,Soccer,2026.0,2026 Topps Chrome Premier League,,121,Omar Marmoush,Manchester City,Premier League,Aqua Wave,,0.0,0.0,,,raw,1.0,,,USD,,https://sportscards.standard.us-east-1.oortstorages.com/new%20card%20scans%202/card%20matcher/classic_card2_0008_Layer-10.png,https://sportscards.standard.us-east-1.oortstorages.com/new%20card%20scans%202/card%20matcher/classic_card2_0005_Layer-1.png,ebay_merge_2026-04-15,2026-04-15T22:41:01Z,261328.0,
2025 Topps Chrome Sapphire MLS Omar Valencia #94,Omar Valencia,94,2025 Topps Chrome Sapphire MLS,Topps,2025,MLS,,https://sportscards.standard.us-east-1.oortstorages.com/new%20card%20scans%202/card%20matcher/sapphire_3_0011_Layer-26.png|https://sportscards.standard.us-east-1.oortstorages.com/new%20card%20scans%202/card%20matcher/sapphire_3_0005_Layer-32.png,,,,,,New York RedBulls,c_698767d5,Soccer,2025.0,2025 Topps Chrome Sapphire MLS,,94,Omar Valencia,New York RedBulls,MLS,,,0.0,0.0,,,raw,1.0,,,USD,,https://sportscards.standard.us-east-1.oortstorages.com/new%20card%20scans%202/card%20matcher/sapphire_3_0011_Layer-26.png,https://sportscards.standard.us-east-1.oortstorages.com/new%20card%20scans%202/card%20matcher/sapphire_3_0005_Layer-32.png,ebay_merge_2026-04-15,2026-04-15T22:41:01Z,261328.0,
2026 Topps Chrome Premier League Evanilson Prizm #8,Evanilson,8,2026 Topps Chrome Premier League,Topps,2026,Premier League,Prizm,https://sportscards.standard.us-east-1.oortstorages.com/new%20card%20scans%202/card%20matcher/classic_photos_0000_Layer-7.png|https://sportscards.standard.us-east-1.oortstorages.com/new%20card%20scans%202/card%20matcher/classic_photos_0010_Layer-8.png,,,,,,AFC Bournemouth,c_bb677ba9,Soccer,2026.0,2026 Topps Chrome Premier League,,8,Evanilson,AFC Bournemouth,Premier League,Prizm,,0.0,0.0,,,raw,1.0,,,USD,,https://sportscards.standard.us-east-1.oortstorages.com/new%20card%20scans%202/card%20matcher/classic_photos_0000_Layer-7.png,https://sportscards.standard.us-east-1.oortstorages.com/new%20card%20scans%202/card%20matcher/classic_photos_0010_Layer-8.png,ebay_merge_2026-04-15,2026-04-15T22:41:01Z,261328.0,
2026 Topps Chrome Premier League Estévão Willian Base #68,Estévão Willian,68,2026 Topps Chrome Premier League,Topps,2026,Premier League,Base,https://sportscards.standard.us-east-1.oortstorages.com/new%20card%20scans%202/card%20matcher/classic_photos_0004_Layer-3.png|https://sportscards.standard.us-east-1.oortstorages.com/new%20card%20scans%202/card%20matcher/classic_photos_0007_Layer-11.png,,,,,,Chelsea FC,c_1cefe07b,Soccer,2026.0,2026 Topps Chrome Premier League,,68,Estévão Willian,Chelsea FC,Premier League,Base,,0.0,0.0,,,raw,1.0,,,USD,,https://sportscards.standard.us-east-1.oortstorages.com/new%20card%20scans%202/card%20matcher/classic_photos_0004_Layer-3.png,https://sportscards.standard.us-east-1.oortstorages.com/new%20card%20scans%202/card%20matcher/classic_photos_0007_Layer-11.png,ebay_merge_2026-04-15,2026-04-15T22:41:01Z,261328.0,
2026 Panini Prizm Monopoly FIFA World Cup Soccer Robert Lewandowski Red Refracto,Robert Lewandowski,84,2026 Panini Prizm Monopoly FIFA World Cup Soccer,Panini,2026,FIFA World Cup,Red Refractor,https://sportscards.standard.us-east-1.oortstorages.com/new%20card%20scans%202/card%20matcher/Monopoly%20image-A224F8C714F8-3_4.png|https://sportscards.standard.us-east-1.oortstorages.com/new%20card%20scans%202/card%20matcher/Monopoly%20image-A224F8C714F8-4_4.png,,,,,,Poland,c_7585b3fe,Soccer,2026.0,2026 Panini Prizm Monopoly FIFA World Cup Soccer,,84,Robert Lewandowski,Poland,FIFA World Cup,Red Refractor,,0.0,0.0,,,raw,1.0,,,USD,,https://sportscards.standard.us-east-1.oortstorages.com/new%20card%20scans%202/card%20matcher/Monopoly%20image-A224F8C714F8-3_4.png,https://sportscards.standard.us-east-1.oortstorages.com/new%20card%20scans%202/card%20matcher/Monopoly%20image-A224F8C714F8-4_4.png,ebay_merge_2026-04-15,2026-04-15T22:41:01Z,261328.0,
2023-24 Panini Select Premier League 110 Kai Havertz Red Ice,Kai Havertz,110,2023-24 Panini Select Premier League,Panini,2023-24,Premier League,Red Ice,https://sportscards.standard.us-east-1.oortstorages.com/new%20card%20scans%202/card%20matcher/Untitled-44_0010_Layer%2025.jpg|https://sportscards.standard.us-east-1.oortstorages.com/new%20card%20scans%202/card%20matcher/Untitled-44_0004_Layer%2031.jpg,,,,,,Arsenal,c_572d11c1,Soccer,2023.0,2023-24 Panini Select Premier League,,110,Kai Havertz,Arsenal,Premier League,Red Ice,,0.0,0.0,,,raw,1.0,,,USD,,https://sportscards.standard.us-east-1.oortstorages.com/new%20card%20scans%202/card%20matcher/Untitled-44_0010_Layer%2025.jpg,https://sportscards.standard.us-east-1.oortstorages.com/new%20card%20scans%202/card%20matcher/Untitled-44_0004_Layer%2031.jpg,ebay_merge_2026-04-15,2026-04-15T22:41:01Z,261328.0,
2026 Panini Prizm Monopoly FIFA World Cup Soccer Alessandro Del Piero Green Wave,Alessandro Del Piero,39,2026 Panini Prizm Monopoly FIFA World Cup Soccer,Panini,2026,FIFA World Cup,Green Wave,https://sportscards.standard.us-east-1.oortstorages.com/new%20card%20scans%202/card%20matcher/Untitled-1_0019_Layer-5.png|https://sportscards.standard.us-east-1.oortstorages.com/new%20card%20scans%202/card%20matcher/Untitled-1_0013_Layer-11.png,,,,,,Italy,c_49271247,Soccer,2026.0,2026 Panini Prizm Monopoly FIFA World Cup Soccer,,39,Alessandro Del Piero,Italy,FIFA World Cup,Green Wave,,0.0,0.0,,,raw,1.0,,,USD,,https://sportscards.standard.us-east-1.oortstorages.com/new%20card%20scans%202/card%20matcher/Untitled-1_0019_Layer-5.png,https://sportscards.standard.us-east-1.oortstorages.com/new%20card%20scans%202/card%20matcher/Untitled-1_0013_Layer-11.png,ebay_merge_2026-04-15,2026-04-15T22:41:01Z,261328.0,
2025 Topps Chrome Sapphire MLS Tim Ream Blue Sapphire #59,Tim Ream,59,2025 Topps Chrome Sapphire MLS,Topps,2025,MLS,Blue Sapphire,https://sportscards.standard.us-east-1.oortstorages.com/new%20card%20scans%202/card%20matcher/tim_ream__2025_topps_chrome_sapphire_mls__charlotte_fc__59__blue_sapphire__front.png|https://sportscards.standard.us-east-1.oortstorages.com/new%20card%20scans%202/card%20matcher/tim_ream__2025_topps_chrome_sapphire_mls__charlotte_fc__59__blue_sapphire__back.png,,,,,,Charlotte FC,c_1e7753ba,Soccer,2025.0,2025 Topps Chrome Sapphire MLS,,59,Tim Ream,Charlotte FC,MLS,Blue Sapphire,,0.0,0.0,,,raw,1.0,,,USD,,https://sportscards.standard.us-east-1.oortstorages.com/new%20card%20scans%202/card%20matcher/tim_ream__2025_topps_chrome_sapphire_mls__charlotte_fc__59__blue_sapphire__front.png,https://sportscards.standard.us-east-1.oortstorages.com/new%20card%20scans%202/card%20matcher/tim_ream__2025_topps_chrome_sapphire_mls__charlotte_fc__59__blue_sapphire__back.png,ebay_merge_2026-04-15,2026-04-15T22:41:01Z,261328.0,
2025 Topps Chrome Sapphire MLS Georgi Minoungou Pitch Prodigies #180,Georgi Minoungou,180,2025 Topps Chrome Sapphire MLS,Topps,2025,MLS,Pitch Prodigies,https://sportscards.standard.us-east-1.oortstorages.com/new%20card%20scans%202/card%20matcher/georgi_minoungou__2025_topps_chrome_sapphire_mls__seattle_sounders__180__pitch_prodigies__front.png|https://sportscards.standard.us-east-1.oortstorages.com/new%20card%20scans%202/card%20matcher/georgi_minoungou__2025_topps_chrome_sapphire_mls__seattle_sounders__180__pitch_prodigies__back.png,,,,,,Seattle Sounders,c_ec40a59f,Soccer,2025.0,2025 Topps Chrome Sapphire MLS,,180,Georgi Minoungou,Seattle Sounders,MLS,Pitch Prodigies,,0.0,0.0,,,raw,1.0,,,USD,,https://sportscards.standard.us-east-1.oortstorages.com/new%20card%20scans%202/card%20matcher/georgi_minoungou__2025_topps_chrome_sapphire_mls__seattle_sounders__180__pitch_prodigies__front.png,https://sportscards.standard.us-east-1.oortstorages.com/new%20card%20scans%202/card%20matcher/georgi_minoungou__2025_topps_chrome_sapphire_mls__seattle_sounders__180__pitch_prodigies__back.png,ebay_merge_2026-04-15,2026-04-15T22:41:01Z,261328.0,
2025 Topps Chrome Sapphire MLS Tadeo Allende Fast Lane #FL-11,Tadeo Allende,FL-11,Topps Chrome Sapphire MLS Sapphire,Topps,2025,MLS,Fast Lane,https://sportscards.standard.us-east-1.oortstorages.com/new%20card%20scans%202/card%20matcher/tadeo_allende__2025_topps_chrome_sapphire_mls_sapphire__inter_miami_fc__fl_11__fast_lane__front.png|https://sportscards.standard.us-east-1.oortstorages.com/new%20card%20scans%202/card%20matcher/tadeo_allende__2025_topps_chrome_sapphire_mls_sapphire__inter_miami_fc__fl_11__fast_lane__back.png,,,,,,Inter Miami FC,c_38b74eb8,Soccer,2025.0,Topps Chrome Sapphire MLS Sapphire,,FL-11,Tadeo Allende,Inter Miami FC,MLS,Fast Lane,,0.0,0.0,,,raw,1.0,,,USD,,https://sportscards.standard.us-east-1.oortstorages.com/new%20card%20scans%202/card%20matcher/tadeo_allende__2025_topps_chrome_sapphire_mls_sapphire__inter_miami_fc__fl_11__fast_lane__front.png,https://sportscards.standard.us-east-1.oortstorages.com/new%20card%20scans%202/card%20matcher/tadeo_allende__2025_topps_chrome_sapphire_mls_sapphire__inter_miami_fc__fl_11__fast_lane__back.png,ebay_merge_2026-04-15,2026-04-15T22:41:01Z,261328.0,
2025 Topps Chrome Sapphire MLS Tadeo Allende Red #28,Tadeo Allende,28,2025 Topps Chrome Sapphire MLS,Topps,2025,MLS,Red,https://sportscards.standard.us-east-1.oortstorages.com/new%20card%20scans%202/card%20matcher/sapphire_scans_0009_Layer-3.png|https://sportscards.standard.us-east-1.oortstorages.com/new%20card%20scans%202/card%20matcher/sapphire_scans_0001_Layer-11.png,,,,,,Inter Miami FC,c_ae716106,Soccer,2025.0,2025 Topps Chrome Sapphire MLS,,28,Tadeo Allende,Inter Miami FC,MLS,Red,,0.0,0.0,,,raw,1.0,,,USD,,https://sportscards.standard.us-east-1.oortstorages.com/new%20card%20scans%202/card%20matcher/sapphire_scans_0009_Layer-3.png,https://sportscards.standard.us-east-1.oortstorages.com/new%20card%20scans%202/card%20matcher/sapphire_scans_0001_Layer-11.png,ebay_merge_2026-04-15,2026-04-15T22:41:01Z,261328.0,
2023-24 Panini Select Premier League Unstoppable 5 Kaoru Mitoma Blue Pulsar,Kaoru Mitoma,5,2023-24 Panini Select Premier League,Panini,2023-24,Premier League,Blue Pulsar,https://sportscards.standard.us-east-1.oortstorages.com/new%20card%20scans%202/card%20matcher/Untitled-36_0003_Layer%2022.jpg|https://sportscards.standard.us-east-1.oortstorages.com/new%20card%20scans%202/card%20matcher/Untitled-36-back_0003_Layer%2028.jpg,,,,,,Brighton & Hove Albion,c_eb4d50cb,Soccer,2023.0,2023-24 Panini Select Premier League,,5,Kaoru Mitoma,Brighton & Hove Albion,Premier League,Blue Pulsar,,0.0,0.0,,,raw,1.0,,,USD,,https://sportscards.standard.us-east-1.oortstorages.com/new%20card%20scans%202/card%20matcher/Untitled-36_0003_Layer%2022.jpg,https://sportscards.standard.us-east-1.oortstorages.com/new%20card%20scans%202/card%20matcher/Untitled-36-back_0003_Layer%2028.jpg,ebay_merge_2026-04-15,2026-04-15T22:41:01Z,261328.0,
